# Blender 4.2.2 LTS
# www.blender.org
mtllib charge_shot_enem.mtl
o Sphere
v 0.000000 7.043860 0.561090
v 0.000000 10.541882 0.374909
v 0.000000 12.434999 0.131650
v 0.000000 12.678613 0.000000
v 0.000000 12.434998 -0.131650
v 0.000000 10.541883 -0.374909
v 0.033471 2.516085 0.661368
v 0.063303 4.758669 0.623450
v 0.091902 6.908516 0.561090
v 0.116970 8.792872 0.477168
v 0.137542 10.339324 0.374909
v 0.152828 11.488441 0.258241
v 0.162241 12.196064 0.131650
v 0.165420 12.434999 0.000000
v 0.162241 12.196064 -0.131650
v 0.152828 11.488441 -0.258241
v 0.137542 10.339324 -0.374909
v 0.116970 8.792872 -0.477168
v 0.091902 6.908515 -0.561090
v 0.063303 4.758668 -0.623450
v 0.033471 2.516085 -0.661368
v 0.065656 2.370101 0.661368
v 0.124174 4.482568 0.623450
v 0.180273 6.507679 0.561090
v 0.229444 8.282705 0.477168
v 0.269798 9.739430 0.374909
v 0.299783 10.821876 0.258241
v 0.318248 11.488441 0.131650
v 0.324483 11.713512 0.000000
v 0.318248 11.488441 -0.131650
v 0.299783 10.821875 -0.258241
v 0.269798 9.739430 -0.374909
v 0.229444 8.282706 -0.477168
v 0.180273 6.507679 -0.561090
v 0.124174 4.482568 -0.623450
v 0.065656 2.370101 -0.661368
v 0.095317 2.133034 0.661368
v 0.180273 4.034204 0.623450
v 0.261716 5.856756 0.561090
v 0.333101 7.454237 0.477168
v 0.391685 8.765254 0.374909
v 0.435218 9.739430 0.258241
v 0.462025 10.339324 0.131650
v 0.471076 10.541883 0.000000
v 0.462025 10.339324 -0.131650
v 0.435218 9.739430 -0.258241
v 0.391685 8.765255 -0.374909
v 0.333101 7.454237 -0.477168
v 0.261716 5.856756 -0.561090
v 0.180273 4.034204 -0.623450
v 0.095317 2.133034 -0.661368
v 0.121316 1.813997 0.661368
v 0.229444 3.430809 0.623450
v 0.333101 4.980762 0.561090
v 0.423957 6.339307 0.477168
v 0.498521 7.454237 0.374909
v 0.553927 8.282703 0.258241
v 0.588046 8.792871 0.131650
v 0.599566 8.965133 0.000000
v 0.588046 8.792871 -0.131650
v 0.553927 8.282703 -0.258241
v 0.498521 7.454237 -0.374909
v 0.423957 6.339308 -0.477168
v 0.333101 4.980762 -0.561090
v 0.229444 3.430809 -0.623450
v 0.121316 1.813997 -0.661368
v 0.142652 1.425248 0.661368
v 0.269798 2.695569 0.623450
v 0.391685 3.913359 0.561090
v 0.498521 4.980762 0.477168
v 0.586199 5.856756 0.374909
v 0.651349 6.507679 0.258241
v 0.691469 6.908515 0.131650
v 0.705015 7.043860 0.000000
v 0.691469 6.908515 -0.131650
v 0.651349 6.507679 -0.258241
v 0.586199 5.856756 -0.374909
v 0.498521 4.980762 -0.477168
v 0.391685 3.913359 -0.561090
v 0.269798 2.695569 -0.623450
v 0.142652 1.425248 -0.661368
v 0.000000 -0.000000 0.677522
v 0.158506 0.981728 0.661368
v 0.299783 1.856740 0.623450
v 0.435218 2.695569 0.561090
v 0.553927 3.430808 0.477168
v 0.651349 4.034204 0.374909
v 0.723740 4.482567 0.258241
v 0.768319 4.758667 0.131650
v 0.783371 4.851894 0.000000
v 0.768319 4.758667 -0.131650
v 0.723740 4.482567 -0.258241
v 0.651349 4.034204 -0.374909
v 0.553927 3.430809 -0.477168
v 0.435218 2.695569 -0.561090
v 0.299783 1.856740 -0.623450
v 0.158506 0.981728 -0.661368
v 0.168270 0.500480 0.661368
v 0.318248 0.946558 0.623450
v 0.462025 1.374189 0.561090
v 0.588046 1.749011 0.477168
v 0.691469 2.056619 0.374909
v 0.768319 2.285193 0.258241
v 0.815643 2.425947 0.131650
v 0.831622 2.473473 0.000000
v 0.815643 2.425947 -0.131650
v 0.768319 2.285193 -0.258241
v 0.691469 2.056619 -0.374909
v 0.588046 1.749011 -0.477168
v 0.462025 1.374189 -0.561090
v 0.318248 0.946558 -0.623450
v 0.168270 0.500480 -0.661368
v 0.171566 -0.000000 0.661368
v 0.324483 -0.000000 0.623450
v 0.471076 -0.000000 0.561090
v 0.599566 -0.000000 0.477168
v 0.705015 -0.000001 0.374909
v 0.783371 0.000000 0.258241
v 0.831622 -0.000001 0.131650
v 0.847915 -0.000002 0.000000
v 0.831622 -0.000001 -0.131650
v 0.783371 0.000000 -0.258241
v 0.705015 -0.000001 -0.374909
v 0.599566 -0.000000 -0.477168
v 0.471076 -0.000000 -0.561090
v 0.324483 -0.000000 -0.623450
v 0.171566 -0.000000 -0.661368
v 0.168270 -0.500481 0.661368
v 0.318248 -0.946558 0.623450
v 0.462024 -1.374190 0.561090
v 0.588046 -1.749011 0.477168
v 0.691468 -2.056620 0.374909
v 0.768319 -2.285193 0.258241
v 0.815643 -2.425949 0.131650
v 0.831622 -2.473476 0.000000
v 0.815643 -2.425949 -0.131650
v 0.768319 -2.285193 -0.258241
v 0.691469 -2.056620 -0.374909
v 0.588046 -1.749011 -0.477168
v 0.462025 -1.374189 -0.561090
v 0.318248 -0.946558 -0.623450
v 0.168270 -0.500481 -0.661368
v 0.158506 -0.981728 0.661368
v 0.299783 -1.856740 0.623450
v 0.435218 -2.695569 0.561090
v 0.553927 -3.430809 0.477168
v 0.651349 -4.034204 0.374909
v 0.723740 -4.482567 0.258241
v 0.768319 -4.758668 0.131650
v 0.783371 -4.851897 0.000000
v 0.768319 -4.758668 -0.131650
v 0.723740 -4.482567 -0.258241
v 0.651349 -4.034204 -0.374909
v 0.553927 -3.430809 -0.477168
v 0.435218 -2.695569 -0.561090
v 0.299783 -1.856741 -0.623450
v 0.158506 -0.981728 -0.661368
v 0.142652 -1.425248 0.661368
v 0.269798 -2.695569 0.623450
v 0.391685 -3.913359 0.561090
v 0.498521 -4.980762 0.477168
v 0.586199 -5.856756 0.374909
v 0.651349 -6.507678 0.258241
v 0.691468 -6.908515 0.131650
v 0.705015 -7.043861 0.000000
v 0.691468 -6.908515 -0.131650
v 0.651349 -6.507679 -0.258241
v 0.586199 -5.856756 -0.374909
v 0.498521 -4.980762 -0.477168
v 0.391685 -3.913359 -0.561090
v 0.269798 -2.695569 -0.623450
v 0.142652 -1.425248 -0.661368
v 0.121316 -1.813996 0.661368
v 0.229444 -3.430809 0.623450
v 0.333101 -4.980762 0.561090
v 0.423957 -6.339307 0.477168
v 0.498521 -7.454236 0.374909
v 0.553927 -8.282703 0.258241
v 0.588046 -8.792871 0.131650
v 0.599566 -8.965133 0.000000
v 0.588046 -8.792871 -0.131650
v 0.553927 -8.282703 -0.258241
v 0.498521 -7.454236 -0.374909
v 0.423957 -6.339307 -0.477168
v 0.333101 -4.980762 -0.561090
v 0.229444 -3.430808 -0.623450
v 0.121316 -1.813996 -0.661368
v 0.095317 -2.133034 0.661368
v 0.180273 -4.034204 0.623450
v 0.261716 -5.856756 0.561090
v 0.333101 -7.454236 0.477168
v 0.391685 -8.765254 0.374909
v 0.435218 -9.739429 0.258241
v 0.462024 -10.339323 0.131650
v 0.471076 -10.541882 0.000000
v 0.462024 -10.339323 -0.131650
v 0.435218 -9.739429 -0.258241
v 0.391685 -8.765254 -0.374909
v 0.333101 -7.454236 -0.477168
v 0.261716 -5.856756 -0.561090
v 0.180273 -4.034204 -0.623450
v 0.095317 -2.133034 -0.661368
v 0.065656 -2.370100 0.661368
v 0.124174 -4.482567 0.623450
v 0.180273 -6.507678 0.561090
v 0.229444 -8.282702 0.477168
v 0.269798 -9.739429 0.374909
v 0.299783 -10.821874 0.258241
v 0.318248 -11.488440 0.131650
v 0.324483 -11.713510 0.000000
v 0.318248 -11.488440 -0.131650
v 0.299783 -10.821874 -0.258241
v 0.269798 -9.739429 -0.374909
v 0.229444 -8.282703 -0.477168
v 0.180273 -6.507678 -0.561090
v 0.124174 -4.482566 -0.623450
v 0.065656 -2.370100 -0.661368
v 0.033471 -2.516084 0.661368
v 0.063303 -4.758667 0.623450
v 0.091902 -6.908513 0.561090
v 0.116970 -8.792871 0.477168
v 0.137542 -10.339322 0.374909
v 0.152828 -11.488440 0.258241
v 0.162241 -12.196062 0.131650
v 0.165420 -12.434995 0.000000
v 0.162241 -12.196061 -0.131650
v 0.152828 -11.488440 -0.258241
v 0.137542 -10.339322 -0.374909
v 0.116970 -8.792871 -0.477168
v 0.091902 -6.908514 -0.561090
v 0.063303 -4.758667 -0.623450
v 0.033471 -2.516085 -0.661368
v -0.000000 -2.565378 0.661368
v -0.000000 -4.851895 0.623450
v -0.000000 -7.043859 0.561090
v -0.000000 -8.965133 0.477168
v -0.000000 -10.541882 0.374909
v -0.000000 -11.713510 0.258241
v -0.000000 -12.434996 0.131650
v -0.000000 -12.678609 0.000000
v -0.000000 -12.434996 -0.131650
v -0.000000 -11.713511 -0.258241
v -0.000000 -10.541882 -0.374909
v -0.000000 -8.965133 -0.477168
v -0.000000 -7.043859 -0.561090
v -0.000000 -4.851895 -0.623450
v -0.000000 -2.565378 -0.661368
v -0.033471 -2.516085 0.661368
v -0.063303 -4.758667 0.623450
v -0.091902 -6.908513 0.561090
v -0.116970 -8.792871 0.477168
v -0.137542 -10.339322 0.374909
v -0.152828 -11.488439 0.258241
v -0.162242 -12.196060 0.131650
v -0.165420 -12.434993 0.000000
v -0.162242 -12.196060 -0.131650
v -0.152828 -11.488440 -0.258241
v -0.137542 -10.339322 -0.374909
v -0.116970 -8.792871 -0.477168
v -0.091902 -6.908513 -0.561090
v -0.063303 -4.758667 -0.623450
v -0.033471 -2.516084 -0.661368
v -0.065656 -2.370100 0.661368
v -0.124174 -4.482566 0.623450
v -0.180273 -6.507677 0.561090
v -0.229444 -8.282702 0.477168
v -0.269798 -9.739428 0.374909
v -0.299783 -10.821871 0.258241
v -0.318248 -11.488437 0.131650
v -0.324483 -11.713505 0.000000
v -0.318248 -11.488438 -0.131650
v -0.299783 -10.821872 -0.258241
v -0.269798 -9.739428 -0.374909
v -0.229444 -8.282702 -0.477168
v -0.180273 -6.507676 -0.561090
v -0.124174 -4.482566 -0.623450
v -0.065656 -2.370100 -0.661368
v -0.095317 -2.133033 0.661368
v -0.180273 -4.034203 0.623450
v -0.261716 -5.856754 0.561090
v -0.333101 -7.454235 0.477168
v -0.391685 -8.765252 0.374909
v -0.435217 -9.739429 0.258241
v -0.462025 -10.339318 0.131650
v -0.471076 -10.541876 0.000000
v -0.462025 -10.339318 -0.131650
v -0.435217 -9.739429 -0.258241
v -0.391685 -8.765253 -0.374909
v -0.333101 -7.454235 -0.477168
v -0.261716 -5.856753 -0.561090
v -0.180273 -4.034203 -0.623450
v -0.095317 -2.133034 -0.661368
v -0.121316 -1.813995 0.661368
v -0.229444 -3.430807 0.623450
v -0.333101 -4.980758 0.561090
v -0.423957 -6.339305 0.477168
v -0.498521 -7.454235 0.374909
v -0.553927 -8.282701 0.258241
v -0.588046 -8.792868 0.131650
v -0.599566 -8.965127 0.000000
v -0.588046 -8.792868 -0.131650
v -0.553927 -8.282701 -0.258241
v -0.498521 -7.454235 -0.374909
v -0.423957 -6.339306 -0.477168
v -0.333101 -4.980758 -0.561090
v -0.229444 -3.430807 -0.623450
v -0.121316 -1.813995 -0.661368
v 0.000000 -0.000000 -0.677522
v -0.142652 -1.425247 0.661368
v -0.269798 -2.695567 0.623450
v -0.391685 -3.913357 0.561090
v -0.498521 -4.980760 0.477168
v -0.586199 -5.856754 0.374909
v -0.651349 -6.507677 0.258241
v -0.691468 -6.908511 0.131650
v -0.705015 -7.043853 0.000000
v -0.691468 -6.908510 -0.131650
v -0.651349 -6.507677 -0.258241
v -0.586199 -5.856754 -0.374909
v -0.498521 -4.980760 -0.477168
v -0.391685 -3.913357 -0.561090
v -0.269798 -2.695567 -0.623450
v -0.142652 -1.425247 -0.661368
v -0.158506 -0.981727 0.661368
v -0.299783 -1.856739 0.623450
v -0.435217 -2.695566 0.561090
v -0.553927 -3.430807 0.477168
v -0.651349 -4.034201 0.374909
v -0.723740 -4.482565 0.258241
v -0.768318 -4.758663 0.131650
v -0.783371 -4.851888 0.000000
v -0.768319 -4.758663 -0.131650
v -0.723740 -4.482565 -0.258241
v -0.651349 -4.034201 -0.374909
v -0.553927 -3.430807 -0.477168
v -0.435217 -2.695566 -0.561090
v -0.299783 -1.856739 -0.623450
v -0.158506 -0.981727 -0.661368
v -0.168270 -0.500480 0.661368
v -0.318248 -0.946557 0.623450
v -0.462024 -1.374187 0.561090
v -0.588045 -1.749010 0.477168
v -0.691468 -2.056617 0.374909
v -0.768319 -2.285192 0.258241
v -0.815643 -2.425944 0.131650
v -0.831622 -2.473469 0.000000
v -0.815643 -2.425944 -0.131650
v -0.768319 -2.285192 -0.258241
v -0.691468 -2.056617 -0.374909
v -0.588046 -1.749010 -0.477168
v -0.462024 -1.374187 -0.561090
v -0.318248 -0.946557 -0.623450
v -0.168270 -0.500480 -0.661368
v -0.171566 0.000000 0.661368
v -0.324483 0.000001 0.623450
v -0.471076 0.000001 0.561090
v -0.599566 0.000001 0.477168
v -0.705015 0.000002 0.374909
v -0.783371 0.000001 0.258241
v -0.831622 0.000003 0.131650
v -0.847914 0.000005 0.000000
v -0.831622 0.000003 -0.131650
v -0.783371 0.000001 -0.258241
v -0.705015 0.000002 -0.374909
v -0.599566 0.000001 -0.477168
v -0.471076 0.000001 -0.561090
v -0.324483 0.000001 -0.623450
v -0.171566 0.000000 -0.661368
v -0.168270 0.500480 0.661368
v -0.318248 0.946558 0.623450
v -0.462024 1.374190 0.561090
v -0.588046 1.749011 0.477168
v -0.691468 2.056620 0.374909
v -0.768318 2.285193 0.258242
v -0.815642 2.425950 0.131650
v -0.831621 2.473479 0.000000
v -0.815642 2.425950 -0.131650
v -0.768318 2.285193 -0.258241
v -0.691468 2.056620 -0.374909
v -0.588045 1.749011 -0.477168
v -0.462024 1.374190 -0.561090
v -0.318248 0.946558 -0.623450
v -0.168270 0.500480 -0.661368
v -0.158506 0.981728 0.661368
v -0.299783 1.856740 0.623450
v -0.435217 2.695569 0.561090
v -0.553927 3.430808 0.477168
v -0.651349 4.034204 0.374909
v -0.723740 4.482567 0.258241
v -0.768318 4.758668 0.131650
v -0.783370 4.851897 0.000000
v -0.768318 4.758669 -0.131650
v -0.723740 4.482567 -0.258241
v -0.651349 4.034204 -0.374909
v -0.553927 3.430809 -0.477168
v -0.435217 2.695569 -0.561090
v -0.299783 1.856740 -0.623450
v -0.158506 0.981728 -0.661368
v -0.142652 1.425247 0.661368
v -0.269797 2.695568 0.623450
v -0.391685 3.913359 0.561090
v -0.498521 4.980761 0.477168
v -0.586198 5.856755 0.374909
v -0.651349 6.507677 0.258241
v -0.691468 6.908515 0.131650
v -0.705015 7.043860 0.000000
v -0.691468 6.908514 -0.131650
v -0.651349 6.507677 -0.258241
v -0.586198 5.856755 -0.374909
v -0.498521 4.980762 -0.477168
v -0.391685 3.913358 -0.561090
v -0.269797 2.695568 -0.623450
v -0.142652 1.425247 -0.661368
v -0.121316 1.813996 0.661368
v -0.229444 3.430807 0.623450
v -0.333101 4.980760 0.561090
v -0.423957 6.339306 0.477168
v -0.498521 7.454235 0.374909
v -0.553927 8.282701 0.258241
v -0.588045 8.792870 0.131650
v -0.599565 8.965132 0.000000
v -0.588045 8.792870 -0.131650
v -0.553927 8.282701 -0.258241
v -0.498521 7.454235 -0.374909
v -0.423957 6.339306 -0.477168
v -0.333101 4.980760 -0.561090
v -0.229444 3.430807 -0.623450
v -0.121316 1.813995 -0.661368
v -0.095317 2.133033 0.661368
v -0.180273 4.034202 0.623450
v -0.261716 5.856754 0.561090
v -0.333101 7.454235 0.477168
v -0.391685 8.765252 0.374909
v -0.435217 9.739427 0.258241
v -0.462024 10.339320 0.131650
v -0.471075 10.541878 0.000000
v -0.462024 10.339320 -0.131650
v -0.435217 9.739427 -0.258241
v -0.391685 8.765252 -0.374909
v -0.333101 7.454235 -0.477168
v -0.261716 5.856754 -0.561090
v -0.180273 4.034202 -0.623450
v -0.095317 2.133033 -0.661368
v -0.065655 2.370099 0.661368
v -0.124174 4.482565 0.623450
v -0.180273 6.507675 0.561090
v -0.229444 8.282702 0.477168
v -0.269797 9.739427 0.374909
v -0.299783 10.821870 0.258241
v -0.318248 11.488436 0.131650
v -0.324482 11.713504 0.000000
v -0.318248 11.488436 -0.131650
v -0.299783 10.821870 -0.258241
v -0.269797 9.739427 -0.374909
v -0.229444 8.282702 -0.477168
v -0.180273 6.507675 -0.561090
v -0.124174 4.482565 -0.623450
v -0.065655 2.370099 -0.661368
v -0.033471 2.516083 0.661368
v -0.063303 4.758666 0.623450
v -0.091902 6.908511 0.561090
v -0.116969 8.792870 0.477168
v -0.137541 10.339321 0.374909
v -0.152828 11.488436 0.258241
v -0.162241 12.196058 0.131650
v -0.165419 12.434990 0.000000
v -0.162241 12.196058 -0.131650
v -0.152828 11.488437 -0.258241
v -0.137541 10.339319 -0.374909
v -0.116969 8.792869 -0.477168
v -0.091902 6.908510 -0.561090
v -0.063303 4.758665 -0.623450
v -0.033471 2.516083 -0.661368
v 0.000000 2.565377 0.661368
v 0.000000 4.851895 0.623450
v 0.000000 8.965134 0.477168
v 0.000000 11.713510 0.258241
v 0.000000 11.713509 -0.258241
v 0.000000 8.965133 -0.477168
v 0.000000 7.043857 -0.561090
v 0.000000 4.851893 -0.623450
v 0.000000 2.565377 -0.661368
v 0.000000 12.617514 0.066143
v 0.000000 12.617515 -0.066143
v 0.048169 3.620943 0.645697
v 0.077978 5.861795 0.595134
v 0.104941 7.888649 0.521639
v 0.127871 9.612348 0.428098
v 0.145887 10.966647 0.318106
v 0.158296 11.899507 0.195888
v 0.164623 12.375073 0.066143
v 0.164623 12.375073 -0.066143
v 0.158296 11.899507 -0.195888
v 0.145887 10.966647 -0.318106
v 0.127871 9.612347 -0.428098
v 0.104941 7.888649 -0.521639
v 0.077978 5.861795 -0.595134
v 0.048169 3.620943 -0.645697
v 0.081513 12.375072 -0.131650
v 0.083110 12.617517 0.000000
v 0.046173 7.009915 0.561090
v 0.069103 10.491079 -0.374909
v 0.069103 10.491080 0.374909
v 0.081513 12.375072 0.131650
v 0.094486 3.410854 0.645697
v 0.152960 5.521691 0.595134
v 0.205849 7.430945 0.521639
v 0.250828 9.054633 0.428098
v 0.286167 10.330357 0.318106
v 0.310510 11.209090 0.195888
v 0.322919 11.657064 0.066143
v 0.322919 11.657064 -0.066143
v 0.310510 11.209091 -0.195888
v 0.286167 10.330356 -0.318106
v 0.250828 9.054633 -0.428098
v 0.205849 7.430946 -0.521639
v 0.152960 5.521691 -0.595134
v 0.094486 3.410854 -0.645697
v 0.241406 11.899507 0.131650
v 0.227400 11.209089 0.258242
v 0.050255 2.477211 -0.661247
v 0.094192 4.642958 -0.623450
v 0.246136 12.132630 0.000000
v 0.050255 2.477212 0.661247
v 0.241406 11.899508 -0.131650
v 0.094192 4.642957 0.623450
v 0.227400 11.209090 -0.258241
v 0.136746 6.740530 0.561090
v 0.204654 10.087914 -0.374909
v 0.174044 8.579066 0.477168
v 0.174044 8.579066 -0.477168
v 0.204654 10.087914 0.374909
v 0.136746 6.740529 -0.561090
v 0.137173 3.069687 0.645697
v 0.222063 4.969390 0.595134
v 0.298846 6.687674 0.521639
v 0.364145 8.148954 0.428098
v 0.415450 9.297074 0.318106
v 0.450790 10.087914 0.195888
v 0.468806 10.491080 0.066143
v 0.468806 10.491080 -0.066143
v 0.450790 10.087914 -0.195888
v 0.415450 9.297074 -0.318106
v 0.364145 8.148954 -0.428098
v 0.298846 6.687674 -0.521639
v 0.222063 4.969390 -0.595134
v 0.137173 3.069687 -0.645697
v 0.332341 9.297073 -0.374909
v 0.369277 10.330356 -0.258241
v 0.282632 7.906512 0.477168
v 0.222063 6.212107 0.561090
v 0.282632 7.906512 -0.477168
v 0.332341 9.297073 0.374909
v 0.222063 6.212107 -0.561090
v 0.369277 10.330357 0.258242
v 0.152960 4.278974 -0.623450
v 0.392022 10.966647 0.131650
v 0.081610 2.283011 -0.661247
v 0.399703 11.181496 0.000000
v 0.081610 2.283011 0.661247
v 0.392023 10.966647 -0.131650
v 0.152960 4.278974 0.623450
v 0.174587 2.610554 0.645697
v 0.282632 4.226119 0.595134
v 0.380359 5.687399 0.521639
v 0.463469 6.930116 0.428098
v 0.528768 7.906511 0.318106
v 0.573747 8.579064 0.195888
v 0.596677 8.921930 0.066143
v 0.596677 8.921929 -0.066143
v 0.573747 8.579065 -0.195888
v 0.528768 7.906512 -0.318106
v 0.463469 6.930116 -0.428098
v 0.380359 5.687399 -0.521639
v 0.282632 4.226119 -0.595134
v 0.174587 2.610554 -0.645697
v 0.109829 2.001076 -0.661247
v 0.205849 3.750552 -0.623450
v 0.537909 9.800663 0.000000
v 0.527574 9.612348 0.131650
v 0.109829 2.001076 0.661247
v 0.527574 9.612348 -0.131650
v 0.205849 3.750551 0.623450
v 0.496963 9.054633 -0.258241
v 0.298846 5.444957 0.561090
v 0.447255 8.148953 -0.374909
v 0.380359 6.930116 0.477168
v 0.380359 6.930117 -0.477168
v 0.447255 8.148954 0.374909
v 0.298846 5.444957 -0.561090
v 0.496963 9.054633 0.258242
v 0.205293 2.051099 0.645697
v 0.332341 3.320440 0.595134
v 0.447255 4.468561 0.521639
v 0.544982 5.444957 0.428098
v 0.621765 6.212107 0.318106
v 0.674655 6.740529 0.195888
v 0.701618 7.009915 0.066143
v 0.701618 7.009915 -0.066143
v 0.674655 6.740529 -0.195888
v 0.621766 6.212107 -0.318106
v 0.544982 5.444957 -0.428098
v 0.447255 4.468561 -0.521639
v 0.332341 3.320440 -0.595134
v 0.205293 2.051099 -0.645697
v 0.463469 5.687399 -0.477168
v 0.544982 6.687674 -0.374909
v 0.544982 6.687674 0.374909
v 0.463469 5.687399 0.477168
v 0.364145 4.468560 -0.561090
v 0.605552 7.430946 0.258242
v 0.250828 3.077998 -0.623450
v 0.642850 7.888649 0.131650
v 0.133827 1.642240 -0.661247
v 0.655444 8.043196 0.000000
v 0.133827 1.642240 0.661247
v 0.642850 7.888649 -0.131650
v 0.250828 3.077998 0.623450
v 0.605552 7.430945 -0.258241
v 0.364145 4.468560 0.561090
v 0.093744 0.580611 0.670584
v 0.228110 1.412821 0.645697
v 0.369277 2.287159 0.595134
v 0.496963 3.077998 0.521639
v 0.605552 3.750551 0.428098
v 0.690869 4.278973 0.318106
v 0.749636 4.642957 0.195888
v 0.779596 4.828512 0.066143
v 0.779596 4.828512 -0.066143
v 0.749636 4.642957 -0.195888
v 0.690869 4.278973 -0.318106
v 0.605552 3.750551 -0.428098
v 0.496963 3.077998 -0.521639
v 0.369277 2.287159 -0.595134
v 0.228110 1.412822 -0.645697
v 0.152682 1.220295 0.661247
v 0.152682 1.220295 -0.661247
v 0.733422 5.861794 -0.131650
v 0.747791 5.976633 0.000000
v 0.286167 2.287158 0.623450
v 0.690869 5.521690 -0.258241
v 0.415450 3.320440 0.561090
v 0.621765 4.969389 -0.374909
v 0.528768 4.226119 0.477168
v 0.528768 4.226119 -0.477168
v 0.621765 4.969389 0.374909
v 0.415450 3.320440 -0.561090
v 0.690869 5.521691 0.258242
v 0.286167 2.287159 -0.623450
v 0.733422 5.861794 0.131650
v 0.242160 0.720250 0.645697
v 0.392023 1.165983 0.595134
v 0.527573 1.569150 0.521639
v 0.642850 1.912014 0.428098
v 0.733422 2.181401 0.318106
v 0.795810 2.366959 0.195888
v 0.827614 2.461554 0.066143
v 0.827614 2.461554 -0.066143
v 0.795810 2.366959 -0.195888
v 0.733422 2.181401 -0.318106
v 0.642850 1.912014 -0.428098
v 0.527574 1.569150 -0.521639
v 0.392022 1.165983 -0.595134
v 0.242160 0.720250 -0.645697
v 0.674655 3.060135 0.374909
v 0.573747 2.602431 0.477168
v 0.450790 2.044717 -0.561090
v 0.573747 2.602431 -0.477168
v 0.749636 3.400240 0.258242
v 0.310510 1.408425 -0.623450
v 0.795810 3.609674 0.131650
v 0.165670 0.751454 -0.661247
v 0.811400 3.680392 0.000000
v 0.165670 0.751454 0.661247
v 0.795810 3.609674 -0.131650
v 0.310510 1.408425 0.623450
v 0.749636 3.400240 -0.258241
v 0.450790 2.044717 0.561090
v 0.674655 3.060135 -0.374909
v 0.246904 -0.000000 0.645697
v 0.399703 -0.000000 0.595134
v 0.537909 -0.000000 0.521639
v 0.655444 -0.000000 0.428098
v 0.747791 -0.000000 0.318106
v 0.811400 -0.000000 0.195888
v 0.843828 -0.000001 0.066143
v 0.843828 -0.000002 -0.066143
v 0.811401 -0.000000 -0.195888
v 0.747791 -0.000000 -0.318106
v 0.655444 -0.000000 -0.428098
v 0.537909 -0.000000 -0.521639
v 0.399703 -0.000000 -0.595134
v 0.246904 -0.000000 -0.645697
v 0.827614 1.218837 -0.131650
v 0.843828 1.242715 0.000000
v 0.322919 0.475567 0.623450
v 0.172291 0.253735 0.661247
v 0.779596 1.148121 -0.258241
v 0.468806 0.690416 0.561090
v 0.701618 1.033280 -0.374909
v 0.596677 0.878733 0.477168
v 0.596677 0.878733 -0.477168
v 0.701618 1.033280 0.374909
v 0.468806 0.690416 -0.561090
v 0.779596 1.148121 0.258242
v 0.322919 0.475567 -0.623450
v 0.827614 1.218837 0.131650
v 0.172291 0.253735 -0.661247
v 0.242160 -0.720250 0.645697
v 0.392022 -1.165984 0.595134
v 0.527573 -1.569150 0.521639
v 0.642850 -1.912015 0.428098
v 0.733422 -2.181402 0.318106
v 0.795810 -2.366959 0.195888
v 0.827614 -2.461556 0.066143
v 0.827614 -2.461556 -0.066143
v 0.795810 -2.366959 -0.195888
v 0.733422 -2.181402 -0.318106
v 0.642850 -1.912015 -0.428098
v 0.527573 -1.569150 -0.521639
v 0.392022 -1.165984 -0.595134
v 0.242160 -0.720250 -0.645697
v 0.468806 -0.690417 -0.561090
v 0.596677 -0.878733 -0.477168
v 0.779596 -1.148121 0.258242
v 0.701618 -1.033282 0.374909
v 0.322919 -0.475567 -0.623450
v 0.827614 -1.218839 0.131650
v 0.172291 -0.253735 -0.661247
v 0.843828 -1.242718 0.000000
v 0.172291 -0.253735 0.661247
v 0.827614 -1.218839 -0.131650
v 0.322919 -0.475567 0.623450
v 0.779596 -1.148121 -0.258241
v 0.468806 -0.690417 0.561090
v 0.701618 -1.033282 -0.374909
v 0.596677 -0.878734 0.477168
v 0.228109 -1.412822 0.645697
v 0.369277 -2.287159 0.595134
v 0.496963 -3.077998 0.521639
v 0.605552 -3.750552 0.428098
v 0.690869 -4.278973 0.318106
v 0.749636 -4.642957 0.195888
v 0.779596 -4.828515 0.066143
v 0.779596 -4.828515 -0.066143
v 0.749636 -4.642957 -0.195888
v 0.690869 -4.278973 -0.318106
v 0.605551 -3.750552 -0.428098
v 0.496963 -3.077998 -0.521639
v 0.369277 -2.287159 -0.595134
v 0.228109 -1.412822 -0.645697
v 0.310510 -1.408426 0.623450
v 0.165670 -0.751454 0.661247
v 0.749636 -3.400240 -0.258241
v 0.795810 -3.609677 -0.131650
v 0.450790 -2.044717 0.561090
v 0.674655 -3.060136 -0.374909
v 0.573747 -2.602431 0.477168
v 0.573747 -2.602431 -0.477168
v 0.674655 -3.060136 0.374909
v 0.450790 -2.044717 -0.561090
v 0.749636 -3.400240 0.258242
v 0.310510 -1.408426 -0.623450
v 0.795810 -3.609676 0.131650
v 0.165670 -0.751454 -0.661247
v 0.811400 -3.680394 0.000000
v 0.205293 -2.051099 0.645697
v 0.332341 -3.320440 0.595134
v 0.447255 -4.468561 0.521639
v 0.544982 -5.444957 0.428098
v 0.621765 -6.212106 0.318106
v 0.674655 -6.740529 0.195888
v 0.701617 -7.009915 0.066143
v 0.701617 -7.009915 -0.066143
v 0.674655 -6.740528 -0.195888
v 0.621765 -6.212106 -0.318106
v 0.544982 -5.444957 -0.428098
v 0.447255 -4.468561 -0.521639
v 0.332341 -3.320440 -0.595134
v 0.205293 -2.051099 -0.645697
v 0.690869 -5.521690 0.258242
v 0.621765 -4.969390 0.374909
v 0.286167 -2.287159 -0.623450
v 0.415450 -3.320440 -0.561090
v 0.733422 -5.861795 0.131650
v 0.152682 -1.220295 -0.661247
v 0.747791 -5.976635 0.000000
v 0.152682 -1.220295 0.661247
v 0.733422 -5.861795 -0.131650
v 0.286167 -2.287159 0.623450
v 0.690869 -5.521690 -0.258241
v 0.415450 -3.320440 0.561090
v 0.621765 -4.969390 -0.374909
v 0.528768 -4.226119 0.477168
v 0.528768 -4.226119 -0.477168
v 0.174587 -2.610554 0.645697
v 0.282632 -4.226119 0.595134
v 0.380359 -5.687399 0.521639
v 0.463469 -6.930115 0.428098
v 0.528768 -7.906511 0.318106
v 0.573747 -8.579065 0.195888
v 0.596677 -8.921930 0.066143
v 0.596677 -8.921930 -0.066143
v 0.573747 -8.579066 -0.195888
v 0.528768 -7.906512 -0.318106
v 0.463469 -6.930116 -0.428098
v 0.380359 -5.687399 -0.521639
v 0.282632 -4.226119 -0.595134
v 0.174587 -2.610554 -0.645697
v 0.605551 -7.430945 -0.258241
v 0.642850 -7.888649 -0.131650
v 0.364145 -4.468561 0.561090
v 0.250828 -3.077998 0.623450
v 0.544982 -6.687674 -0.374909
v 0.463469 -5.687399 0.477168
v 0.463469 -5.687399 -0.477168
v 0.544982 -6.687674 0.374909
v 0.364145 -4.468561 -0.561090
v 0.605551 -7.430945 0.258242
v 0.250828 -3.077998 -0.623450
v 0.642850 -7.888649 0.131650
v 0.133827 -1.642240 -0.661247
v 0.655444 -8.043197 0.000000
v 0.133827 -1.642240 0.661247
v 0.137172 -3.069687 0.645697
v 0.222063 -4.969389 0.595134
v 0.298846 -6.687673 0.521639
v 0.364145 -8.148953 0.428098
v 0.415450 -9.297073 0.318106
v 0.450790 -10.087913 0.195888
v 0.468806 -10.491078 0.066143
v 0.468806 -10.491078 -0.066143
v 0.450790 -10.087913 -0.195888
v 0.415450 -9.297073 -0.318106
v 0.364145 -8.148953 -0.428098
v 0.298846 -6.687674 -0.521639
v 0.222063 -4.969389 -0.595134
v 0.137172 -3.069687 -0.645697
v 0.205849 -3.750551 -0.623450
v 0.298846 -5.444957 -0.561090
v 0.527573 -9.612346 0.131650
v 0.496963 -9.054632 0.258242
v 0.109829 -2.001075 -0.661247
v 0.537909 -9.800662 0.000000
v 0.109829 -2.001076 0.661247
v 0.527573 -9.612346 -0.131650
v 0.205849 -3.750552 0.623450
v 0.496963 -9.054632 -0.258241
v 0.298846 -5.444957 0.561090
v 0.447255 -8.148952 -0.374909
v 0.380359 -6.930117 0.477168
v 0.380359 -6.930117 -0.477168
v 0.447255 -8.148953 0.374909
v 0.094486 -3.410853 0.645697
v 0.152959 -5.521689 0.595134
v 0.205849 -7.430945 0.521639
v 0.250828 -9.054632 0.428098
v 0.286167 -10.330354 0.318106
v 0.310509 -11.209087 0.195888
v 0.322919 -11.657061 0.066143
v 0.322919 -11.657062 -0.066143
v 0.310509 -11.209087 -0.195888
v 0.286167 -10.330354 -0.318106
v 0.250828 -9.054631 -0.428098
v 0.205849 -7.430945 -0.521639
v 0.152959 -5.521689 -0.595134
v 0.094486 -3.410853 -0.645697
v 0.332340 -9.297073 -0.374909
v 0.369277 -10.330354 -0.258241
v 0.282632 -7.906511 0.477168
v 0.222063 -6.212106 0.561090
v 0.282632 -7.906511 -0.477168
v 0.332340 -9.297073 0.374909
v 0.222063 -6.212106 -0.561090
v 0.369277 -10.330354 0.258242
v 0.152960 -4.278973 -0.623450
v 0.392022 -10.966646 0.131650
v 0.081610 -2.283010 -0.661247
v 0.399702 -11.181494 0.000000
v 0.081610 -2.283010 0.661247
v 0.392022 -10.966646 -0.131650
v 0.152959 -4.278973 0.623450
v 0.048169 -3.620942 0.645697
v 0.077978 -5.861794 0.595134
v 0.104941 -7.888648 0.521639
v 0.127871 -9.612346 0.428098
v 0.145887 -10.966646 0.318106
v 0.158296 -11.899504 0.195888
v 0.164623 -12.375069 0.066143
v 0.164623 -12.375069 -0.066143
v 0.158296 -11.899504 -0.195888
v 0.145887 -10.966645 -0.318106
v 0.127871 -9.612346 -0.428098
v 0.104941 -7.888648 -0.521639
v 0.077978 -5.861794 -0.595134
v 0.048169 -3.620942 -0.645697
v 0.050255 -2.477211 -0.661247
v 0.094192 -4.642956 -0.623450
v 0.246135 -12.132627 0.000000
v 0.241406 -11.899504 0.131650
v 0.050255 -2.477210 0.661247
v 0.241406 -11.899504 -0.131650
v 0.094192 -4.642956 0.623450
v 0.227400 -11.209087 -0.258241
v 0.136746 -6.740527 0.561090
v 0.204654 -10.087912 -0.374909
v 0.174044 -8.579065 0.477168
v 0.174044 -8.579065 -0.477168
v 0.204654 -10.087913 0.374909
v 0.136746 -6.740527 -0.561090
v 0.227400 -11.209087 0.258242
v -0.000000 -3.691880 0.645697
v -0.000000 -5.976633 0.595134
v -0.000000 -8.043196 0.521639
v -0.000000 -9.800663 0.428098
v -0.000000 -11.181495 0.318106
v -0.000000 -12.132628 0.195888
v -0.000000 -12.617509 0.066143
v -0.000000 -12.617510 -0.066143
v -0.000000 -12.132629 -0.195888
v -0.000000 -11.181495 -0.318106
v -0.000000 -9.800662 -0.428098
v -0.000000 -8.043196 -0.521639
v -0.000000 -5.976633 -0.595134
v -0.000000 -3.691880 -0.645697
v 0.058767 -8.921929 0.477168
v 0.046173 -7.009914 0.561090
v 0.058767 -8.921928 -0.477168
v 0.069103 -10.491078 -0.374909
v 0.069103 -10.491078 0.374909
v 0.046173 -7.009914 -0.561090
v 0.076783 -11.657062 0.258242
v 0.031805 -4.828514 -0.623450
v 0.081513 -12.375070 0.131650
v 0.016969 -2.576212 -0.661247
v 0.083110 -12.617510 0.000000
v 0.016969 -2.576212 0.661247
v 0.081513 -12.375070 -0.131650
v 0.031805 -4.828513 0.623450
v 0.076783 -11.657062 -0.258241
v -0.048169 -3.620942 0.645697
v -0.077978 -5.861794 0.595134
v -0.104941 -7.888647 0.521639
v -0.127871 -9.612345 0.428098
v -0.145887 -10.966644 0.318106
v -0.158296 -11.899505 0.195888
v -0.164623 -12.375067 0.066143
v -0.164623 -12.375068 -0.066143
v -0.158296 -11.899504 -0.195888
v -0.145887 -10.966643 -0.318106
v -0.127871 -9.612345 -0.428098
v -0.104941 -7.888648 -0.521639
v -0.077978 -5.861794 -0.595134
v -0.048169 -3.620942 -0.645697
v -0.083110 -12.617509 0.000000
v -0.081513 -12.375070 0.131650
v -0.016969 -2.576212 0.661247
v -0.016969 -2.576213 -0.661247
v -0.081513 -12.375070 -0.131650
v -0.031805 -4.828513 0.623450
v -0.076783 -11.657062 -0.258241
v -0.046173 -7.009913 0.561090
v -0.069103 -10.491076 -0.374909
v -0.058768 -8.921929 0.477168
v -0.058768 -8.921930 -0.477168
v -0.069103 -10.491077 0.374909
v -0.046173 -7.009914 -0.561090
v -0.076783 -11.657062 0.258242
v -0.031805 -4.828513 -0.623450
v -0.094486 -3.410852 0.645697
v -0.152960 -5.521689 0.595134
v -0.205849 -7.430943 0.521639
v -0.250828 -9.054631 0.428098
v -0.286167 -10.330353 0.318106
v -0.310510 -11.209087 0.195888
v -0.322919 -11.657058 0.066143
v -0.322919 -11.657059 -0.066143
v -0.310510 -11.209087 -0.195888
v -0.286167 -10.330353 -0.318106
v -0.250828 -9.054631 -0.428098
v -0.205849 -7.430944 -0.521639
v -0.152960 -5.521689 -0.595134
v -0.094486 -3.410852 -0.645697
v -0.174044 -8.579064 -0.477168
v -0.204654 -10.087911 -0.374909
v -0.204654 -10.087911 0.374909
v -0.174044 -8.579064 0.477168
v -0.136746 -6.740527 -0.561090
v -0.227400 -11.209087 0.258242
v -0.094192 -4.642956 -0.623450
v -0.241406 -11.899503 0.131650
v -0.050255 -2.477210 -0.661247
v -0.246136 -12.132625 0.000000
v -0.050255 -2.477210 0.661247
v -0.241406 -11.899502 -0.131650
v -0.094192 -4.642956 0.623450
v -0.227400 -11.209087 -0.258241
v -0.136746 -6.740526 0.561090
v -0.137172 -3.069686 0.645697
v -0.222063 -4.969388 0.595134
v -0.298846 -6.687671 0.521639
v -0.364145 -8.148952 0.428098
v -0.415450 -9.297071 0.318106
v -0.450790 -10.087911 0.195888
v -0.468806 -10.491073 0.066143
v -0.468806 -10.491074 -0.066143
v -0.450790 -10.087911 -0.195888
v -0.415450 -9.297071 -0.318106
v -0.364145 -8.148951 -0.428098
v -0.298846 -6.687671 -0.521639
v -0.222063 -4.969388 -0.595134
v -0.137172 -3.069686 -0.645697
v -0.081610 -2.283010 0.661247
v -0.081610 -2.283010 -0.661247
v -0.392022 -10.966643 -0.131650
v -0.399703 -11.181490 0.000000
v -0.152960 -4.278972 0.623450
v -0.369277 -10.330354 -0.258241
v -0.222063 -6.212104 0.561090
v -0.332341 -9.297071 -0.374909
v -0.282632 -7.906510 0.477168
v -0.282632 -7.906510 -0.477168
v -0.332341 -9.297071 0.374909
v -0.222063 -6.212104 -0.561090
v -0.369277 -10.330354 0.258242
v -0.152960 -4.278972 -0.623450
v -0.392022 -10.966643 0.131650
v -0.174587 -2.610553 0.645697
v -0.282632 -4.226116 0.595134
v -0.380359 -5.687397 0.521639
v -0.463469 -6.930114 0.428098
v -0.528768 -7.906508 0.318106
v -0.573747 -8.579063 0.195888
v -0.596677 -8.921924 0.066143
v -0.596677 -8.921924 -0.066143
v -0.573747 -8.579063 -0.195888
v -0.528768 -7.906509 -0.318106
v -0.463469 -6.930113 -0.428098
v -0.380359 -5.687397 -0.521639
v -0.282632 -4.226117 -0.595134
v -0.174587 -2.610553 -0.645697
v -0.071748 -1.072829 -0.670584
v -0.447255 -8.148951 0.374909
v -0.380359 -6.930114 0.477168
v -0.298846 -5.444954 -0.561090
v -0.380359 -6.930114 -0.477168
v -0.496963 -9.054629 0.258242
v -0.205849 -3.750550 -0.623450
v -0.527573 -9.612343 0.131650
v -0.109829 -2.001075 -0.661247
v -0.537909 -9.800655 0.000000
v -0.109829 -2.001075 0.661247
v -0.527573 -9.612342 -0.131650
v -0.205849 -3.750550 0.623450
v -0.496963 -9.054629 -0.258241
v -0.298846 -5.444954 0.561090
v -0.447255 -8.148952 -0.374909
v -0.205293 -2.051098 0.645697
v -0.332340 -3.320438 0.595134
v -0.447255 -4.468558 0.521639
v -0.544982 -5.444955 0.428098
v -0.621765 -6.212104 0.318106
v -0.674655 -6.740525 0.195888
v -0.701617 -7.009909 0.066143
v -0.701617 -7.009909 -0.066143
v -0.674655 -6.740526 -0.195888
v -0.621765 -6.212104 -0.318106
v -0.544982 -5.444955 -0.428098
v -0.447255 -4.468558 -0.521639
v -0.332341 -3.320438 -0.595134
v -0.205293 -2.051098 -0.645697
v -0.642850 -7.888644 -0.131650
v -0.655444 -8.043190 0.000000
v -0.250828 -3.077996 0.623450
v -0.133827 -1.642239 0.661247
v -0.605551 -7.430943 -0.258241
v -0.364145 -4.468558 0.561090
v -0.544982 -6.687670 -0.374909
v -0.463469 -5.687397 0.477168
v -0.463469 -5.687397 -0.477168
v -0.544982 -6.687670 0.374909
v -0.364145 -4.468558 -0.561090
v -0.605551 -7.430943 0.258242
v -0.250828 -3.077997 -0.623450
v -0.642850 -7.888645 0.131650
v -0.133827 -1.642240 -0.661247
v -0.228109 -1.412821 0.645697
v -0.369277 -2.287157 0.595134
v -0.496963 -3.077996 0.521639
v -0.605551 -3.750549 0.428098
v -0.690869 -4.278971 0.318106
v -0.749636 -4.642954 0.195888
v -0.779595 -4.828507 0.066143
v -0.779595 -4.828507 -0.066143
v -0.749636 -4.642954 -0.195888
v -0.690869 -4.278971 -0.318106
v -0.605551 -3.750550 -0.428098
v -0.496963 -3.077996 -0.521639
v -0.369277 -2.287157 -0.595134
v -0.228109 -1.412821 -0.645697
v -0.415450 -3.320438 -0.561090
v -0.528768 -4.226117 -0.477168
v -0.690869 -5.521688 0.258242
v -0.621765 -4.969387 0.374909
v -0.286167 -2.287158 -0.623450
v -0.733422 -5.861791 0.131650
v -0.152682 -1.220294 -0.661247
v -0.747791 -5.976626 0.000000
v -0.152682 -1.220294 0.661247
v -0.733422 -5.861791 -0.131650
v -0.286167 -2.287157 0.623450
v -0.690869 -5.521688 -0.258241
v -0.415450 -3.320438 0.561090
v -0.621765 -4.969387 -0.374909
v -0.528768 -4.226117 0.477168
v -0.242160 -0.720250 0.645697
v -0.392022 -1.165982 0.595134
v -0.527573 -1.569148 0.521639
v -0.642850 -1.912013 0.428098
v -0.733422 -2.181400 0.318106
v -0.795810 -2.366957 0.195888
v -0.827614 -2.461550 0.066143
v -0.827614 -2.461550 -0.066143
v -0.795809 -2.366957 -0.195888
v -0.733422 -2.181400 -0.318106
v -0.642850 -1.912013 -0.428098
v -0.527573 -1.569148 -0.521639
v -0.392022 -1.165982 -0.595134
v -0.242160 -0.720249 -0.645697
v -0.749636 -3.400238 -0.258241
v -0.795809 -3.609671 -0.131650
v -0.450790 -2.044715 0.561090
v -0.310509 -1.408424 0.623450
v -0.674655 -3.060133 -0.374909
v -0.573747 -2.602430 0.477168
v -0.573747 -2.602430 -0.477168
v -0.674655 -3.060133 0.374909
v -0.450790 -2.044715 -0.561090
v -0.749636 -3.400238 0.258242
v -0.310509 -1.408424 -0.623450
v -0.795809 -3.609672 0.131650
v -0.165670 -0.751453 -0.661247
v -0.811400 -3.680386 0.000000
v -0.165670 -0.751453 0.661247
v -0.246904 0.000000 0.645697
v -0.399702 0.000001 0.595134
v -0.537909 0.000001 0.521639
v -0.655444 0.000001 0.428098
v -0.747791 0.000001 0.318106
v -0.811400 0.000002 0.195888
v -0.843828 0.000004 0.066143
v -0.843828 0.000004 -0.066143
v -0.811400 0.000002 -0.195888
v -0.747791 0.000001 -0.318106
v -0.655444 0.000001 -0.428098
v -0.537909 0.000001 -0.521639
v -0.399702 0.000001 -0.595134
v -0.246904 0.000000 -0.645697
v -0.322919 -0.475566 -0.623450
v -0.468806 -0.690415 -0.561090
v -0.827614 -1.218835 0.131650
v -0.779596 -1.148119 0.258242
v -0.172291 -0.253734 -0.661247
v -0.843828 -1.242711 0.000000
v -0.172291 -0.253734 0.661247
v -0.827614 -1.218835 -0.131650
v -0.322919 -0.475566 0.623450
v -0.779596 -1.148119 -0.258241
v -0.468806 -0.690415 0.561090
v -0.701617 -1.033279 -0.374909
v -0.596677 -0.878732 0.477168
v -0.596677 -0.878732 -0.477168
v -0.701618 -1.033279 0.374909
v -0.242160 0.720250 0.645697
v -0.392022 1.165984 0.595134
v -0.527573 1.569150 0.521639
v -0.642850 1.912015 0.428098
v -0.733422 2.181402 0.318106
v -0.795809 2.366960 0.195888
v -0.827614 2.461558 0.066143
v -0.827614 2.461558 -0.066143
v -0.795809 2.366960 -0.195888
v -0.733422 2.181402 -0.318106
v -0.642850 1.912015 -0.428098
v -0.527573 1.569150 -0.521639
v -0.392022 1.165984 -0.595134
v -0.242160 0.720250 -0.645697
v -0.468806 0.690417 0.561090
v -0.322919 0.475568 0.623450
v -0.701617 1.033282 -0.374909
v -0.779595 1.148121 -0.258241
v -0.596677 0.878734 0.477168
v -0.596677 0.878734 -0.477168
v -0.701617 1.033282 0.374909
v -0.468806 0.690417 -0.561090
v -0.779595 1.148121 0.258241
v -0.322919 0.475568 -0.623450
v -0.827614 1.218841 0.131650
v -0.172291 0.253735 -0.661247
v -0.843828 1.242721 0.000000
v -0.172291 0.253735 0.661247
v -0.827614 1.218841 -0.131650
v -0.228109 1.412821 0.645697
v -0.369277 2.287159 0.595134
v -0.496963 3.077998 0.521639
v -0.605551 3.750552 0.428098
v -0.690869 4.278973 0.318106
v -0.749636 4.642957 0.195888
v -0.779595 4.828515 0.066143
v -0.779595 4.828515 -0.066143
v -0.749636 4.642957 -0.195888
v -0.690869 4.278973 -0.318106
v -0.605551 3.750552 -0.428098
v -0.496963 3.077998 -0.521639
v -0.369277 2.287159 -0.595134
v -0.228109 1.412821 -0.645697
v -0.795809 3.609678 0.131650
v -0.749636 3.400240 0.258242
v -0.165670 0.751454 -0.661247
v -0.310509 1.408426 -0.623450
v -0.811400 3.680395 0.000000
v -0.165670 0.751454 0.661247
v -0.795809 3.609678 -0.131650
v -0.310509 1.408426 0.623450
v -0.749636 3.400240 -0.258241
v -0.450790 2.044717 0.561090
v -0.674655 3.060136 -0.374909
v -0.573747 2.602431 0.477168
v -0.573747 2.602432 -0.477168
v -0.674655 3.060136 0.374909
v -0.450790 2.044717 -0.561090
v -0.205293 2.051099 0.645697
v -0.332340 3.320439 0.595134
v -0.447255 4.468560 0.521639
v -0.544982 5.444956 0.428098
v -0.621765 6.212105 0.318106
v -0.674655 6.740528 0.195888
v -0.701617 7.009915 0.066143
v -0.701617 7.009915 -0.066143
v -0.674655 6.740528 -0.195888
v -0.621765 6.212105 -0.318106
v -0.544982 5.444956 -0.428098
v -0.447255 4.468560 -0.521639
v -0.332340 3.320440 -0.595134
v -0.205293 2.051099 -0.645697
v -0.621765 4.969389 -0.374909
v -0.690868 5.521689 -0.258241
v -0.528768 4.226119 0.477168
v -0.415450 3.320440 0.561090
v -0.528768 4.226119 -0.477168
v -0.621765 4.969389 0.374909
v -0.415450 3.320440 -0.561090
v -0.690869 5.521689 0.258242
v -0.286167 2.287159 -0.623450
v -0.733422 5.861795 0.131650
v -0.152682 1.220294 -0.661247
v -0.747790 5.976634 0.000000
v -0.152682 1.220294 0.661247
v -0.733422 5.861795 -0.131650
v -0.286167 2.287158 0.623450
v -0.174587 2.610553 0.645697
v -0.282632 4.226117 0.595134
v -0.380359 5.687397 0.521639
v -0.463469 6.930114 0.428098
v -0.528768 7.906510 0.318106
v -0.573746 8.579063 0.195888
v -0.596676 8.921927 0.066143
v -0.596676 8.921927 -0.066143
v -0.573746 8.579064 -0.195888
v -0.528768 7.906510 -0.318106
v -0.463469 6.930114 -0.428098
v -0.380359 5.687397 -0.521639
v -0.282632 4.226118 -0.595134
v -0.174587 2.610553 -0.645697
v -0.133827 1.642240 -0.661247
v -0.250827 3.077997 -0.623450
v -0.655444 8.043195 0.000000
v -0.642850 7.888649 0.131650
v -0.133827 1.642240 0.661247
v -0.642850 7.888648 -0.131650
v -0.250827 3.077997 0.623450
v -0.605551 7.430943 -0.258241
v -0.364145 4.468560 0.561090
v -0.544982 6.687672 -0.374909
v -0.463469 5.687398 0.477168
v -0.463469 5.687398 -0.477168
v -0.544982 6.687672 0.374909
v -0.364145 4.468559 -0.561090
v -0.605551 7.430943 0.258242
v -0.137172 3.069685 0.645697
v -0.222063 4.969388 0.595134
v -0.298846 6.687671 0.521639
v -0.364145 8.148952 0.428098
v -0.415450 9.297071 0.318106
v -0.450790 10.087911 0.195888
v -0.468805 10.491075 0.066143
v -0.468805 10.491075 -0.066143
v -0.450790 10.087911 -0.195888
v -0.415450 9.297071 -0.318106
v -0.364145 8.148952 -0.428098
v -0.298846 6.687671 -0.521639
v -0.222063 4.969388 -0.595134
v -0.137172 3.069685 -0.645697
v -0.380359 6.930115 0.477168
v -0.298846 5.444955 0.561090
v -0.380359 6.930115 -0.477168
v -0.447255 8.148951 -0.374909
v -0.447255 8.148952 0.374909
v -0.298846 5.444955 -0.561090
v -0.496963 9.054630 0.258242
v -0.205849 3.750550 -0.623450
v -0.527573 9.612343 0.131650
v -0.109829 2.001075 -0.661247
v -0.537909 9.800659 0.000000
v -0.109829 2.001074 0.661247
v -0.527573 9.612344 -0.131650
v -0.205849 3.750550 0.623450
v -0.496963 9.054630 -0.258241
v -0.094486 3.410852 0.645697
v -0.152959 5.521688 0.595134
v -0.205849 7.430943 0.521639
v -0.250827 9.054629 0.428098
v -0.286167 10.330351 0.318106
v -0.310509 11.209085 0.195888
v -0.322919 11.657057 0.066143
v -0.322919 11.657057 -0.066143
v -0.310509 11.209085 -0.195888
v -0.286167 10.330350 -0.318106
v -0.250827 9.054629 -0.428098
v -0.205849 7.430942 -0.521639
v -0.152959 5.521688 -0.595134
v -0.094486 3.410851 -0.645697
v -0.399702 11.181490 0.000000
v -0.392022 10.966643 0.131650
v -0.081610 2.283009 0.661247
v -0.081610 2.283009 -0.661247
v -0.392022 10.966642 -0.131650
v -0.152959 4.278971 0.623450
v -0.369277 10.330353 -0.258241
v -0.222063 6.212103 0.561090
v -0.332340 9.297071 -0.374909
v -0.282632 7.906510 0.477168
v -0.282632 7.906510 -0.477168
v -0.332340 9.297071 0.374909
v -0.222063 6.212103 -0.561090
v -0.369277 10.330353 0.258242
v -0.152959 4.278972 -0.623450
v -0.048169 3.620940 0.645697
v -0.077978 5.861792 0.595134
v -0.104941 7.888647 0.521639
v -0.127871 9.612344 0.428098
v -0.145887 10.966643 0.318106
v -0.158296 11.899501 0.195888
v -0.164622 12.375066 0.066143
v -0.164622 12.375066 -0.066143
v -0.158296 11.899501 -0.195888
v -0.145887 10.966643 -0.318106
v -0.127871 9.612344 -0.428098
v -0.104941 7.888646 -0.521639
v -0.077978 5.861791 -0.595134
v -0.048169 3.620941 -0.645697
v -0.174044 8.579064 -0.477168
v -0.204654 10.087909 -0.374909
v -0.204654 10.087910 0.374909
v -0.174044 8.579063 0.477168
v -0.136745 6.740524 -0.561090
v -0.227400 11.209085 0.258242
v -0.094192 4.642954 -0.623450
v -0.241406 11.899500 0.131650
v -0.050255 2.477210 -0.661247
v -0.246135 12.132623 0.000000
v -0.050255 2.477209 0.661247
v -0.241406 11.899501 -0.131650
v -0.094192 4.642954 0.623450
v -0.227400 11.209085 -0.258241
v -0.136745 6.740524 0.561090
v 0.000000 3.691880 0.645697
v 0.000000 8.043193 -0.521639
v 0.000000 5.976631 -0.595134
v 0.000000 3.691879 -0.645697
v -0.016969 2.576212 -0.661247
v -0.031805 4.828511 0.623450
v -0.016969 2.576211 0.661247
v -0.076783 11.657060 -0.258241
v -0.058767 8.921927 0.477168
v -0.058767 8.921927 -0.477168
v -0.046173 7.009911 -0.561090
v -0.076783 11.657060 0.258242
v -0.031805 4.828512 -0.623450
v 0.000000 1.517209 0.670584
v 0.000000 5.976634 0.595134
v 0.000000 8.043197 0.521639
v 0.000000 9.800663 0.428098
v 0.000000 11.181494 0.318106
v 0.000000 12.132628 0.195888
v 0.000000 12.132628 -0.195888
v 0.000000 11.181494 -0.318106
v 0.000000 9.800663 -0.428098
v 0.000000 1.517209 -0.670584
v 0.019795 1.488057 0.670584
v 0.019795 1.488057 -0.670584
v 0.016969 2.576212 0.661247
v 0.016969 2.576212 -0.661247
v 0.031805 4.828513 0.623450
v 0.076784 11.657063 -0.258241
v 0.058768 8.921931 0.477168
v 0.058768 8.921930 -0.477168
v 0.046173 7.009913 -0.561090
v 0.076784 11.657062 0.258242
v 0.031805 4.828512 -0.623450
v 0.038830 1.401719 0.670584
v 0.038830 1.401720 -0.670584
v 0.056372 1.261514 0.670584
v 0.056372 1.261514 -0.670584
v 0.071748 1.072829 0.670584
v 0.071748 1.072829 -0.670584
v 0.084367 0.842917 0.670584
v 0.084367 0.842917 -0.670584
v 0.093744 0.580611 -0.670584
v 0.099518 0.295993 0.670584
v 0.099518 0.295993 -0.670584
v 0.101467 -0.000000 0.670584
v 0.101467 -0.000000 -0.670584
v 0.099518 -0.295993 0.670584
v 0.099518 -0.295993 -0.670584
v 0.093744 -0.580611 0.670584
v 0.093744 -0.580611 -0.670584
v 0.084367 -0.842917 0.670584
v 0.084367 -0.842917 -0.670584
v 0.071748 -1.072829 0.670584
v 0.071748 -1.072829 -0.670584
v 0.056372 -1.261514 0.670584
v 0.056372 -1.261514 -0.670584
v 0.038830 -1.401719 0.670584
v 0.038830 -1.401719 -0.670584
v 0.019795 -1.488057 0.670584
v 0.019795 -1.488057 -0.670584
v -0.000000 -1.517209 0.670584
v -0.000000 -1.517209 -0.670584
v -0.019795 -1.488057 0.670584
v -0.019795 -1.488057 -0.670584
v -0.038830 -1.401719 0.670584
v -0.038830 -1.401719 -0.670584
v -0.056372 -1.261513 0.670584
v -0.056372 -1.261513 -0.670584
v -0.071748 -1.072829 0.670584
v -0.084367 -0.842916 0.670584
v -0.084367 -0.842916 -0.670584
v -0.093743 -0.580611 0.670584
v -0.093743 -0.580611 -0.670584
v -0.099518 -0.295993 0.670584
v -0.099518 -0.295993 -0.670584
v -0.101467 0.000000 0.670584
v -0.101467 0.000000 -0.670584
v -0.099518 0.295993 0.670584
v -0.099518 0.295993 -0.670584
v -0.093743 0.580611 0.670584
v -0.093743 0.580611 -0.670584
v -0.084367 0.842916 0.670584
v -0.084367 0.842916 -0.670584
v -0.071748 1.072829 0.670584
v -0.071748 1.072829 -0.670584
v -0.056372 1.261513 0.670584
v -0.056372 1.261513 -0.670584
v -0.038830 1.401718 0.670584
v -0.038830 1.401718 -0.670584
v -0.019795 1.488056 0.670584
v -0.019795 1.488056 -0.670584
v -0.081513 12.375070 -0.131650
v -0.083110 12.617510 0.000000
v -0.046173 7.009913 0.561090
v -0.069103 10.491078 -0.374909
v -0.069103 10.491078 0.374909
v -0.081513 12.375070 0.131650
v 0.011448 1.738072 0.669163
v 0.011448 1.738072 -0.669163
v 0.082709 12.556709 -0.066143
v 0.024220 3.676988 0.645682
v 0.079531 12.074161 -0.195888
v 0.039178 5.947832 0.595134
v 0.073296 11.127612 -0.318106
v 0.052724 8.004436 0.521639
v 0.064245 9.753432 -0.428098
v 0.064245 9.753433 0.428098
v 0.052724 8.004434 -0.521639
v 0.073296 11.127610 0.318106
v 0.039178 5.947830 -0.595134
v 0.079531 12.074162 0.195888
v 0.024220 3.676988 -0.645682
v 0.082709 12.556709 0.066143
v 0.235536 11.610159 0.195888
v 0.071729 3.535685 -0.645682
v 0.244950 12.074162 0.066143
v 0.033905 1.671280 0.669163
v 0.033905 1.671280 -0.669163
v 0.244950 12.074162 -0.066143
v 0.071729 3.535685 0.645682
v 0.235536 11.610160 -0.195888
v 0.116027 5.719260 0.595134
v 0.217071 10.699984 -0.318106
v 0.156146 7.696828 0.521639
v 0.190265 9.378614 -0.428098
v 0.190265 9.378614 0.428098
v 0.156146 7.696829 -0.521639
v 0.217071 10.699984 0.318106
v 0.116027 5.719260 -0.595134
v 0.352505 9.861161 -0.318106
v 0.253568 7.093438 0.521639
v 0.308973 8.643379 -0.428098
v 0.308973 8.643379 0.428098
v 0.253568 7.093438 -0.521639
v 0.352505 9.861161 0.318106
v 0.188418 5.270901 -0.595134
v 0.382490 10.699984 0.195888
v 0.116481 3.258506 -0.645682
v 0.397776 11.127612 0.066143
v 0.055059 1.540260 0.669163
v 0.055059 1.540260 -0.669163
v 0.397776 11.127611 -0.066143
v 0.116481 3.258506 0.645682
v 0.382490 10.699984 -0.195888
v 0.188418 5.270901 0.595134
v 0.156757 2.856104 -0.645682
v 0.535317 9.753432 0.066143
v 0.074097 1.350049 0.669163
v 0.074097 1.350049 -0.669163
v 0.535317 9.753433 -0.066143
v 0.156757 2.856104 0.645682
v 0.514745 9.378614 -0.195888
v 0.253568 4.619982 0.595134
v 0.474392 8.643379 -0.318106
v 0.341245 6.217451 0.521639
v 0.415808 7.575986 -0.428098
v 0.415808 7.575985 0.428098
v 0.341245 6.217451 -0.521639
v 0.474392 8.643380 0.318106
v 0.253568 4.619983 -0.595134
v 0.514745 9.378615 0.195888
v 0.506663 6.217450 -0.428098
v 0.506663 6.217451 0.428098
v 0.415808 5.102530 -0.521639
v 0.578048 7.093438 0.318106
v 0.308973 3.791522 -0.595134
v 0.627219 7.696830 0.195888
v 0.191009 2.343944 -0.645682
v 0.652286 8.004435 0.066143
v 0.090288 1.107957 0.669163
v 0.090288 1.107957 -0.669163
v 0.652286 8.004435 -0.066143
v 0.191009 2.343944 0.645682
v 0.627219 7.696829 -0.195888
v 0.308973 3.791521 0.595134
v 0.578048 7.093438 -0.318106
v 0.415808 5.102530 0.521639
v 0.103009 0.823286 0.669163
v 0.103009 0.823286 -0.669163
v 0.744187 5.947831 -0.066143
v 0.217921 1.741707 0.645682
v 0.715589 5.719260 -0.195888
v 0.352505 2.817355 0.595134
v 0.659490 5.270900 -0.318106
v 0.474392 3.791522 0.521639
v 0.578048 4.619982 -0.428098
v 0.578048 4.619982 0.428098
v 0.474392 3.791521 -0.521639
v 0.659490 5.270901 0.318106
v 0.352505 2.817355 -0.595134
v 0.715589 5.719260 0.195888
v 0.217921 1.741707 -0.645682
v 0.744187 5.947831 0.066143
v 0.627219 2.844971 0.428098
v 0.514745 2.334808 -0.521639
v 0.715589 3.245804 0.318106
v 0.382490 1.734918 -0.595134
v 0.776459 3.521903 0.195888
v 0.236458 1.072538 -0.645682
v 0.807490 3.662656 0.066143
v 0.111771 0.506977 0.669163
v 0.111771 0.506977 -0.669163
v 0.807490 3.662656 -0.066143
v 0.236458 1.072538 0.645682
v 0.776459 3.521903 -0.195888
v 0.382490 1.734918 0.595134
v 0.715589 3.245804 -0.318106
v 0.514745 2.334808 0.521639
v 0.627219 2.844971 -0.428098
v 0.839762 1.236727 -0.066143
v 0.245908 0.362152 0.645682
v 0.807490 1.189201 -0.195888
v 0.397776 0.585810 0.595134
v 0.744187 1.095974 -0.318106
v 0.535317 0.788368 0.521639
v 0.652286 0.960629 -0.428098
v 0.652286 0.960629 0.428098
v 0.535317 0.788368 -0.521639
v 0.744187 1.095974 0.318106
v 0.397776 0.585810 -0.595134
v 0.807490 1.189201 0.195888
v 0.245908 0.362152 -0.645682
v 0.839762 1.236726 0.066143
v 0.116238 0.171185 0.669163
v 0.116238 0.171185 -0.669163
v 0.535317 -0.788368 -0.521639
v 0.744187 -1.095974 0.318106
v 0.397776 -0.585811 -0.595134
v 0.807490 -1.189201 0.195888
v 0.245908 -0.362152 -0.645682
v 0.839762 -1.236729 0.066143
v 0.116238 -0.171185 0.669163
v 0.116238 -0.171185 -0.669163
v 0.839762 -1.236729 -0.066143
v 0.245908 -0.362152 0.645682
v 0.807490 -1.189201 -0.195888
v 0.397776 -0.585811 0.595134
v 0.744187 -1.095974 -0.318106
v 0.535317 -0.788368 0.521639
v 0.652286 -0.960630 -0.428098
v 0.652286 -0.960630 0.428098
v 0.236458 -1.072538 0.645682
v 0.776459 -3.521903 -0.195888
v 0.382490 -1.734919 0.595134
v 0.715588 -3.245805 -0.318106
v 0.514745 -2.334808 0.521639
v 0.627218 -2.844972 -0.428098
v 0.627219 -2.844971 0.428098
v 0.514745 -2.334808 -0.521639
v 0.715588 -3.245805 0.318106
v 0.382490 -1.734919 -0.595134
v 0.776459 -3.521903 0.195888
v 0.236458 -1.072538 -0.645682
v 0.807490 -3.662658 0.066143
v 0.111771 -0.506977 0.669163
v 0.111771 -0.506977 -0.669163
v 0.807490 -3.662658 -0.066143
v 0.659490 -5.270900 0.318106
v 0.352505 -2.817355 -0.595134
v 0.715588 -5.719260 0.195888
v 0.217921 -1.741708 -0.645682
v 0.744187 -5.947832 0.066143
v 0.103009 -0.823286 0.669163
v 0.103009 -0.823286 -0.669163
v 0.744187 -5.947832 -0.066143
v 0.217921 -1.741707 0.645682
v 0.715588 -5.719260 -0.195888
v 0.352505 -2.817355 0.595134
v 0.659490 -5.270900 -0.318106
v 0.474392 -3.791522 0.521639
v 0.578048 -4.619983 -0.428098
v 0.578048 -4.619983 0.428098
v 0.474392 -3.791522 -0.521639
v 0.627219 -7.696830 -0.195888
v 0.308973 -3.791522 0.595134
v 0.578048 -7.093438 -0.318106
v 0.415808 -5.102530 0.521639
v 0.506663 -6.217450 -0.428098
v 0.506663 -6.217450 0.428098
v 0.415808 -5.102530 -0.521639
v 0.578048 -7.093437 0.318106
v 0.308973 -3.791522 -0.595134
v 0.627219 -7.696828 0.195888
v 0.191009 -2.343944 -0.645682
v 0.652285 -8.004436 0.066143
v 0.090288 -1.107956 0.669163
v 0.090288 -1.107957 -0.669163
v 0.652285 -8.004435 -0.066143
v 0.191009 -2.343944 0.645682
v 0.253568 -4.619983 -0.595134
v 0.514745 -9.378613 0.195888
v 0.156757 -2.856104 -0.645682
v 0.535317 -9.753430 0.066143
v 0.074097 -1.350049 0.669163
v 0.074097 -1.350049 -0.669163
v 0.535317 -9.753431 -0.066143
v 0.156757 -2.856104 0.645682
v 0.514745 -9.378613 -0.195888
v 0.253568 -4.619983 0.595134
v 0.474392 -8.643378 -0.318106
v 0.341245 -6.217450 0.521639
v 0.415808 -7.575985 -0.428098
v 0.415808 -7.575984 0.428098
v 0.341245 -6.217450 -0.521639
v 0.474392 -8.643378 0.318106
v 0.352505 -9.861159 -0.318106
v 0.253568 -7.093436 0.521639
v 0.308973 -8.643378 -0.428098
v 0.308973 -8.643379 0.428098
v 0.253568 -7.093437 -0.521639
v 0.352505 -9.861159 0.318106
v 0.188418 -5.270900 -0.595134
v 0.382490 -10.699982 0.195888
v 0.116481 -3.258505 -0.645682
v 0.397776 -11.127608 0.066143
v 0.055059 -1.540259 0.669163
v 0.055059 -1.540259 -0.669163
v 0.397776 -11.127608 -0.066143
v 0.116481 -3.258505 0.645682
v 0.382490 -10.699981 -0.195888
v 0.188418 -5.270900 0.595134
v 0.071729 -3.535684 -0.645682
v 0.244949 -12.074158 0.066143
v 0.033905 -1.671279 0.669163
v 0.033905 -1.671279 -0.669163
v 0.244949 -12.074158 -0.066143
v 0.071729 -3.535683 0.645682
v 0.235536 -11.610156 -0.195888
v 0.116027 -5.719258 0.595134
v 0.217071 -10.699981 -0.318106
v 0.156146 -7.696829 0.521639
v 0.190265 -9.378613 -0.428098
v 0.190265 -9.378612 0.428098
v 0.156146 -7.696828 -0.521639
v 0.217071 -10.699980 0.318106
v 0.116027 -5.719259 -0.595134
v 0.235536 -11.610156 0.195888
v 0.052724 -8.004432 0.521639
v 0.064244 -9.753429 -0.428098
v 0.064244 -9.753430 0.428098
v 0.052724 -8.004433 -0.521639
v 0.073296 -11.127608 0.318106
v 0.039177 -5.947830 -0.595134
v 0.079531 -12.074159 0.195888
v 0.024220 -3.676988 -0.645682
v 0.082709 -12.556705 0.066143
v 0.011448 -1.738072 0.669163
v 0.011448 -1.738072 -0.669163
v 0.082709 -12.556705 -0.066143
v 0.024220 -3.676988 0.645682
v 0.079531 -12.074158 -0.195888
v 0.039177 -5.947830 0.595134
v 0.073296 -11.127608 -0.318106
v -0.082709 -12.556703 0.066143
v -0.011448 -1.738072 0.669163
v -0.011448 -1.738072 -0.669163
v -0.082709 -12.556703 -0.066143
v -0.024220 -3.676988 0.645682
v -0.079531 -12.074159 -0.195888
v -0.039178 -5.947830 0.595134
v -0.073296 -11.127608 -0.318106
v -0.052724 -8.004434 0.521639
v -0.064245 -9.753430 -0.428098
v -0.064245 -9.753429 0.428098
v -0.052724 -8.004433 -0.521639
v -0.073296 -11.127608 0.318106
v -0.039178 -5.947830 -0.595134
v -0.079531 -12.074158 0.195888
v -0.024220 -3.676988 -0.645682
v -0.190265 -9.378611 -0.428098
v -0.190265 -9.378612 0.428098
v -0.156146 -7.696826 -0.521639
v -0.217071 -10.699980 0.318106
v -0.116027 -5.719258 -0.595134
v -0.235536 -11.610155 0.195888
v -0.071729 -3.535683 -0.645682
v -0.244950 -12.074156 0.066143
v -0.033905 -1.671279 0.669163
v -0.033905 -1.671279 -0.669163
v -0.244950 -12.074156 -0.066143
v -0.071729 -3.535684 0.645682
v -0.235536 -11.610154 -0.195888
v -0.116027 -5.719257 0.595134
v -0.217071 -10.699979 -0.318106
v -0.156146 -7.696826 0.521639
v -0.055059 -1.540259 0.669163
v -0.055059 -1.540259 -0.669163
v -0.397776 -11.127604 -0.066143
v -0.116481 -3.258505 0.645682
v -0.382490 -10.699980 -0.195888
v -0.188418 -5.270898 0.595134
v -0.352505 -9.861157 -0.318106
v -0.253568 -7.093435 0.521639
v -0.308973 -8.643377 -0.428098
v -0.308973 -8.643377 0.428098
v -0.253568 -7.093434 -0.521639
v -0.352505 -9.861157 0.318106
v -0.188418 -5.270898 -0.595134
v -0.382490 -10.699979 0.195888
v -0.116481 -3.258504 -0.645682
v -0.397776 -11.127604 0.066143
v -0.415808 -7.575983 0.428098
v -0.341245 -6.217449 -0.521639
v -0.474392 -8.643378 0.318106
v -0.253568 -4.619980 -0.595134
v -0.514745 -9.378611 0.195888
v -0.156757 -2.856103 -0.645682
v -0.535317 -9.753426 0.066143
v -0.074097 -1.350048 0.669163
v -0.074097 -1.350048 -0.669163
v -0.535317 -9.753426 -0.066143
v -0.156757 -2.856103 0.645682
v -0.514745 -9.378611 -0.195888
v -0.253568 -4.619980 0.595134
v -0.474392 -8.643378 -0.318106
v -0.341245 -6.217448 0.521639
v -0.415808 -7.575984 -0.428098
v -0.652285 -8.004428 -0.066143
v -0.191009 -2.343943 0.645682
v -0.627218 -7.696826 -0.195888
v -0.308973 -3.791519 0.595134
v -0.578048 -7.093435 -0.318106
v -0.415808 -5.102527 0.521639
v -0.506663 -6.217448 -0.428098
v -0.506663 -6.217449 0.428098
v -0.415808 -5.102528 -0.521639
v -0.578048 -7.093435 0.318106
v -0.308973 -3.791520 -0.595134
v -0.627218 -7.696827 0.195888
v -0.191009 -2.343943 -0.645682
v -0.652285 -8.004428 0.066143
v -0.090288 -1.107956 0.669163
v -0.090288 -1.107956 -0.669163
v -0.474392 -3.791519 -0.521639
v -0.659490 -5.270898 0.318106
v -0.352505 -2.817353 -0.595134
v -0.715588 -5.719256 0.195888
v -0.217921 -1.741706 -0.645682
v -0.744187 -5.947825 0.066143
v -0.103009 -0.823285 0.669163
v -0.103009 -0.823285 -0.669163
v -0.744187 -5.947825 -0.066143
v -0.217921 -1.741706 0.645682
v -0.715588 -5.719256 -0.195888
v -0.352505 -2.817353 0.595134
v -0.659490 -5.270898 -0.318106
v -0.474391 -3.791520 0.521639
v -0.578048 -4.619981 -0.428098
v -0.578048 -4.619981 0.428098
v -0.776459 -3.521900 -0.195888
v -0.382490 -1.734916 0.595134
v -0.715588 -3.245802 -0.318106
v -0.514745 -2.334806 0.521639
v -0.627218 -2.844969 -0.428098
v -0.627218 -2.844969 0.428098
v -0.514745 -2.334806 -0.521639
v -0.715588 -3.245803 0.318106
v -0.382490 -1.734917 -0.595134
v -0.776459 -3.521900 0.195888
v -0.236458 -1.072537 -0.645682
v -0.807490 -3.662651 0.066143
v -0.111771 -0.506977 0.669163
v -0.111771 -0.506977 -0.669163
v -0.807490 -3.662651 -0.066143
v -0.236458 -1.072537 0.645682
v -0.397776 -0.585809 -0.595134
v -0.807490 -1.189199 0.195888
v -0.245908 -0.362151 -0.645682
v -0.839761 -1.236723 0.066143
v -0.116238 -0.171185 0.669163
v -0.116238 -0.171185 -0.669163
v -0.839761 -1.236723 -0.066143
v -0.245908 -0.362151 0.645682
v -0.807490 -1.189199 -0.195888
v -0.397776 -0.585809 0.595134
v -0.744187 -1.095973 -0.318106
v -0.535317 -0.788367 0.521639
v -0.652285 -0.960628 -0.428098
v -0.652285 -0.960628 0.428098
v -0.535317 -0.788367 -0.521639
v -0.744187 -1.095973 0.318106
v -0.397776 0.585811 0.595134
v -0.744187 1.095975 -0.318106
v -0.535317 0.788369 0.521639
v -0.652285 0.960630 -0.428098
v -0.652285 0.960630 0.428098
v -0.535317 0.788369 -0.521639
v -0.744187 1.095975 0.318106
v -0.397776 0.585811 -0.595134
v -0.807490 1.189203 0.195888
v -0.245908 0.362152 -0.645682
v -0.839761 1.236732 0.066143
v -0.116238 0.171185 0.669163
v -0.116238 0.171185 -0.669163
v -0.839761 1.236732 -0.066143
v -0.245908 0.362152 0.645682
v -0.807490 1.189203 -0.195888
v -0.776459 3.521903 0.195888
v -0.236458 1.072538 -0.645682
v -0.807490 3.662659 0.066143
v -0.111771 0.506977 0.669163
v -0.111771 0.506977 -0.669163
v -0.807490 3.662659 -0.066143
v -0.236458 1.072538 0.645682
v -0.776459 3.521903 -0.195888
v -0.382490 1.734919 0.595134
v -0.715588 3.245805 -0.318106
v -0.514745 2.334808 0.521639
v -0.627218 2.844972 -0.428098
v -0.627218 2.844971 0.428098
v -0.514745 2.334808 -0.521639
v -0.715588 3.245804 0.318106
v -0.382490 1.734919 -0.595134
v -0.659490 5.270900 -0.318106
v -0.474391 3.791521 0.521639
v -0.578048 4.619983 -0.428098
v -0.578048 4.619983 0.428098
v -0.474391 3.791522 -0.521639
v -0.659490 5.270899 0.318106
v -0.352505 2.817355 -0.595134
v -0.715588 5.719259 0.195888
v -0.217921 1.741707 -0.645682
v -0.744187 5.947832 0.066143
v -0.103009 0.823285 0.669163
v -0.103009 0.823286 -0.669163
v -0.744187 5.947832 -0.066143
v -0.217921 1.741707 0.645682
v -0.715588 5.719260 -0.195888
v -0.352505 2.817354 0.595134
v -0.191009 2.343943 -0.645682
v -0.652285 8.004433 0.066143
v -0.090288 1.107956 0.669163
v -0.090288 1.107956 -0.669163
v -0.652285 8.004433 -0.066143
v -0.191009 2.343943 0.645682
v -0.627218 7.696827 -0.195888
v -0.308973 3.791520 0.595134
v -0.578048 7.093435 -0.318106
v -0.415808 5.102529 0.521639
v -0.506663 6.217449 -0.428098
v -0.506663 6.217450 0.428098
v -0.415808 5.102529 -0.521639
v -0.578048 7.093435 0.318106
v -0.308973 3.791520 -0.595134
v -0.627218 7.696827 0.195888
v -0.341244 6.217448 0.521639
v -0.415808 7.575983 -0.428098
v -0.415808 7.575983 0.428098
v -0.341244 6.217449 -0.521639
v -0.474391 8.643376 0.318106
v -0.253567 4.619981 -0.595134
v -0.514745 9.378611 0.195888
v -0.156757 2.856102 -0.645682
v -0.535316 9.753428 0.066143
v -0.074097 1.350048 0.669163
v -0.074097 1.350048 -0.669163
v -0.535316 9.753428 -0.066143
v -0.156757 2.856102 0.645682
v -0.514745 9.378611 -0.195888
v -0.253567 4.619981 0.595134
v -0.474391 8.643376 -0.318106
v -0.397776 11.127604 0.066143
v -0.055059 1.540259 0.669163
v -0.055059 1.540259 -0.669163
v -0.397776 11.127605 -0.066143
v -0.116481 3.258504 0.645682
v -0.382490 10.699979 -0.195888
v -0.188418 5.270897 0.595134
v -0.352505 9.861157 -0.318106
v -0.253567 7.093434 0.521639
v -0.308973 8.643377 -0.428098
v -0.308973 8.643377 0.428098
v -0.253567 7.093434 -0.521639
v -0.352505 9.861156 0.318106
v -0.188418 5.270897 -0.595134
v -0.382490 10.699979 0.195888
v -0.116481 3.258504 -0.645682
v -0.190264 9.378611 -0.428098
v -0.190264 9.378611 0.428098
v -0.156146 7.696826 -0.521639
v -0.217071 10.699978 0.318106
v -0.116027 5.719256 -0.595134
v -0.235536 11.610153 0.195888
v -0.071729 3.535682 -0.645682
v -0.244949 12.074154 0.066143
v -0.033905 1.671278 0.669163
v -0.033905 1.671278 -0.669163
v -0.244949 12.074153 -0.066143
v -0.071729 3.535682 0.645682
v -0.235536 11.610154 -0.195888
v -0.116027 5.719256 0.595134
v -0.217071 10.699978 -0.318106
v -0.156146 7.696827 0.521639
v -0.011448 1.738071 -0.669163
v -0.082709 12.556705 -0.066143
v -0.024220 3.676987 0.645682
v -0.079531 12.074158 -0.195888
v -0.039177 5.947830 0.595134
v -0.073296 11.127608 -0.318106
v -0.052724 8.004433 0.521639
v -0.064244 9.753430 -0.428098
v -0.064244 9.753429 0.428098
v -0.052724 8.004431 -0.521639
v -0.073296 11.127608 0.318106
v -0.039177 5.947827 -0.595134
v -0.079531 12.074158 0.195888
v -0.024220 3.676987 -0.645682
v -0.082709 12.556705 0.066143
v -0.011448 1.738071 0.669163
vn 0.0011 0.0094 1.0000
vn 0.0067 0.0046 1.0000
vn 0.0702 0.0080 0.9975
vn 0.0067 0.0046 -1.0000
vn -0.0455 0.0088 -0.9989
vn 0.0264 0.0093 -0.9996
vn 0.2410 0.3279 -0.9135
vn 0.4752 0.6463 -0.5971
vn 0.8512 0.3839 -0.3580
vn 0.5962 0.2689 -0.7564
vn 0.0141 0.0192 0.9997
vn 0.0093 0.0141 0.9999
vn 0.0319 0.0139 0.9994
vn 0.0421 0.0190 0.9989
vn 0.1076 0.1463 -0.9834
vn 0.1510 0.2054 -0.9670
vn 0.4153 0.1873 -0.8902
vn 0.3076 0.1387 -0.9414
vn 0.0234 0.0319 0.9992
vn 0.0185 0.0252 0.9995
vn 0.0552 0.0249 0.9982
vn 0.0698 0.0315 0.9971
vn 0.0649 0.0883 -0.9940
vn 0.0819 0.1114 -0.9904
vn 0.2385 0.1076 -0.9652
vn 0.1907 0.0860 -0.9779
vn 0.0354 0.0482 0.9982
vn 0.0290 0.0394 0.9988
vn 0.0863 0.0389 0.9955
vn 0.1052 0.0475 0.9933
vn 0.0431 0.0586 -0.9974
vn 0.0526 0.0715 -0.9961
vn 0.1553 0.0700 -0.9854
vn 0.1277 0.0576 -0.9901
vn 0.0525 0.0715 0.9961
vn 0.0431 0.0586 0.9974
vn 0.1277 0.0576 0.9901
vn 0.1553 0.0700 0.9854
vn 0.0290 0.0394 -0.9988
vn 0.0354 0.0481 -0.9982
vn 0.1052 0.0475 -0.9933
vn 0.0863 0.0389 -0.9955
vn 0.0819 0.1114 0.9904
vn 0.0649 0.0883 0.9940
vn 0.1907 0.0860 0.9779
vn 0.2385 0.1076 0.9652
vn 0.0185 0.0252 -0.9995
vn 0.0234 0.0319 -0.9992
vn 0.0698 0.0315 -0.9971
vn 0.0552 0.0249 -0.9982
vn 0.1510 0.2054 0.9669
vn 0.1076 0.1463 0.9834
vn 0.3076 0.1387 0.9414
vn 0.4153 0.1873 0.8902
vn -0.0018 0.0139 -0.9999
vn 0.0124 0.0192 -0.9997
vn 0.0437 0.0190 -0.9989
vn 0.0423 0.0136 -0.9990
vn 0.4751 0.6463 0.5971
vn 0.2410 0.3279 0.9135
vn 0.5962 0.2689 0.7564
vn 0.8512 0.3838 0.3580
vn 0.6036 0.1611 0.7809
vn 0.4722 0.1261 0.8724
vn 0.5964 0.1115 0.7949
vn 0.7243 0.1354 0.6761
vn 0.0388 0.0137 -0.9992
vn 0.0680 0.0186 -0.9975
vn 0.0978 0.0179 -0.9950
vn 0.0809 0.0128 -0.9966
vn 0.9383 0.2505 0.2383
vn 0.7767 0.2073 0.5948
vn 0.8638 0.1615 0.4773
vn 0.9674 0.1808 0.1772
vn 0.0286 0.0092 0.9995
vn 0.0199 0.0044 0.9998
vn 0.0920 0.0069 0.9957
vn 0.0199 0.0044 -0.9998
vn -0.0190 0.0092 -0.9998
vn 0.0529 0.0087 -0.9986
vn 0.7767 0.2073 -0.5948
vn 0.9383 0.2505 -0.2382
vn 0.9674 0.1808 -0.1772
vn 0.8638 0.1615 -0.4772
vn 0.0697 0.0186 0.9974
vn 0.0501 0.0137 0.9987
vn 0.0718 0.0132 0.9973
vn 0.0964 0.0180 0.9952
vn 0.4722 0.1261 -0.8724
vn 0.6036 0.1611 -0.7809
vn 0.7243 0.1354 -0.6761
vn 0.5964 0.1115 -0.7949
vn 0.1152 0.0308 0.9929
vn 0.0912 0.0243 0.9955
vn 0.1259 0.0235 0.9918
vn 0.1588 0.0297 0.9869
vn 0.3064 0.0818 -0.9484
vn 0.3769 0.1006 -0.9208
vn 0.4914 0.0919 -0.8661
vn 0.4075 0.0762 -0.9100
vn 0.1727 0.0461 0.9839
vn 0.1421 0.0379 0.9891
vn 0.1951 0.0365 0.9801
vn 0.2361 0.0441 0.9707
vn 0.2086 0.0557 -0.9764
vn 0.2520 0.0673 -0.9654
vn 0.3396 0.0635 -0.9384
vn 0.2836 0.0530 -0.9575
vn 0.2520 0.0673 0.9654
vn 0.2086 0.0557 0.9764
vn 0.2836 0.0530 0.9575
vn 0.3396 0.0635 0.9384
vn 0.1421 0.0379 -0.9891
vn 0.1727 0.0461 -0.9839
vn 0.2361 0.0441 -0.9707
vn 0.1951 0.0365 -0.9801
vn 0.3769 0.1006 0.9208
vn 0.3064 0.0818 0.9484
vn 0.4075 0.0762 0.9100
vn 0.4914 0.0919 0.8661
vn 0.0912 0.0243 -0.9955
vn 0.1152 0.0308 -0.9929
vn 0.1588 0.0297 -0.9869
vn 0.1259 0.0235 -0.9918
vn 0.4930 0.0697 -0.8672
vn 0.5825 0.0824 -0.8087
vn 0.6529 0.0729 -0.7539
vn 0.5631 0.0628 -0.8240
vn 0.2948 0.0417 0.9547
vn 0.2449 0.0346 0.9689
vn 0.2905 0.0324 0.9563
vn 0.3478 0.0388 0.9368
vn 0.3515 0.0497 -0.9349
vn 0.4167 0.0589 -0.9071
vn 0.4827 0.0539 -0.8741
vn 0.4114 0.0459 -0.9103
vn 0.4167 0.0589 0.9071
vn 0.3515 0.0497 0.9349
vn 0.4114 0.0459 0.9103
vn 0.4827 0.0539 0.8741
vn 0.2449 0.0346 -0.9689
vn 0.2948 0.0417 -0.9547
vn 0.3478 0.0388 -0.9368
vn 0.2905 0.0324 -0.9563
vn 0.5825 0.0824 0.8087
vn 0.4930 0.0697 0.8672
vn 0.5632 0.0628 0.8240
vn 0.6529 0.0729 0.7539
vn 0.1591 0.0225 -0.9870
vn 0.2000 0.0283 -0.9794
vn 0.2383 0.0266 -0.9708
vn 0.1902 0.0212 -0.9815
vn 0.8005 0.1132 0.5886
vn 0.6864 0.0970 0.7207
vn 0.7505 0.0838 0.6555
vn 0.8493 0.0948 0.5194
vn 0.0777 0.0129 -0.9969
vn 0.1203 0.0173 -0.9926
vn 0.1474 0.0162 -0.9890
vn 0.1162 0.0114 -0.9932
vn 0.9802 0.1386 0.1415
vn 0.9093 0.1286 0.3958
vn 0.9351 0.1044 0.3386
vn 0.9868 0.1101 0.1185
vn 0.0549 0.0087 0.9985
vn 0.0324 0.0041 0.9995
vn 0.1103 0.0056 0.9939
vn 0.0324 0.0041 -0.9995
vn 0.0082 0.0093 -0.9999
vn 0.0773 0.0079 -0.9970
vn 0.9093 0.1286 -0.3958
vn 0.9802 0.1386 -0.1414
vn 0.9868 0.1101 -0.1185
vn 0.9351 0.1044 -0.3386
vn 0.1221 0.0173 0.9924
vn 0.0888 0.0127 0.9960
vn 0.1086 0.0120 0.9940
vn 0.1463 0.0163 0.9891
vn 0.6864 0.0970 -0.7207
vn 0.8005 0.1132 -0.5886
vn 0.8492 0.0948 -0.5194
vn 0.7505 0.0838 -0.6555
vn 0.2000 0.0283 0.9794
vn 0.1591 0.0225 0.9870
vn 0.1902 0.0212 0.9815
vn 0.2383 0.0266 0.9708
vn 0.1134 0.0116 -0.9935
vn 0.1672 0.0153 -0.9858
vn 0.1904 0.0139 -0.9816
vn 0.1467 0.0096 -0.9891
vn 0.9907 0.0893 0.1026
vn 0.9510 0.0857 0.2971
vn 0.9612 0.0709 0.2664
vn 0.9931 0.0733 0.0913
vn 0.0791 0.0078 0.9968
vn 0.0435 0.0035 0.9990
vn 0.1242 0.0040 0.9922
vn 0.0435 0.0035 -0.9990
vn 0.0351 0.0090 -0.9993
vn 0.0985 0.0067 -0.9951
vn 0.9510 0.0857 -0.2971
vn 0.9907 0.0893 -0.1026
vn 0.9931 0.0733 -0.0913
vn 0.9612 0.0709 -0.2664
vn 0.1689 0.0152 0.9855
vn 0.1237 0.0113 0.9923
vn 0.1409 0.0103 0.9900
vn 0.1896 0.0140 0.9818
vn 0.7965 0.0718 -0.6003
vn 0.8816 0.0795 -0.4653
vn 0.9036 0.0667 -0.4231
vn 0.8297 0.0612 -0.5548
vn 0.2735 0.0247 0.9615
vn 0.2190 0.0197 0.9755
vn 0.2453 0.0181 0.9693
vn 0.3053 0.0225 0.9520
vn 0.6199 0.0559 -0.7827
vn 0.7069 0.0637 -0.7044
vn 0.7481 0.0552 -0.6613
vn 0.6652 0.0491 -0.7451
vn 0.3949 0.0356 0.9180
vn 0.3320 0.0299 0.9428
vn 0.3688 0.0272 0.9291
vn 0.4361 0.0322 0.8993
vn 0.4636 0.0418 -0.8851
vn 0.5384 0.0485 -0.8413
vn 0.5845 0.0431 -0.8102
vn 0.5081 0.0375 -0.8605
vn 0.5384 0.0485 0.8413
vn 0.4636 0.0418 0.8851
vn 0.5081 0.0375 0.8605
vn 0.5845 0.0431 0.8102
vn 0.3320 0.0299 -0.9428
vn 0.3949 0.0356 -0.9180
vn 0.4361 0.0322 -0.8993
vn 0.3688 0.0272 -0.9291
vn 0.7069 0.0637 0.7044
vn 0.6199 0.0559 0.7827
vn 0.6652 0.0491 0.7451
vn 0.7481 0.0552 0.6613
vn 0.2190 0.0197 -0.9755
vn 0.2735 0.0247 -0.9615
vn 0.3053 0.0225 -0.9520
vn 0.2453 0.0181 -0.9693
vn 0.8816 0.0795 0.4653
vn 0.7965 0.0718 0.6003
vn 0.8297 0.0612 0.5548
vn 0.9036 0.0667 0.4231
vn 0.5456 0.0331 -0.8374
vn 0.6224 0.0377 -0.7818
vn 0.6529 0.0324 -0.7567
vn 0.5766 0.0286 -0.8165
vn 0.6224 0.0377 0.7818
vn 0.5456 0.0331 0.8374
vn 0.5766 0.0286 0.8165
vn 0.6529 0.0324 0.7567
vn 0.4010 0.0243 -0.9157
vn 0.4716 0.0286 -0.8814
vn 0.5016 0.0249 -0.8648
vn 0.4287 0.0213 -0.9032
vn 0.7796 0.0472 0.6245
vn 0.7012 0.0425 0.7117
vn 0.7294 0.0362 0.6831
vn 0.8036 0.0399 0.5939
vn 0.2689 0.0163 -0.9630
vn 0.3335 0.0202 -0.9425
vn 0.3581 0.0178 -0.9335
vn 0.2897 0.0144 -0.9570
vn 0.9191 0.0557 0.3900
vn 0.8541 0.0518 0.5175
vn 0.8721 0.0433 0.4875
vn 0.9302 0.0461 0.3641
vn 0.1443 0.0098 -0.9895
vn 0.2070 0.0127 -0.9783
vn 0.2256 0.0111 -0.9742
vn 0.1714 0.0075 -0.9852
vn 0.9947 0.0603 0.0828
vn 0.9682 0.0587 0.2432
vn 0.9731 0.0483 0.2255
vn 0.9958 0.0494 0.0765
vn 0.1001 0.0066 0.9950
vn 0.0530 0.0029 0.9986
vn 0.1334 0.0023 0.9911
vn 0.0530 0.0029 -0.9986
vn 0.0606 0.0084 -0.9981
vn 0.1159 0.0053 -0.9932
vn 0.9682 0.0587 -0.2432
vn 0.9947 0.0603 -0.0828
vn 0.9958 0.0494 -0.0765
vn 0.9731 0.0483 -0.2255
vn 0.2084 0.0126 0.9780
vn 0.1536 0.0094 0.9881
vn 0.1675 0.0082 0.9858
vn 0.2251 0.0112 0.9743
vn 0.8541 0.0518 -0.5175
vn 0.9191 0.0557 -0.3900
vn 0.9302 0.0461 -0.3641
vn 0.8721 0.0433 -0.4875
vn 0.3335 0.0202 0.9425
vn 0.2689 0.0163 0.9630
vn 0.2897 0.0144 0.9570
vn 0.3581 0.0178 0.9335
vn 0.7012 0.0425 -0.7117
vn 0.7796 0.0472 -0.6245
vn 0.8036 0.0399 -0.5939
vn 0.7294 0.0362 -0.6831
vn 0.4716 0.0286 0.8814
vn 0.4010 0.0243 0.9157
vn 0.4287 0.0213 0.9032
vn 0.5016 0.0249 0.8648
vn 0.1171 0.0051 0.9931
vn 0.0605 0.0022 0.9982
vn 0.1376 0.0005 0.9905
vn 0.0605 0.0022 -0.9982
vn 0.0837 0.0074 -0.9965
vn 0.1289 0.0036 -0.9917
vn 0.9765 0.0391 -0.2119
vn 0.9966 0.0399 -0.0717
vn 0.9972 0.0315 -0.0681
vn 0.9790 0.0310 -0.2016
vn 0.2395 0.0096 0.9708
vn 0.1773 0.0072 0.9841
vn 0.1875 0.0059 0.9822
vn 0.2516 0.0080 0.9678
vn 0.8854 0.0355 -0.4635
vn 0.9382 0.0376 -0.3439
vn 0.9441 0.0299 -0.3284
vn 0.8953 0.0283 -0.4447
vn 0.3790 0.0152 0.9253
vn 0.3076 0.0123 0.9514
vn 0.3225 0.0102 0.9465
vn 0.3963 0.0125 0.9180
vn 0.7515 0.0301 -0.6590
vn 0.8218 0.0329 -0.5688
vn 0.8356 0.0264 -0.5487
vn 0.7685 0.0243 -0.6394
vn 0.5265 0.0211 0.8499
vn 0.4521 0.0181 0.8918
vn 0.4712 0.0149 0.8819
vn 0.5465 0.0173 0.8372
vn 0.6019 0.0241 -0.7982
vn 0.6774 0.0272 -0.7351
vn 0.6965 0.0220 -0.7172
vn 0.6221 0.0197 -0.7827
vn 0.6774 0.0272 0.7351
vn 0.6019 0.0241 0.7982
vn 0.6221 0.0197 0.7827
vn 0.6965 0.0220 0.7172
vn 0.4521 0.0181 -0.8918
vn 0.5265 0.0211 -0.8499
vn 0.5465 0.0173 -0.8372
vn 0.4712 0.0149 -0.8819
vn 0.8218 0.0329 0.5688
vn 0.7515 0.0301 0.6590
vn 0.7685 0.0243 0.6394
vn 0.8356 0.0264 0.5487
vn 0.3076 0.0123 -0.9514
vn 0.3790 0.0152 -0.9253
vn 0.3963 0.0125 -0.9180
vn 0.3225 0.0102 -0.9465
vn 0.9382 0.0376 0.3439
vn 0.8854 0.0355 0.4635
vn 0.8953 0.0283 0.4447
vn 0.9441 0.0299 0.3284
vn 0.1695 0.0077 -0.9855
vn 0.2383 0.0097 -0.9712
vn 0.2518 0.0078 -0.9677
vn 0.1894 0.0051 -0.9819
vn 0.9966 0.0399 0.0717
vn 0.9765 0.0391 0.2119
vn 0.9790 0.0310 0.2016
vn 0.9972 0.0315 0.0681
vn 0.7110 0.0170 0.7029
vn 0.6376 0.0153 0.7702
vn 0.6489 0.0109 0.7608
vn 0.7215 0.0121 0.6923
vn 0.4862 0.0116 -0.8738
vn 0.5622 0.0135 -0.8269
vn 0.5737 0.0096 -0.8190
vn 0.4973 0.0083 -0.8675
vn 0.8457 0.0202 0.5332
vn 0.7812 0.0187 0.6240
vn 0.7902 0.0132 0.6127
vn 0.8529 0.0143 0.5219
vn 0.3344 0.0080 -0.9424
vn 0.4101 0.0098 -0.9120
vn 0.4203 0.0070 -0.9074
vn 0.3434 0.0058 -0.9392
vn 0.9483 0.0227 0.3167
vn 0.9024 0.0216 0.4303
vn 0.9074 0.0152 0.4200
vn 0.9512 0.0159 0.3083
vn 0.1881 0.0053 -0.9821
vn 0.2604 0.0063 -0.9655
vn 0.2686 0.0044 -0.9632
vn 0.2002 0.0025 -0.9797
vn 0.9976 0.0239 0.0654
vn 0.9807 0.0235 0.1939
vn 0.9820 0.0165 0.1884
vn 0.9978 0.0167 0.0635
vn 0.1297 0.0035 0.9915
vn 0.0656 0.0013 0.9978
vn 0.1365 -0.0013 0.9906
vn 0.0656 0.0013 -0.9978
vn 0.1035 0.0061 -0.9946
vn 0.1369 0.0019 -0.9906
vn 0.9807 0.0235 -0.1939
vn 0.9976 0.0239 -0.0654
vn 0.9978 0.0167 -0.0635
vn 0.9820 0.0165 -0.1884
vn 0.2614 0.0063 0.9652
vn 0.1943 0.0047 0.9809
vn 0.2005 0.0033 0.9797
vn 0.2688 0.0045 0.9632
vn 0.9024 0.0216 -0.4303
vn 0.9483 0.0227 -0.3167
vn 0.9512 0.0159 -0.3083
vn 0.9074 0.0152 -0.4200
vn 0.4101 0.0098 0.9120
vn 0.3344 0.0080 0.9424
vn 0.3434 0.0058 0.9392
vn 0.4203 0.0070 0.9074
vn 0.7812 0.0187 -0.6240
vn 0.8457 0.0202 -0.5332
vn 0.8529 0.0143 -0.5219
vn 0.7902 0.0132 -0.6127
vn 0.5622 0.0135 0.8269
vn 0.4862 0.0116 0.8738
vn 0.4973 0.0083 0.8675
vn 0.5737 0.0096 0.8190
vn 0.6376 0.0153 -0.7702
vn 0.7110 0.0170 -0.7029
vn 0.7215 0.0121 -0.6923
vn 0.6489 0.0109 -0.7608
vn 0.9827 0.0097 -0.1849
vn 0.9980 0.0099 -0.0623
vn 0.9981 0.0033 -0.0617
vn 0.9831 0.0032 -0.1832
vn 0.2737 0.0027 0.9618
vn 0.2039 0.0021 0.9790
vn 0.2060 0.0006 0.9786
vn 0.2761 0.0009 0.9611
vn 0.9106 0.0090 -0.4133
vn 0.9530 0.0095 -0.3029
vn 0.9539 0.0031 -0.3003
vn 0.9121 0.0030 -0.4100
vn 0.4271 0.0042 0.9042
vn 0.3493 0.0035 0.9370
vn 0.3523 0.0012 0.9359
vn 0.4305 0.0014 0.9026
vn 0.7960 0.0079 -0.6053
vn 0.8574 0.0085 -0.5146
vn 0.8596 0.0028 -0.5109
vn 0.7988 0.0026 -0.6016
vn 0.5812 0.0058 0.8137
vn 0.5047 0.0050 0.8633
vn 0.5083 0.0017 0.8612
vn 0.5850 0.0019 0.8110
vn 0.6562 0.0065 -0.7545
vn 0.7282 0.0072 -0.6853
vn 0.7316 0.0024 -0.6818
vn 0.6598 0.0022 -0.7514
vn 0.7282 0.0072 0.6853
vn 0.6562 0.0065 0.7545
vn 0.6598 0.0022 0.7514
vn 0.7316 0.0024 0.6818
vn 0.5047 0.0050 -0.8633
vn 0.5812 0.0058 -0.8137
vn 0.5850 0.0019 -0.8110
vn 0.5083 0.0017 -0.8612
vn 0.8574 0.0085 0.5146
vn 0.7960 0.0079 0.6053
vn 0.7988 0.0026 0.6016
vn 0.8596 0.0028 0.5109
vn 0.3493 0.0035 -0.9370
vn 0.4271 0.0042 -0.9042
vn 0.4305 0.0014 -0.9026
vn 0.3523 0.0012 -0.9359
vn 0.9530 0.0095 0.3029
vn 0.9106 0.0090 0.4133
vn 0.9121 0.0030 0.4100
vn 0.9539 0.0031 0.3003
vn 0.1996 0.0028 -0.9799
vn 0.2729 0.0028 -0.9620
vn 0.2757 0.0008 -0.9613
vn 0.2036 -0.0001 -0.9790
vn 0.9980 0.0099 0.0623
vn 0.9827 0.0097 0.1849
vn 0.9831 0.0032 0.1832
vn 0.9981 0.0033 0.0617
vn 0.1373 0.0018 0.9905
vn 0.0682 0.0004 0.9977
vn 0.1303 -0.0030 0.9915
vn 0.0682 0.0004 -0.9977
vn 0.1192 0.0047 -0.9929
vn 0.1397 0.0001 -0.9902
vn 0.5083 -0.0017 -0.8612
vn 0.5850 -0.0019 -0.8110
vn 0.5812 -0.0058 -0.8137
vn 0.5047 -0.0050 -0.8633
vn 0.8596 -0.0028 0.5109
vn 0.7988 -0.0026 0.6016
vn 0.7960 -0.0079 0.6053
vn 0.8574 -0.0085 0.5146
vn 0.3523 -0.0012 -0.9359
vn 0.4305 -0.0014 -0.9026
vn 0.4271 -0.0042 -0.9042
vn 0.3493 -0.0035 -0.9370
vn 0.9539 -0.0031 0.3003
vn 0.9121 -0.0030 0.4100
vn 0.9106 -0.0090 0.4133
vn 0.9530 -0.0095 0.3029
vn 0.2036 0.0001 -0.9790
vn 0.2757 -0.0008 -0.9613
vn 0.2729 -0.0028 -0.9620
vn 0.1996 -0.0028 -0.9799
vn 0.9981 -0.0033 0.0617
vn 0.9831 -0.0032 0.1832
vn 0.9827 -0.0097 0.1849
vn 0.9980 -0.0099 0.0623
vn 0.1397 -0.0001 0.9902
vn 0.0682 -0.0004 0.9977
vn 0.1192 -0.0047 0.9929
vn 0.0682 -0.0004 -0.9977
vn 0.1303 0.0030 -0.9915
vn 0.1373 -0.0018 -0.9905
vn 0.9831 -0.0032 -0.1832
vn 0.9981 -0.0033 -0.0617
vn 0.9980 -0.0099 -0.0623
vn 0.9827 -0.0097 -0.1849
vn 0.2761 -0.0009 0.9611
vn 0.2060 -0.0006 0.9786
vn 0.2039 -0.0021 0.9790
vn 0.2737 -0.0027 0.9618
vn 0.9121 -0.0030 -0.4100
vn 0.9539 -0.0031 -0.3003
vn 0.9530 -0.0095 -0.3029
vn 0.9106 -0.0090 -0.4133
vn 0.4305 -0.0014 0.9026
vn 0.3523 -0.0012 0.9359
vn 0.3493 -0.0035 0.9370
vn 0.4271 -0.0042 0.9042
vn 0.7988 -0.0026 -0.6016
vn 0.8596 -0.0028 -0.5109
vn 0.8574 -0.0085 -0.5146
vn 0.7960 -0.0079 -0.6053
vn 0.5850 -0.0019 0.8110
vn 0.5083 -0.0017 0.8612
vn 0.5047 -0.0050 0.8633
vn 0.5812 -0.0058 0.8137
vn 0.6598 -0.0022 -0.7514
vn 0.7316 -0.0024 -0.6818
vn 0.7282 -0.0072 -0.6853
vn 0.6562 -0.0065 -0.7545
vn 0.7316 -0.0024 0.6818
vn 0.6598 -0.0022 0.7514
vn 0.6562 -0.0065 0.7545
vn 0.7282 -0.0072 0.6853
vn 0.2688 -0.0045 0.9632
vn 0.2005 -0.0033 0.9797
vn 0.1943 -0.0047 0.9809
vn 0.2614 -0.0063 0.9652
vn 0.9074 -0.0152 -0.4200
vn 0.9512 -0.0159 -0.3083
vn 0.9483 -0.0227 -0.3167
vn 0.9024 -0.0216 -0.4303
vn 0.4203 -0.0070 0.9074
vn 0.3434 -0.0058 0.9392
vn 0.3344 -0.0080 0.9424
vn 0.4101 -0.0098 0.9120
vn 0.7902 -0.0132 -0.6127
vn 0.8529 -0.0143 -0.5219
vn 0.8457 -0.0202 -0.5332
vn 0.7812 -0.0187 -0.6240
vn 0.5737 -0.0096 0.8190
vn 0.4973 -0.0083 0.8675
vn 0.4862 -0.0116 0.8738
vn 0.5622 -0.0135 0.8269
vn 0.6489 -0.0109 -0.7608
vn 0.7215 -0.0121 -0.6923
vn 0.7110 -0.0170 -0.7029
vn 0.6376 -0.0153 -0.7702
vn 0.7215 -0.0121 0.6923
vn 0.6489 -0.0109 0.7608
vn 0.6376 -0.0153 0.7702
vn 0.7110 -0.0170 0.7029
vn 0.4973 -0.0083 -0.8675
vn 0.5737 -0.0096 -0.8190
vn 0.5622 -0.0135 -0.8269
vn 0.4862 -0.0116 -0.8738
vn 0.8529 -0.0143 0.5219
vn 0.7902 -0.0132 0.6127
vn 0.7812 -0.0187 0.6240
vn 0.8457 -0.0202 0.5332
vn 0.3434 -0.0058 -0.9392
vn 0.4203 -0.0070 -0.9074
vn 0.4101 -0.0098 -0.9120
vn 0.3344 -0.0080 -0.9424
vn 0.9512 -0.0159 0.3083
vn 0.9074 -0.0152 0.4200
vn 0.9024 -0.0216 0.4303
vn 0.9483 -0.0227 0.3167
vn 0.2002 -0.0025 -0.9797
vn 0.2686 -0.0044 -0.9632
vn 0.2604 -0.0063 -0.9655
vn 0.1881 -0.0053 -0.9821
vn 0.9978 -0.0167 0.0635
vn 0.9820 -0.0165 0.1884
vn 0.9807 -0.0235 0.1939
vn 0.9976 -0.0239 0.0654
vn 0.1369 -0.0019 0.9906
vn 0.0656 -0.0013 0.9978
vn 0.1035 -0.0061 0.9946
vn 0.0656 -0.0013 -0.9978
vn 0.1365 0.0013 -0.9906
vn 0.1297 -0.0035 -0.9915
vn 0.9820 -0.0165 -0.1884
vn 0.9978 -0.0167 -0.0635
vn 0.9976 -0.0239 -0.0654
vn 0.9807 -0.0235 -0.1939
vn 0.8356 -0.0264 0.5487
vn 0.7685 -0.0243 0.6394
vn 0.7515 -0.0301 0.6590
vn 0.8218 -0.0329 0.5688
vn 0.3225 -0.0102 -0.9465
vn 0.3963 -0.0125 -0.9180
vn 0.3790 -0.0152 -0.9253
vn 0.3076 -0.0123 -0.9514
vn 0.9441 -0.0299 0.3284
vn 0.8953 -0.0283 0.4447
vn 0.8854 -0.0355 0.4635
vn 0.9382 -0.0376 0.3439
vn 0.1894 -0.0051 -0.9819
vn 0.2518 -0.0078 -0.9677
vn 0.2383 -0.0097 -0.9712
vn 0.1695 -0.0077 -0.9855
vn 0.9972 -0.0315 0.0681
vn 0.9790 -0.0310 0.2016
vn 0.9765 -0.0391 0.2119
vn 0.9966 -0.0399 0.0717
vn 0.1289 -0.0036 0.9917
vn 0.0605 -0.0022 0.9982
vn 0.0837 -0.0074 0.9965
vn 0.0605 -0.0022 -0.9982
vn 0.1376 -0.0005 -0.9905
vn 0.1171 -0.0051 -0.9931
vn 0.9790 -0.0310 -0.2016
vn 0.9972 -0.0315 -0.0681
vn 0.9966 -0.0399 -0.0717
vn 0.9765 -0.0391 -0.2119
vn 0.2516 -0.0080 0.9678
vn 0.1875 -0.0059 0.9822
vn 0.1773 -0.0072 0.9841
vn 0.2395 -0.0096 0.9708
vn 0.8953 -0.0283 -0.4447
vn 0.9441 -0.0299 -0.3284
vn 0.9382 -0.0376 -0.3439
vn 0.8854 -0.0355 -0.4635
vn 0.3963 -0.0125 0.9180
vn 0.3225 -0.0102 0.9465
vn 0.3076 -0.0123 0.9514
vn 0.3790 -0.0152 0.9253
vn 0.7685 -0.0243 -0.6394
vn 0.8356 -0.0264 -0.5487
vn 0.8218 -0.0329 -0.5688
vn 0.7515 -0.0301 -0.6590
vn 0.5465 -0.0173 0.8372
vn 0.4712 -0.0149 0.8819
vn 0.4521 -0.0181 0.8918
vn 0.5265 -0.0211 0.8499
vn 0.6221 -0.0197 -0.7827
vn 0.6965 -0.0220 -0.7172
vn 0.6774 -0.0272 -0.7351
vn 0.6019 -0.0241 -0.7982
vn 0.6965 -0.0220 0.7172
vn 0.6221 -0.0197 0.7827
vn 0.6019 -0.0241 0.7982
vn 0.6774 -0.0272 0.7351
vn 0.4712 -0.0149 -0.8819
vn 0.5465 -0.0173 -0.8373
vn 0.5265 -0.0211 -0.8499
vn 0.4521 -0.0181 -0.8918
vn 0.8721 -0.0433 -0.4875
vn 0.9302 -0.0461 -0.3641
vn 0.9191 -0.0557 -0.3900
vn 0.8541 -0.0518 -0.5175
vn 0.3581 -0.0178 0.9335
vn 0.2897 -0.0144 0.9570
vn 0.2689 -0.0163 0.9630
vn 0.3335 -0.0202 0.9425
vn 0.7294 -0.0362 -0.6831
vn 0.8036 -0.0399 -0.5939
vn 0.7796 -0.0472 -0.6245
vn 0.7012 -0.0425 -0.7117
vn 0.5016 -0.0249 0.8648
vn 0.4287 -0.0213 0.9032
vn 0.4010 -0.0243 0.9157
vn 0.4716 -0.0286 0.8813
vn 0.5766 -0.0286 -0.8165
vn 0.6529 -0.0324 -0.7567
vn 0.6224 -0.0377 -0.7818
vn 0.5456 -0.0331 -0.8374
vn 0.6529 -0.0324 0.7567
vn 0.5766 -0.0286 0.8165
vn 0.5456 -0.0331 0.8374
vn 0.6224 -0.0377 0.7818
vn 0.4287 -0.0213 -0.9032
vn 0.5016 -0.0249 -0.8648
vn 0.4716 -0.0286 -0.8814
vn 0.4010 -0.0243 -0.9157
vn 0.8036 -0.0399 0.5939
vn 0.7294 -0.0362 0.6831
vn 0.7012 -0.0425 0.7117
vn 0.7796 -0.0472 0.6245
vn 0.2897 -0.0144 -0.9570
vn 0.3581 -0.0178 -0.9335
vn 0.3335 -0.0202 -0.9425
vn 0.2690 -0.0163 -0.9630
vn 0.9302 -0.0461 0.3641
vn 0.8721 -0.0433 0.4875
vn 0.8541 -0.0518 0.5175
vn 0.9191 -0.0557 0.3900
vn 0.1714 -0.0075 -0.9852
vn 0.2256 -0.0111 -0.9742
vn 0.2070 -0.0127 -0.9783
vn 0.1443 -0.0098 -0.9895
vn 0.9958 -0.0494 0.0765
vn 0.9731 -0.0483 0.2255
vn 0.9682 -0.0587 0.2432
vn 0.9947 -0.0603 0.0828
vn 0.1159 -0.0053 0.9932
vn 0.0530 -0.0029 0.9986
vn 0.0606 -0.0084 0.9981
vn 0.0530 -0.0029 -0.9986
vn 0.1334 -0.0023 -0.9911
vn 0.1001 -0.0066 -0.9950
vn 0.9731 -0.0483 -0.2255
vn 0.9958 -0.0494 -0.0765
vn 0.9947 -0.0603 -0.0828
vn 0.9682 -0.0587 -0.2432
vn 0.2251 -0.0112 0.9743
vn 0.1675 -0.0082 0.9858
vn 0.1536 -0.0094 0.9881
vn 0.2084 -0.0126 0.9780
vn 0.2453 -0.0181 -0.9693
vn 0.3053 -0.0225 -0.9520
vn 0.2735 -0.0247 -0.9615
vn 0.2190 -0.0197 -0.9755
vn 0.9036 -0.0667 0.4231
vn 0.8297 -0.0612 0.5548
vn 0.7965 -0.0718 0.6003
vn 0.8816 -0.0795 0.4653
vn 0.1467 -0.0096 -0.9891
vn 0.1904 -0.0139 -0.9816
vn 0.1672 -0.0153 -0.9858
vn 0.1134 -0.0116 -0.9935
vn 0.9931 -0.0733 0.0912
vn 0.9612 -0.0709 0.2664
vn 0.9510 -0.0857 0.2971
vn 0.9907 -0.0893 0.1026
vn 0.0985 -0.0067 0.9951
vn 0.0435 -0.0035 0.9990
vn 0.0351 -0.0090 0.9993
vn 0.0435 -0.0035 -0.9990
vn 0.1242 -0.0040 -0.9922
vn 0.0791 -0.0078 -0.9968
vn 0.9612 -0.0709 -0.2664
vn 0.9931 -0.0733 -0.0913
vn 0.9907 -0.0893 -0.1026
vn 0.9510 -0.0857 -0.2971
vn 0.1896 -0.0140 0.9818
vn 0.1409 -0.0103 0.9900
vn 0.1237 -0.0113 0.9923
vn 0.1689 -0.0152 0.9855
vn 0.8297 -0.0612 -0.5548
vn 0.9036 -0.0667 -0.4231
vn 0.8816 -0.0795 -0.4653
vn 0.7965 -0.0718 -0.6003
vn 0.3053 -0.0225 0.9520
vn 0.2453 -0.0181 0.9693
vn 0.2190 -0.0197 0.9755
vn 0.2736 -0.0247 0.9615
vn 0.6652 -0.0491 -0.7451
vn 0.7481 -0.0552 -0.6613
vn 0.7069 -0.0637 -0.7044
vn 0.6199 -0.0559 -0.7827
vn 0.4361 -0.0322 0.8993
vn 0.3688 -0.0272 0.9291
vn 0.3320 -0.0299 0.9428
vn 0.3949 -0.0356 0.9180
vn 0.5081 -0.0375 -0.8605
vn 0.5845 -0.0431 -0.8102
vn 0.5384 -0.0485 -0.8413
vn 0.4636 -0.0418 -0.8851
vn 0.5845 -0.0431 0.8102
vn 0.5081 -0.0375 0.8605
vn 0.4636 -0.0418 0.8851
vn 0.5384 -0.0485 0.8413
vn 0.3688 -0.0272 -0.9291
vn 0.4361 -0.0322 -0.8993
vn 0.3949 -0.0356 -0.9180
vn 0.3320 -0.0299 -0.9428
vn 0.7481 -0.0552 0.6613
vn 0.6652 -0.0491 0.7451
vn 0.6199 -0.0559 0.7827
vn 0.7069 -0.0637 0.7044
vn 0.5632 -0.0628 -0.8240
vn 0.6529 -0.0729 -0.7539
vn 0.5825 -0.0824 -0.8087
vn 0.4930 -0.0697 -0.8672
vn 0.3478 -0.0388 0.9368
vn 0.2905 -0.0324 0.9563
vn 0.2449 -0.0346 0.9689
vn 0.2948 -0.0417 0.9547
vn 0.4114 -0.0459 -0.9103
vn 0.4827 -0.0539 -0.8741
vn 0.4167 -0.0589 -0.9071
vn 0.3515 -0.0497 -0.9349
vn 0.4827 -0.0539 0.8741
vn 0.4114 -0.0459 0.9103
vn 0.3515 -0.0497 0.9349
vn 0.4167 -0.0589 0.9071
vn 0.2905 -0.0324 -0.9563
vn 0.3478 -0.0388 -0.9368
vn 0.2948 -0.0417 -0.9547
vn 0.2449 -0.0346 -0.9689
vn 0.6529 -0.0729 0.7539
vn 0.5632 -0.0628 0.8240
vn 0.4930 -0.0697 0.8672
vn 0.5825 -0.0824 0.8087
vn 0.1902 -0.0212 -0.9815
vn 0.2383 -0.0266 -0.9708
vn 0.2000 -0.0283 -0.9794
vn 0.1591 -0.0225 -0.9870
vn 0.8492 -0.0948 0.5194
vn 0.7505 -0.0838 0.6555
vn 0.6864 -0.0970 0.7207
vn 0.8005 -0.1132 0.5886
vn 0.1162 -0.0114 -0.9932
vn 0.1474 -0.0162 -0.9890
vn 0.1203 -0.0173 -0.9926
vn 0.0777 -0.0129 -0.9969
vn 0.9868 -0.1101 0.1184
vn 0.9351 -0.1044 0.3385
vn 0.9093 -0.1286 0.3958
vn 0.9802 -0.1386 0.1414
vn 0.0773 -0.0079 0.9970
vn 0.0324 -0.0041 0.9995
vn 0.0082 -0.0093 0.9999
vn 0.0324 -0.0041 -0.9995
vn 0.1103 -0.0056 -0.9939
vn 0.0549 -0.0087 -0.9985
vn 0.9351 -0.1044 -0.3385
vn 0.9868 -0.1101 -0.1185
vn 0.9802 -0.1386 -0.1415
vn 0.9093 -0.1286 -0.3958
vn 0.1463 -0.0163 0.9891
vn 0.1086 -0.0120 0.9940
vn 0.0888 -0.0127 0.9960
vn 0.1221 -0.0173 0.9924
vn 0.7505 -0.0838 -0.6555
vn 0.8493 -0.0948 -0.5194
vn 0.8005 -0.1132 -0.5886
vn 0.6864 -0.0970 -0.7207
vn 0.2383 -0.0266 0.9708
vn 0.1902 -0.0212 0.9815
vn 0.1591 -0.0225 0.9870
vn 0.2000 -0.0283 0.9794
vn 0.0809 -0.0128 -0.9966
vn 0.0978 -0.0179 -0.9950
vn 0.0680 -0.0186 -0.9975
vn 0.0388 -0.0137 -0.9992
vn 0.9674 -0.1808 0.1772
vn 0.8638 -0.1615 0.4772
vn 0.7767 -0.2073 0.5948
vn 0.9383 -0.2505 0.2383
vn 0.0529 -0.0087 0.9986
vn 0.0199 -0.0044 0.9998
vn -0.0190 -0.0092 0.9998
vn 0.0199 -0.0044 -0.9998
vn 0.0920 -0.0069 -0.9957
vn 0.0286 -0.0092 -0.9995
vn 0.8638 -0.1615 -0.4772
vn 0.9674 -0.1808 -0.1772
vn 0.9383 -0.2505 -0.2383
vn 0.7767 -0.2073 -0.5948
vn 0.0964 -0.0180 0.9952
vn 0.0718 -0.0132 0.9973
vn 0.0501 -0.0137 0.9987
vn 0.0697 -0.0186 0.9974
vn 0.5964 -0.1115 -0.7949
vn 0.7243 -0.1354 -0.6761
vn 0.6036 -0.1611 -0.7809
vn 0.4722 -0.1261 -0.8724
vn 0.1588 -0.0297 0.9869
vn 0.1259 -0.0235 0.9918
vn 0.0912 -0.0243 0.9955
vn 0.1152 -0.0308 0.9929
vn 0.4075 -0.0762 -0.9100
vn 0.4914 -0.0919 -0.8661
vn 0.3769 -0.1006 -0.9208
vn 0.3064 -0.0818 -0.9484
vn 0.2361 -0.0441 0.9707
vn 0.1951 -0.0365 0.9801
vn 0.1421 -0.0379 0.9891
vn 0.1727 -0.0461 0.9839
vn 0.2836 -0.0530 -0.9575
vn 0.3396 -0.0635 -0.9384
vn 0.2520 -0.0673 -0.9654
vn 0.2086 -0.0557 -0.9764
vn 0.3396 -0.0635 0.9384
vn 0.2836 -0.0530 0.9575
vn 0.2086 -0.0557 0.9764
vn 0.2520 -0.0673 0.9654
vn 0.1951 -0.0365 -0.9801
vn 0.2361 -0.0441 -0.9707
vn 0.1727 -0.0461 -0.9839
vn 0.1421 -0.0379 -0.9891
vn 0.4914 -0.0919 0.8661
vn 0.4075 -0.0762 0.9100
vn 0.3064 -0.0818 0.9484
vn 0.3769 -0.1006 0.9208
vn 0.1259 -0.0235 -0.9918
vn 0.1588 -0.0297 -0.9869
vn 0.1152 -0.0308 -0.9929
vn 0.0912 -0.0243 -0.9955
vn 0.7243 -0.1354 0.6761
vn 0.5964 -0.1115 0.7949
vn 0.4722 -0.1261 0.8724
vn 0.6036 -0.1611 0.7809
vn 0.1052 -0.0475 0.9933
vn 0.0863 -0.0389 0.9955
vn 0.0290 -0.0394 0.9988
vn 0.0354 -0.0482 0.9982
vn 0.1277 -0.0576 -0.9901
vn 0.1553 -0.0700 -0.9854
vn 0.0526 -0.0715 -0.9961
vn 0.0431 -0.0586 -0.9974
vn 0.1553 -0.0700 0.9854
vn 0.1277 -0.0576 0.9901
vn 0.0431 -0.0586 0.9974
vn 0.0525 -0.0715 0.9961
vn 0.0863 -0.0389 -0.9955
vn 0.1052 -0.0475 -0.9933
vn 0.0354 -0.0481 -0.9982
vn 0.0290 -0.0394 -0.9988
vn 0.2385 -0.1076 0.9652
vn 0.1907 -0.0860 0.9779
vn 0.0649 -0.0883 0.9940
vn 0.0819 -0.1114 0.9904
vn 0.0552 -0.0249 -0.9982
vn 0.0699 -0.0315 -0.9971
vn 0.0234 -0.0319 -0.9992
vn 0.0185 -0.0252 -0.9995
vn 0.4153 -0.1873 0.8902
vn 0.3076 -0.1387 0.9414
vn 0.1076 -0.1463 0.9834
vn 0.1510 -0.2054 0.9669
vn 0.0423 -0.0136 -0.9990
vn 0.0437 -0.0190 -0.9989
vn 0.0124 -0.0192 -0.9997
vn -0.0018 -0.0139 -0.9999
vn 0.8512 -0.3839 0.3580
vn 0.5962 -0.2689 0.7564
vn 0.2410 -0.3279 0.9135
vn 0.4752 -0.6463 0.5971
vn 0.0264 -0.0093 0.9996
vn 0.0067 -0.0046 1.0000
vn -0.0455 -0.0088 0.9989
vn 0.0067 -0.0046 -1.0000
vn 0.0702 -0.0080 -0.9975
vn 0.0011 -0.0094 -1.0000
vn 0.5962 -0.2689 -0.7564
vn 0.8512 -0.3839 -0.3580
vn 0.4752 -0.6463 -0.5970
vn 0.2410 -0.3279 -0.9135
vn 0.0421 -0.0190 0.9989
vn 0.0319 -0.0139 0.9994
vn 0.0093 -0.0141 0.9999
vn 0.0141 -0.0192 0.9997
vn 0.3076 -0.1387 -0.9414
vn 0.4153 -0.1873 -0.8902
vn 0.1510 -0.2054 -0.9669
vn 0.1076 -0.1463 -0.9834
vn 0.0698 -0.0315 0.9971
vn 0.0552 -0.0249 0.9982
vn 0.0185 -0.0252 0.9995
vn 0.0234 -0.0319 0.9992
vn 0.1907 -0.0860 -0.9779
vn 0.2385 -0.1076 -0.9652
vn 0.0819 -0.1114 -0.9904
vn 0.0649 -0.0883 -0.9940
vn -0.4752 -0.6463 0.5971
vn -0.2410 -0.3279 0.9135
vn -0.5962 -0.2689 0.7564
vn -0.8512 -0.3839 0.3580
vn -0.0011 -0.0094 1.0000
vn -0.0067 -0.0046 1.0000
vn -0.0702 -0.0080 0.9975
vn -0.0067 -0.0046 -1.0000
vn 0.0455 -0.0088 -0.9989
vn -0.0264 -0.0093 -0.9996
vn -0.2410 -0.3279 -0.9135
vn -0.4752 -0.6463 -0.5971
vn -0.8512 -0.3839 -0.3580
vn -0.5962 -0.2689 -0.7564
vn -0.0141 -0.0192 0.9997
vn -0.0093 -0.0141 0.9999
vn -0.0320 -0.0139 0.9994
vn -0.0421 -0.0190 0.9989
vn -0.1076 -0.1463 -0.9834
vn -0.1510 -0.2054 -0.9669
vn -0.4153 -0.1873 -0.8902
vn -0.3076 -0.1387 -0.9414
vn -0.0234 -0.0319 0.9992
vn -0.0185 -0.0252 0.9995
vn -0.0552 -0.0249 0.9982
vn -0.0698 -0.0315 0.9971
vn -0.0649 -0.0883 -0.9940
vn -0.0819 -0.1114 -0.9904
vn -0.2385 -0.1076 -0.9652
vn -0.1907 -0.0860 -0.9779
vn -0.0354 -0.0482 0.9982
vn -0.0290 -0.0394 0.9988
vn -0.0863 -0.0389 0.9955
vn -0.1052 -0.0475 0.9933
vn -0.0431 -0.0586 -0.9974
vn -0.0526 -0.0715 -0.9961
vn -0.1553 -0.0700 -0.9854
vn -0.1277 -0.0576 -0.9901
vn -0.0525 -0.0715 0.9961
vn -0.0431 -0.0586 0.9974
vn -0.1277 -0.0576 0.9901
vn -0.1553 -0.0700 0.9854
vn -0.0290 -0.0394 -0.9988
vn -0.0354 -0.0481 -0.9982
vn -0.1052 -0.0475 -0.9933
vn -0.0863 -0.0389 -0.9955
vn -0.0819 -0.1114 0.9904
vn -0.0649 -0.0883 0.9940
vn -0.1907 -0.0860 0.9779
vn -0.2385 -0.1076 0.9652
vn -0.0185 -0.0252 -0.9995
vn -0.0234 -0.0319 -0.9992
vn -0.0699 -0.0315 -0.9971
vn -0.0552 -0.0249 -0.9982
vn -0.1510 -0.2054 0.9669
vn -0.1076 -0.1463 0.9834
vn -0.3076 -0.1387 0.9414
vn -0.4153 -0.1873 0.8902
vn 0.0018 -0.0139 -0.9999
vn -0.0124 -0.0192 -0.9997
vn -0.0437 -0.0190 -0.9989
vn -0.0423 -0.0136 -0.9990
vn -0.2086 -0.0557 -0.9764
vn -0.2520 -0.0673 -0.9654
vn -0.3396 -0.0635 -0.9384
vn -0.2836 -0.0530 -0.9575
vn -0.2520 -0.0673 0.9654
vn -0.2086 -0.0557 0.9764
vn -0.2836 -0.0530 0.9575
vn -0.3396 -0.0635 0.9384
vn -0.1421 -0.0379 -0.9891
vn -0.1727 -0.0461 -0.9839
vn -0.2361 -0.0441 -0.9707
vn -0.1951 -0.0365 -0.9801
vn -0.3769 -0.1006 0.9208
vn -0.3064 -0.0818 0.9484
vn -0.4075 -0.0762 0.9100
vn -0.4914 -0.0919 0.8661
vn -0.0912 -0.0243 -0.9955
vn -0.1152 -0.0308 -0.9929
vn -0.1588 -0.0297 -0.9869
vn -0.1259 -0.0235 -0.9918
vn -0.6036 -0.1611 0.7809
vn -0.4722 -0.1261 0.8724
vn -0.5964 -0.1115 0.7949
vn -0.7243 -0.1354 0.6761
vn -0.0388 -0.0137 -0.9992
vn -0.0680 -0.0186 -0.9975
vn -0.0978 -0.0179 -0.9950
vn -0.0810 -0.0128 -0.9966
vn -0.9383 -0.2505 0.2382
vn -0.7767 -0.2073 0.5948
vn -0.8638 -0.1615 0.4772
vn -0.9674 -0.1808 0.1772
vn -0.0286 -0.0092 0.9995
vn -0.0199 -0.0044 0.9998
vn -0.0920 -0.0069 0.9957
vn -0.0199 -0.0044 -0.9998
vn 0.0190 -0.0092 -0.9998
vn -0.0529 -0.0087 -0.9986
vn -0.7767 -0.2073 -0.5948
vn -0.9383 -0.2505 -0.2382
vn -0.9674 -0.1808 -0.1772
vn -0.8638 -0.1615 -0.4772
vn -0.0697 -0.0186 0.9974
vn -0.0501 -0.0137 0.9987
vn -0.0718 -0.0132 0.9973
vn -0.0964 -0.0180 0.9952
vn -0.4722 -0.1261 -0.8724
vn -0.6036 -0.1611 -0.7809
vn -0.7243 -0.1354 -0.6761
vn -0.5964 -0.1115 -0.7949
vn -0.1152 -0.0308 0.9929
vn -0.0912 -0.0243 0.9955
vn -0.1259 -0.0235 0.9918
vn -0.1588 -0.0297 0.9869
vn -0.3064 -0.0818 -0.9484
vn -0.3769 -0.1006 -0.9208
vn -0.4914 -0.0919 -0.8661
vn -0.4076 -0.0762 -0.9100
vn -0.1727 -0.0461 0.9839
vn -0.1421 -0.0379 0.9891
vn -0.1951 -0.0365 0.9801
vn -0.2361 -0.0441 0.9707
vn -0.0549 -0.0087 0.9985
vn -0.0324 -0.0041 0.9995
vn -0.1103 -0.0056 0.9939
vn -0.0324 -0.0041 -0.9995
vn -0.0082 -0.0093 -0.9999
vn -0.0773 -0.0079 -0.9970
vn -0.9093 -0.1286 -0.3958
vn -0.9802 -0.1386 -0.1415
vn -0.9868 -0.1101 -0.1185
vn -0.9351 -0.1044 -0.3385
vn -0.1221 -0.0173 0.9924
vn -0.0888 -0.0127 0.9960
vn -0.1086 -0.0120 0.9940
vn -0.1463 -0.0163 0.9891
vn -0.6864 -0.0970 -0.7207
vn -0.8005 -0.1132 -0.5886
vn -0.8493 -0.0948 -0.5194
vn -0.7505 -0.0838 -0.6555
vn -0.2000 -0.0283 0.9794
vn -0.1591 -0.0225 0.9870
vn -0.1902 -0.0212 0.9815
vn -0.2383 -0.0266 0.9708
vn -0.4930 -0.0697 -0.8672
vn -0.5825 -0.0824 -0.8087
vn -0.6529 -0.0729 -0.7539
vn -0.5632 -0.0628 -0.8240
vn -0.2948 -0.0417 0.9547
vn -0.2449 -0.0346 0.9689
vn -0.2905 -0.0324 0.9563
vn -0.3478 -0.0388 0.9368
vn -0.3515 -0.0497 -0.9349
vn -0.4167 -0.0589 -0.9071
vn -0.4827 -0.0539 -0.8741
vn -0.4114 -0.0459 -0.9103
vn -0.4167 -0.0589 0.9071
vn -0.3515 -0.0497 0.9349
vn -0.4114 -0.0459 0.9103
vn -0.4827 -0.0539 0.8741
vn -0.2449 -0.0346 -0.9689
vn -0.2948 -0.0417 -0.9547
vn -0.3478 -0.0388 -0.9368
vn -0.2905 -0.0324 -0.9563
vn -0.5825 -0.0824 0.8087
vn -0.4930 -0.0697 0.8672
vn -0.5632 -0.0628 0.8240
vn -0.6529 -0.0729 0.7539
vn -0.1591 -0.0225 -0.9870
vn -0.2000 -0.0283 -0.9794
vn -0.2383 -0.0266 -0.9708
vn -0.1902 -0.0212 -0.9815
vn -0.8005 -0.1132 0.5886
vn -0.6864 -0.0970 0.7207
vn -0.7505 -0.0838 0.6555
vn -0.8493 -0.0948 0.5194
vn -0.0777 -0.0129 -0.9969
vn -0.1203 -0.0173 -0.9926
vn -0.1474 -0.0162 -0.9890
vn -0.1162 -0.0114 -0.9932
vn -0.9802 -0.1386 0.1414
vn -0.9093 -0.1286 0.3958
vn -0.9351 -0.1044 0.3385
vn -0.9868 -0.1101 0.1185
vn -0.5384 -0.0485 0.8413
vn -0.4636 -0.0418 0.8851
vn -0.5081 -0.0375 0.8605
vn -0.5845 -0.0431 0.8102
vn -0.3320 -0.0299 -0.9428
vn -0.3949 -0.0356 -0.9180
vn -0.4361 -0.0322 -0.8993
vn -0.3688 -0.0272 -0.9291
vn -0.7069 -0.0637 0.7044
vn -0.6199 -0.0559 0.7827
vn -0.6652 -0.0491 0.7451
vn -0.7481 -0.0552 0.6613
vn -0.2190 -0.0197 -0.9755
vn -0.2736 -0.0247 -0.9615
vn -0.3053 -0.0225 -0.9520
vn -0.2453 -0.0181 -0.9693
vn -0.8816 -0.0795 0.4653
vn -0.7965 -0.0718 0.6003
vn -0.8297 -0.0612 0.5548
vn -0.9036 -0.0667 0.4231
vn -0.1134 -0.0116 -0.9935
vn -0.1672 -0.0153 -0.9858
vn -0.1904 -0.0139 -0.9816
vn -0.1467 -0.0096 -0.9891
vn -0.9907 -0.0893 0.1026
vn -0.9510 -0.0857 0.2971
vn -0.9612 -0.0709 0.2664
vn -0.9931 -0.0733 0.0913
vn -0.0791 -0.0078 0.9968
vn -0.0435 -0.0035 0.9990
vn -0.1242 -0.0040 0.9922
vn -0.0435 -0.0035 -0.9990
vn -0.0351 -0.0090 -0.9993
vn -0.0985 -0.0067 -0.9951
vn -0.9510 -0.0857 -0.2971
vn -0.9907 -0.0893 -0.1026
vn -0.9931 -0.0733 -0.0913
vn -0.9612 -0.0709 -0.2664
vn -0.1689 -0.0152 0.9855
vn -0.1237 -0.0113 0.9923
vn -0.1409 -0.0103 0.9900
vn -0.1896 -0.0140 0.9818
vn -0.7965 -0.0718 -0.6003
vn -0.8816 -0.0795 -0.4653
vn -0.9036 -0.0667 -0.4231
vn -0.8297 -0.0612 -0.5548
vn -0.2736 -0.0247 0.9615
vn -0.2190 -0.0197 0.9755
vn -0.2453 -0.0181 0.9693
vn -0.3053 -0.0225 0.9520
vn -0.6199 -0.0559 -0.7827
vn -0.7069 -0.0637 -0.7044
vn -0.7481 -0.0552 -0.6613
vn -0.6652 -0.0491 -0.7451
vn -0.3949 -0.0356 0.9180
vn -0.3320 -0.0299 0.9428
vn -0.3688 -0.0272 0.9291
vn -0.4361 -0.0322 0.8993
vn -0.4636 -0.0418 -0.8851
vn -0.5384 -0.0485 -0.8413
vn -0.5845 -0.0431 -0.8102
vn -0.5081 -0.0375 -0.8605
vn -0.9682 -0.0587 -0.2432
vn -0.9947 -0.0603 -0.0828
vn -0.9958 -0.0494 -0.0765
vn -0.9731 -0.0483 -0.2255
vn -0.2084 -0.0126 0.9780
vn -0.1536 -0.0094 0.9881
vn -0.1675 -0.0082 0.9858
vn -0.2251 -0.0112 0.9743
vn -0.8541 -0.0518 -0.5175
vn -0.9191 -0.0557 -0.3900
vn -0.9302 -0.0461 -0.3641
vn -0.8721 -0.0433 -0.4875
vn -0.3335 -0.0202 0.9425
vn -0.2689 -0.0163 0.9630
vn -0.2897 -0.0144 0.9570
vn -0.3581 -0.0178 0.9335
vn -0.7012 -0.0425 -0.7117
vn -0.7796 -0.0472 -0.6245
vn -0.8035 -0.0399 -0.5939
vn -0.7294 -0.0362 -0.6831
vn -0.4716 -0.0286 0.8813
vn -0.4010 -0.0243 0.9157
vn -0.4287 -0.0213 0.9032
vn -0.5016 -0.0249 0.8648
vn -0.5456 -0.0331 -0.8374
vn -0.6224 -0.0377 -0.7818
vn -0.6529 -0.0324 -0.7567
vn -0.5766 -0.0286 -0.8165
vn -0.6224 -0.0377 0.7818
vn -0.5456 -0.0331 0.8374
vn -0.5766 -0.0286 0.8165
vn -0.6529 -0.0324 0.7567
vn -0.4010 -0.0243 -0.9157
vn -0.4716 -0.0286 -0.8814
vn -0.5016 -0.0249 -0.8648
vn -0.4287 -0.0213 -0.9032
vn -0.7796 -0.0472 0.6245
vn -0.7012 -0.0425 0.7117
vn -0.7294 -0.0362 0.6831
vn -0.8036 -0.0399 0.5939
vn -0.2689 -0.0163 -0.9630
vn -0.3335 -0.0202 -0.9425
vn -0.3581 -0.0178 -0.9335
vn -0.2897 -0.0144 -0.9570
vn -0.9191 -0.0557 0.3900
vn -0.8541 -0.0518 0.5175
vn -0.8721 -0.0433 0.4875
vn -0.9302 -0.0461 0.3641
vn -0.1443 -0.0098 -0.9895
vn -0.2070 -0.0127 -0.9783
vn -0.2256 -0.0111 -0.9742
vn -0.1713 -0.0075 -0.9852
vn -0.9947 -0.0603 0.0828
vn -0.9682 -0.0587 0.2432
vn -0.9731 -0.0483 0.2255
vn -0.9958 -0.0494 0.0765
vn -0.1001 -0.0066 0.9950
vn -0.0530 -0.0029 0.9986
vn -0.1334 -0.0023 0.9911
vn -0.0530 -0.0029 -0.9986
vn -0.0606 -0.0084 -0.9981
vn -0.1159 -0.0053 -0.9932
vn -0.4521 -0.0181 -0.8918
vn -0.5265 -0.0211 -0.8499
vn -0.5465 -0.0173 -0.8373
vn -0.4712 -0.0149 -0.8819
vn -0.8218 -0.0329 0.5688
vn -0.7515 -0.0301 0.6590
vn -0.7685 -0.0243 0.6394
vn -0.8356 -0.0264 0.5487
vn -0.3076 -0.0123 -0.9514
vn -0.3790 -0.0152 -0.9253
vn -0.3963 -0.0125 -0.9180
vn -0.3225 -0.0102 -0.9465
vn -0.9382 -0.0376 0.3439
vn -0.8854 -0.0355 0.4635
vn -0.8953 -0.0283 0.4447
vn -0.9441 -0.0299 0.3284
vn -0.1695 -0.0077 -0.9855
vn -0.2383 -0.0097 -0.9712
vn -0.2518 -0.0078 -0.9677
vn -0.1894 -0.0051 -0.9819
vn -0.9966 -0.0399 0.0717
vn -0.9765 -0.0391 0.2119
vn -0.9790 -0.0310 0.2016
vn -0.9972 -0.0315 0.0681
vn -0.1171 -0.0051 0.9931
vn -0.0605 -0.0022 0.9982
vn -0.1376 -0.0005 0.9905
vn -0.0605 -0.0022 -0.9982
vn -0.0837 -0.0074 -0.9965
vn -0.1289 -0.0036 -0.9917
vn -0.9765 -0.0391 -0.2119
vn -0.9966 -0.0399 -0.0717
vn -0.9972 -0.0315 -0.0681
vn -0.9790 -0.0310 -0.2016
vn -0.2395 -0.0096 0.9708
vn -0.1773 -0.0072 0.9841
vn -0.1875 -0.0059 0.9822
vn -0.2516 -0.0080 0.9678
vn -0.8854 -0.0355 -0.4635
vn -0.9382 -0.0376 -0.3439
vn -0.9441 -0.0299 -0.3284
vn -0.8953 -0.0283 -0.4447
vn -0.3790 -0.0152 0.9253
vn -0.3076 -0.0123 0.9514
vn -0.3225 -0.0102 0.9465
vn -0.3963 -0.0125 0.9180
vn -0.7515 -0.0301 -0.6590
vn -0.8218 -0.0329 -0.5688
vn -0.8356 -0.0264 -0.5487
vn -0.7685 -0.0243 -0.6394
vn -0.5265 -0.0211 0.8499
vn -0.4521 -0.0181 0.8918
vn -0.4712 -0.0149 0.8819
vn -0.5465 -0.0173 0.8372
vn -0.6019 -0.0241 -0.7982
vn -0.6774 -0.0272 -0.7351
vn -0.6965 -0.0220 -0.7172
vn -0.6221 -0.0197 -0.7827
vn -0.6774 -0.0272 0.7351
vn -0.6019 -0.0241 0.7982
vn -0.6221 -0.0197 0.7827
vn -0.6965 -0.0220 0.7172
vn -0.9024 -0.0216 -0.4303
vn -0.9483 -0.0227 -0.3167
vn -0.9512 -0.0159 -0.3083
vn -0.9074 -0.0152 -0.4200
vn -0.4101 -0.0098 0.9120
vn -0.3344 -0.0080 0.9424
vn -0.3434 -0.0058 0.9392
vn -0.4203 -0.0070 0.9074
vn -0.7812 -0.0187 -0.6240
vn -0.8457 -0.0202 -0.5332
vn -0.8529 -0.0143 -0.5219
vn -0.7902 -0.0132 -0.6127
vn -0.5622 -0.0135 0.8269
vn -0.4862 -0.0116 0.8738
vn -0.4973 -0.0083 0.8675
vn -0.5737 -0.0096 0.8190
vn -0.6376 -0.0153 -0.7702
vn -0.7110 -0.0170 -0.7029
vn -0.7215 -0.0121 -0.6923
vn -0.6489 -0.0109 -0.7608
vn -0.7110 -0.0170 0.7029
vn -0.6376 -0.0153 0.7702
vn -0.6489 -0.0109 0.7608
vn -0.7215 -0.0121 0.6923
vn -0.4862 -0.0116 -0.8738
vn -0.5622 -0.0135 -0.8269
vn -0.5737 -0.0096 -0.8190
vn -0.4973 -0.0083 -0.8675
vn -0.8457 -0.0202 0.5332
vn -0.7812 -0.0187 0.6240
vn -0.7902 -0.0132 0.6127
vn -0.8529 -0.0143 0.5219
vn -0.3344 -0.0080 -0.9424
vn -0.4101 -0.0098 -0.9120
vn -0.4203 -0.0070 -0.9074
vn -0.3434 -0.0058 -0.9392
vn -0.9483 -0.0227 0.3167
vn -0.9024 -0.0216 0.4303
vn -0.9074 -0.0152 0.4200
vn -0.9512 -0.0159 0.3083
vn -0.1881 -0.0053 -0.9821
vn -0.2604 -0.0063 -0.9655
vn -0.2686 -0.0044 -0.9632
vn -0.2002 -0.0025 -0.9797
vn -0.9976 -0.0239 0.0654
vn -0.9807 -0.0235 0.1939
vn -0.9820 -0.0165 0.1884
vn -0.9978 -0.0167 0.0635
vn -0.1297 -0.0035 0.9915
vn -0.0656 -0.0013 0.9978
vn -0.1365 0.0013 0.9906
vn -0.0656 -0.0013 -0.9978
vn -0.1035 -0.0061 -0.9946
vn -0.1369 -0.0019 -0.9906
vn -0.9807 -0.0235 -0.1939
vn -0.9976 -0.0239 -0.0654
vn -0.9978 -0.0167 -0.0635
vn -0.9820 -0.0165 -0.1884
vn -0.2614 -0.0063 0.9652
vn -0.1943 -0.0047 0.9809
vn -0.2005 -0.0033 0.9797
vn -0.2688 -0.0045 0.9632
vn -0.3493 -0.0035 -0.9370
vn -0.4271 -0.0042 -0.9042
vn -0.4305 -0.0014 -0.9026
vn -0.3523 -0.0012 -0.9359
vn -0.9530 -0.0095 0.3029
vn -0.9106 -0.0090 0.4133
vn -0.9121 -0.0030 0.4100
vn -0.9539 -0.0031 0.3003
vn -0.1996 -0.0028 -0.9799
vn -0.2729 -0.0028 -0.9620
vn -0.2757 -0.0008 -0.9613
vn -0.2036 0.0001 -0.9790
vn -0.9980 -0.0099 0.0623
vn -0.9827 -0.0097 0.1849
vn -0.9831 -0.0032 0.1832
vn -0.9981 -0.0033 0.0617
vn -0.1373 -0.0018 0.9905
vn -0.0682 -0.0004 0.9977
vn -0.1303 0.0030 0.9915
vn -0.0682 -0.0004 -0.9977
vn -0.1192 -0.0047 -0.9929
vn -0.1397 -0.0001 -0.9902
vn -0.9827 -0.0097 -0.1849
vn -0.9980 -0.0099 -0.0623
vn -0.9981 -0.0033 -0.0617
vn -0.9831 -0.0032 -0.1832
vn -0.2737 -0.0027 0.9618
vn -0.2039 -0.0021 0.9790
vn -0.2060 -0.0006 0.9786
vn -0.2761 -0.0009 0.9611
vn -0.9106 -0.0090 -0.4133
vn -0.9530 -0.0095 -0.3029
vn -0.9539 -0.0031 -0.3003
vn -0.9121 -0.0030 -0.4100
vn -0.4271 -0.0042 0.9042
vn -0.3493 -0.0035 0.9370
vn -0.3523 -0.0012 0.9359
vn -0.4305 -0.0014 0.9026
vn -0.7960 -0.0079 -0.6053
vn -0.8574 -0.0085 -0.5146
vn -0.8596 -0.0028 -0.5109
vn -0.7988 -0.0026 -0.6016
vn -0.5812 -0.0058 0.8137
vn -0.5047 -0.0050 0.8633
vn -0.5083 -0.0017 0.8612
vn -0.5850 -0.0019 0.8110
vn -0.6562 -0.0065 -0.7545
vn -0.7282 -0.0072 -0.6853
vn -0.7316 -0.0024 -0.6818
vn -0.6598 -0.0022 -0.7514
vn -0.7282 -0.0072 0.6853
vn -0.6562 -0.0065 0.7545
vn -0.6598 -0.0022 0.7514
vn -0.7316 -0.0024 0.6818
vn -0.5047 -0.0050 -0.8633
vn -0.5812 -0.0058 -0.8137
vn -0.5850 -0.0019 -0.8110
vn -0.5083 -0.0017 -0.8612
vn -0.8574 -0.0085 0.5146
vn -0.7960 -0.0079 0.6053
vn -0.7988 -0.0026 0.6016
vn -0.8596 -0.0028 0.5109
vn -0.4305 0.0014 0.9026
vn -0.3523 0.0012 0.9359
vn -0.3493 0.0035 0.9370
vn -0.4271 0.0042 0.9042
vn -0.7988 0.0026 -0.6016
vn -0.8596 0.0028 -0.5109
vn -0.8574 0.0085 -0.5146
vn -0.7960 0.0079 -0.6053
vn -0.5850 0.0019 0.8110
vn -0.5083 0.0017 0.8612
vn -0.5047 0.0050 0.8633
vn -0.5812 0.0058 0.8137
vn -0.6598 0.0022 -0.7514
vn -0.7316 0.0024 -0.6818
vn -0.7282 0.0072 -0.6853
vn -0.6562 0.0065 -0.7545
vn -0.7316 0.0024 0.6818
vn -0.6598 0.0022 0.7514
vn -0.6562 0.0065 0.7545
vn -0.7282 0.0072 0.6853
vn -0.5083 0.0017 -0.8612
vn -0.5850 0.0019 -0.8110
vn -0.5813 0.0058 -0.8137
vn -0.5047 0.0050 -0.8633
vn -0.8596 0.0028 0.5109
vn -0.7988 0.0026 0.6016
vn -0.7960 0.0079 0.6053
vn -0.8574 0.0085 0.5146
vn -0.3523 0.0012 -0.9359
vn -0.4305 0.0014 -0.9026
vn -0.4271 0.0042 -0.9042
vn -0.3493 0.0035 -0.9370
vn -0.9539 0.0031 0.3003
vn -0.9121 0.0030 0.4100
vn -0.9106 0.0090 0.4133
vn -0.9530 0.0095 0.3029
vn -0.2036 -0.0001 -0.9790
vn -0.2757 0.0008 -0.9613
vn -0.2729 0.0028 -0.9620
vn -0.1996 0.0028 -0.9799
vn -0.9981 0.0033 0.0617
vn -0.9831 0.0032 0.1832
vn -0.9827 0.0097 0.1849
vn -0.9980 0.0099 0.0623
vn -0.1397 0.0001 0.9902
vn -0.0682 0.0004 0.9977
vn -0.1192 0.0047 0.9929
vn -0.0682 0.0004 -0.9977
vn -0.1303 -0.0030 -0.9915
vn -0.1373 0.0018 -0.9905
vn -0.9831 0.0032 -0.1832
vn -0.9981 0.0033 -0.0617
vn -0.9980 0.0099 -0.0623
vn -0.9827 0.0097 -0.1849
vn -0.2761 0.0009 0.9611
vn -0.2060 0.0006 0.9786
vn -0.2039 0.0021 0.9790
vn -0.2737 0.0027 0.9618
vn -0.9121 0.0030 -0.4100
vn -0.9539 0.0031 -0.3003
vn -0.9530 0.0095 -0.3029
vn -0.9106 0.0090 -0.4133
vn -0.9512 0.0159 0.3083
vn -0.9074 0.0152 0.4200
vn -0.9024 0.0216 0.4303
vn -0.9483 0.0227 0.3167
vn -0.2002 0.0025 -0.9797
vn -0.2686 0.0044 -0.9632
vn -0.2604 0.0063 -0.9655
vn -0.1881 0.0053 -0.9821
vn -0.9978 0.0167 0.0635
vn -0.9820 0.0165 0.1884
vn -0.9807 0.0235 0.1939
vn -0.9976 0.0239 0.0654
vn -0.1369 0.0019 0.9906
vn -0.0656 0.0013 0.9978
vn -0.1035 0.0061 0.9946
vn -0.0656 0.0013 -0.9978
vn -0.1365 -0.0013 -0.9906
vn -0.1297 0.0035 -0.9915
vn -0.9820 0.0165 -0.1884
vn -0.9978 0.0167 -0.0635
vn -0.9976 0.0239 -0.0654
vn -0.9807 0.0235 -0.1939
vn -0.2687 0.0045 0.9632
vn -0.2005 0.0033 0.9797
vn -0.1943 0.0047 0.9809
vn -0.2614 0.0063 0.9652
vn -0.9074 0.0152 -0.4200
vn -0.9512 0.0159 -0.3083
vn -0.9483 0.0227 -0.3167
vn -0.9024 0.0216 -0.4303
vn -0.4203 0.0070 0.9074
vn -0.3434 0.0058 0.9392
vn -0.3344 0.0080 0.9424
vn -0.4101 0.0098 0.9120
vn -0.7902 0.0132 -0.6127
vn -0.8529 0.0143 -0.5219
vn -0.8457 0.0202 -0.5332
vn -0.7812 0.0187 -0.6240
vn -0.5737 0.0096 0.8190
vn -0.4973 0.0083 0.8675
vn -0.4862 0.0116 0.8738
vn -0.5622 0.0135 0.8269
vn -0.6489 0.0109 -0.7608
vn -0.7215 0.0121 -0.6923
vn -0.7110 0.0170 -0.7029
vn -0.6376 0.0153 -0.7702
vn -0.7215 0.0121 0.6923
vn -0.6489 0.0109 0.7608
vn -0.6376 0.0153 0.7702
vn -0.7110 0.0170 0.7029
vn -0.4973 0.0083 -0.8675
vn -0.5737 0.0096 -0.8190
vn -0.5622 0.0135 -0.8269
vn -0.4862 0.0116 -0.8738
vn -0.8529 0.0143 0.5219
vn -0.7902 0.0132 0.6127
vn -0.7812 0.0187 0.6240
vn -0.8457 0.0202 0.5332
vn -0.3434 0.0058 -0.9392
vn -0.4203 0.0070 -0.9074
vn -0.4101 0.0098 -0.9120
vn -0.3344 0.0080 -0.9424
vn -0.7685 0.0243 -0.6394
vn -0.8356 0.0264 -0.5487
vn -0.8218 0.0329 -0.5688
vn -0.7515 0.0301 -0.6590
vn -0.5465 0.0173 0.8372
vn -0.4712 0.0149 0.8819
vn -0.4521 0.0181 0.8918
vn -0.5265 0.0211 0.8499
vn -0.6221 0.0197 -0.7827
vn -0.6965 0.0220 -0.7172
vn -0.6774 0.0272 -0.7351
vn -0.6019 0.0241 -0.7982
vn -0.6965 0.0220 0.7172
vn -0.6221 0.0197 0.7827
vn -0.6019 0.0241 0.7982
vn -0.6774 0.0272 0.7351
vn -0.4712 0.0149 -0.8819
vn -0.5465 0.0173 -0.8373
vn -0.5265 0.0211 -0.8499
vn -0.4521 0.0181 -0.8918
vn -0.8356 0.0264 0.5487
vn -0.7685 0.0243 0.6394
vn -0.7515 0.0301 0.6590
vn -0.8218 0.0329 0.5688
vn -0.3225 0.0102 -0.9465
vn -0.3963 0.0125 -0.9180
vn -0.3790 0.0152 -0.9253
vn -0.3076 0.0123 -0.9514
vn -0.9441 0.0299 0.3284
vn -0.8953 0.0283 0.4447
vn -0.8854 0.0355 0.4635
vn -0.9382 0.0376 0.3439
vn -0.1894 0.0051 -0.9819
vn -0.2518 0.0078 -0.9677
vn -0.2383 0.0097 -0.9712
vn -0.1695 0.0077 -0.9855
vn -0.9972 0.0315 0.0681
vn -0.9790 0.0310 0.2016
vn -0.9765 0.0391 0.2119
vn -0.9966 0.0399 0.0717
vn -0.1289 0.0036 0.9917
vn -0.0605 0.0022 0.9982
vn -0.0837 0.0074 0.9965
vn -0.0605 0.0022 -0.9982
vn -0.1376 0.0005 -0.9905
vn -0.1171 0.0051 -0.9931
vn -0.9790 0.0310 -0.2016
vn -0.9972 0.0315 -0.0681
vn -0.9966 0.0399 -0.0717
vn -0.9765 0.0391 -0.2119
vn -0.2516 0.0080 0.9678
vn -0.1875 0.0059 0.9822
vn -0.1773 0.0072 0.9841
vn -0.2395 0.0096 0.9708
vn -0.8953 0.0283 -0.4447
vn -0.9441 0.0299 -0.3284
vn -0.9382 0.0376 -0.3439
vn -0.8854 0.0355 -0.4635
vn -0.3963 0.0125 0.9180
vn -0.3225 0.0102 0.9465
vn -0.3076 0.0123 0.9514
vn -0.3790 0.0152 0.9253
vn -0.1714 0.0075 -0.9852
vn -0.2256 0.0111 -0.9742
vn -0.2070 0.0127 -0.9783
vn -0.1443 0.0098 -0.9895
vn -0.9958 0.0494 0.0765
vn -0.9731 0.0483 0.2255
vn -0.9682 0.0587 0.2432
vn -0.9947 0.0603 0.0828
vn -0.1159 0.0053 0.9932
vn -0.0530 0.0029 0.9986
vn -0.0606 0.0084 0.9981
vn -0.0530 0.0029 -0.9986
vn -0.1334 0.0023 -0.9911
vn -0.1001 0.0066 -0.9950
vn -0.9731 0.0483 -0.2255
vn -0.9958 0.0494 -0.0765
vn -0.9947 0.0603 -0.0828
vn -0.9682 0.0587 -0.2432
vn -0.2251 0.0112 0.9743
vn -0.1675 0.0082 0.9858
vn -0.1536 0.0094 0.9881
vn -0.2084 0.0126 0.9780
vn -0.8721 0.0433 -0.4875
vn -0.9302 0.0461 -0.3641
vn -0.9191 0.0557 -0.3900
vn -0.8541 0.0518 -0.5175
vn -0.3581 0.0178 0.9335
vn -0.2897 0.0144 0.9570
vn -0.2689 0.0163 0.9630
vn -0.3335 0.0202 0.9425
vn -0.7294 0.0362 -0.6831
vn -0.8036 0.0399 -0.5939
vn -0.7796 0.0472 -0.6245
vn -0.7012 0.0425 -0.7117
vn -0.5016 0.0249 0.8648
vn -0.4287 0.0213 0.9032
vn -0.4010 0.0243 0.9157
vn -0.4716 0.0286 0.8814
vn -0.5766 0.0286 -0.8165
vn -0.6529 0.0324 -0.7567
vn -0.6224 0.0377 -0.7818
vn -0.5456 0.0331 -0.8374
vn -0.6529 0.0324 0.7567
vn -0.5766 0.0286 0.8165
vn -0.5456 0.0331 0.8374
vn -0.6224 0.0377 0.7818
vn -0.4287 0.0213 -0.9032
vn -0.5016 0.0249 -0.8648
vn -0.4716 0.0286 -0.8814
vn -0.4010 0.0243 -0.9157
vn -0.8036 0.0399 0.5939
vn -0.7294 0.0362 0.6831
vn -0.7012 0.0425 0.7117
vn -0.7796 0.0472 0.6245
vn -0.2897 0.0144 -0.9570
vn -0.3581 0.0178 -0.9335
vn -0.3335 0.0202 -0.9425
vn -0.2690 0.0163 -0.9630
vn -0.9302 0.0461 0.3641
vn -0.8721 0.0433 0.4875
vn -0.8541 0.0518 0.5175
vn -0.9191 0.0557 0.3900
vn -0.4361 0.0322 0.8993
vn -0.3688 0.0272 0.9291
vn -0.3320 0.0299 0.9428
vn -0.3949 0.0356 0.9180
vn -0.5081 0.0375 -0.8605
vn -0.5845 0.0431 -0.8102
vn -0.5384 0.0485 -0.8413
vn -0.4636 0.0418 -0.8851
vn -0.5845 0.0431 0.8102
vn -0.5081 0.0375 0.8605
vn -0.4636 0.0418 0.8851
vn -0.5384 0.0485 0.8413
vn -0.3688 0.0272 -0.9291
vn -0.4361 0.0322 -0.8993
vn -0.3949 0.0356 -0.9180
vn -0.3320 0.0299 -0.9428
vn -0.7481 0.0552 0.6613
vn -0.6652 0.0491 0.7451
vn -0.6199 0.0559 0.7827
vn -0.7069 0.0637 0.7044
vn -0.2453 0.0181 -0.9693
vn -0.3053 0.0225 -0.9520
vn -0.2735 0.0247 -0.9615
vn -0.2190 0.0197 -0.9755
vn -0.9036 0.0667 0.4231
vn -0.8297 0.0612 0.5548
vn -0.7965 0.0718 0.6003
vn -0.8816 0.0795 0.4653
vn -0.1467 0.0096 -0.9891
vn -0.1904 0.0139 -0.9816
vn -0.1672 0.0153 -0.9858
vn -0.1134 0.0116 -0.9935
vn -0.9931 0.0733 0.0912
vn -0.9612 0.0709 0.2664
vn -0.9510 0.0857 0.2971
vn -0.9907 0.0893 0.1026
vn -0.0985 0.0067 0.9951
vn -0.0435 0.0035 0.9990
vn -0.0351 0.0090 0.9993
vn -0.0435 0.0035 -0.9990
vn -0.1242 0.0040 -0.9922
vn -0.0791 0.0078 -0.9968
vn -0.9612 0.0709 -0.2664
vn -0.9931 0.0733 -0.0913
vn -0.9907 0.0893 -0.1026
vn -0.9510 0.0857 -0.2971
vn -0.1896 0.0140 0.9818
vn -0.1409 0.0103 0.9900
vn -0.1237 0.0113 0.9923
vn -0.1689 0.0152 0.9855
vn -0.8297 0.0612 -0.5548
vn -0.9036 0.0667 -0.4231
vn -0.8816 0.0795 -0.4653
vn -0.7965 0.0718 -0.6003
vn -0.3053 0.0225 0.9520
vn -0.2453 0.0181 0.9693
vn -0.2190 0.0197 0.9755
vn -0.2736 0.0247 0.9615
vn -0.6652 0.0491 -0.7451
vn -0.7481 0.0552 -0.6613
vn -0.7069 0.0637 -0.7044
vn -0.6199 0.0559 -0.7827
vn -0.9868 0.1101 0.1185
vn -0.9351 0.1044 0.3385
vn -0.9093 0.1286 0.3958
vn -0.9802 0.1386 0.1414
vn -0.0773 0.0079 0.9970
vn -0.0324 0.0041 0.9995
vn -0.0082 0.0093 0.9999
vn -0.0324 0.0041 -0.9995
vn -0.1103 0.0056 -0.9939
vn -0.0549 0.0087 -0.9985
vn -0.9351 0.1044 -0.3385
vn -0.9868 0.1101 -0.1184
vn -0.9802 0.1386 -0.1414
vn -0.9093 0.1286 -0.3958
vn -0.1463 0.0163 0.9891
vn -0.1086 0.0120 0.9940
vn -0.0888 0.0127 0.9960
vn -0.1221 0.0173 0.9924
vn -0.7505 0.0838 -0.6555
vn -0.8493 0.0948 -0.5194
vn -0.8005 0.1132 -0.5886
vn -0.6864 0.0970 -0.7207
vn -0.2383 0.0266 0.9708
vn -0.1902 0.0212 0.9815
vn -0.1591 0.0225 0.9870
vn -0.2000 0.0283 0.9794
vn -0.5632 0.0628 -0.8240
vn -0.6529 0.0729 -0.7539
vn -0.5825 0.0824 -0.8087
vn -0.4930 0.0697 -0.8672
vn -0.3478 0.0388 0.9368
vn -0.2905 0.0324 0.9563
vn -0.2449 0.0346 0.9689
vn -0.2948 0.0417 0.9547
vn -0.4114 0.0459 -0.9103
vn -0.4827 0.0539 -0.8741
vn -0.4167 0.0589 -0.9071
vn -0.3515 0.0497 -0.9349
vn -0.4827 0.0539 0.8741
vn -0.4114 0.0459 0.9103
vn -0.3515 0.0497 0.9349
vn -0.4167 0.0589 0.9071
vn -0.2905 0.0324 -0.9563
vn -0.3478 0.0388 -0.9368
vn -0.2948 0.0417 -0.9547
vn -0.2449 0.0346 -0.9689
vn -0.6529 0.0729 0.7539
vn -0.5632 0.0628 0.8240
vn -0.4930 0.0697 0.8672
vn -0.5825 0.0824 0.8087
vn -0.1902 0.0212 -0.9815
vn -0.2383 0.0266 -0.9708
vn -0.2000 0.0283 -0.9794
vn -0.1591 0.0225 -0.9870
vn -0.8492 0.0948 0.5194
vn -0.7505 0.0838 0.6555
vn -0.6864 0.0970 0.7207
vn -0.8005 0.1132 0.5886
vn -0.1162 0.0114 -0.9932
vn -0.1474 0.0162 -0.9890
vn -0.1203 0.0173 -0.9926
vn -0.0777 0.0129 -0.9969
vn -0.2836 0.0530 -0.9575
vn -0.3396 0.0635 -0.9384
vn -0.2520 0.0673 -0.9654
vn -0.2086 0.0557 -0.9764
vn -0.3396 0.0635 0.9384
vn -0.2836 0.0530 0.9575
vn -0.2086 0.0557 0.9764
vn -0.2520 0.0673 0.9654
vn -0.1951 0.0365 -0.9801
vn -0.2361 0.0441 -0.9707
vn -0.1727 0.0461 -0.9839
vn -0.1421 0.0379 -0.9891
vn -0.4914 0.0919 0.8661
vn -0.4075 0.0762 0.9100
vn -0.3064 0.0818 0.9484
vn -0.3769 0.1006 0.9208
vn -0.1259 0.0235 -0.9918
vn -0.1588 0.0297 -0.9869
vn -0.1152 0.0308 -0.9929
vn -0.0912 0.0243 -0.9955
vn -0.7243 0.1354 0.6761
vn -0.5964 0.1115 0.7949
vn -0.4722 0.1261 0.8724
vn -0.6036 0.1611 0.7809
vn -0.0810 0.0128 -0.9966
vn -0.0978 0.0179 -0.9950
vn -0.0680 0.0186 -0.9975
vn -0.0388 0.0137 -0.9992
vn -0.9674 0.1808 0.1772
vn -0.8638 0.1615 0.4772
vn -0.7767 0.2073 0.5948
vn -0.9383 0.2505 0.2382
vn -0.0529 0.0087 0.9986
vn -0.0199 0.0044 0.9998
vn 0.0190 0.0092 0.9998
vn -0.0199 0.0044 -0.9998
vn -0.0920 0.0069 -0.9957
vn -0.0286 0.0092 -0.9995
vn -0.8638 0.1615 -0.4772
vn -0.9674 0.1808 -0.1772
vn -0.9383 0.2505 -0.2382
vn -0.7767 0.2073 -0.5948
vn -0.0964 0.0180 0.9952
vn -0.0718 0.0132 0.9973
vn -0.0501 0.0137 0.9987
vn -0.0697 0.0186 0.9974
vn -0.5964 0.1115 -0.7949
vn -0.7243 0.1354 -0.6761
vn -0.6036 0.1611 -0.7809
vn -0.4722 0.1261 -0.8724
vn -0.1588 0.0297 0.9869
vn -0.1259 0.0235 0.9918
vn -0.0912 0.0243 0.9955
vn -0.1152 0.0308 0.9929
vn -0.4075 0.0762 -0.9100
vn -0.4914 0.0919 -0.8661
vn -0.3769 0.1006 -0.9208
vn -0.3064 0.0818 -0.9484
vn -0.2361 0.0441 0.9707
vn -0.1951 0.0365 0.9801
vn -0.1421 0.0379 0.9891
vn -0.1727 0.0461 0.9839
vn -0.0067 0.0046 -1.0000
vn -0.0702 0.0080 -0.9975
vn -0.0011 0.0094 -1.0000
vn -0.5962 0.2689 -0.7564
vn -0.8512 0.3838 -0.3580
vn -0.4752 0.6463 -0.5970
vn -0.2410 0.3279 -0.9135
vn -0.0422 0.0190 0.9989
vn -0.0319 0.0139 0.9994
vn -0.0093 0.0141 0.9999
vn -0.0141 0.0192 0.9997
vn -0.3076 0.1387 -0.9414
vn -0.4153 0.1873 -0.8902
vn -0.1510 0.2054 -0.9669
vn -0.1076 0.1463 -0.9834
vn -0.0698 0.0315 0.9971
vn -0.0552 0.0249 0.9982
vn -0.0185 0.0252 0.9995
vn -0.0234 0.0319 0.9992
vn -0.1907 0.0860 -0.9779
vn -0.2385 0.1076 -0.9652
vn -0.0819 0.1114 -0.9904
vn -0.0649 0.0883 -0.9940
vn -0.1052 0.0475 0.9933
vn -0.0863 0.0389 0.9955
vn -0.0290 0.0394 0.9988
vn -0.0354 0.0482 0.9982
vn -0.1277 0.0576 -0.9901
vn -0.1553 0.0700 -0.9854
vn -0.0526 0.0715 -0.9961
vn -0.0431 0.0586 -0.9974
vn -0.1553 0.0700 0.9854
vn -0.1277 0.0576 0.9901
vn -0.0431 0.0586 0.9974
vn -0.0525 0.0715 0.9961
vn -0.0863 0.0389 -0.9955
vn -0.1052 0.0475 -0.9933
vn -0.0354 0.0482 -0.9982
vn -0.0290 0.0394 -0.9988
vn -0.2385 0.1076 0.9652
vn -0.1907 0.0860 0.9779
vn -0.0649 0.0883 0.9940
vn -0.0819 0.1114 0.9904
vn -0.0552 0.0249 -0.9982
vn -0.0698 0.0315 -0.9971
vn -0.0234 0.0319 -0.9992
vn -0.0185 0.0252 -0.9995
vn -0.4153 0.1873 0.8902
vn -0.3076 0.1387 0.9414
vn -0.1076 0.1463 0.9834
vn -0.1510 0.2054 0.9669
vn -0.0423 0.0136 -0.9990
vn -0.0437 0.0190 -0.9989
vn -0.0124 0.0192 -0.9997
vn 0.0018 0.0139 -0.9999
vn -0.8512 0.3838 0.3580
vn -0.5962 0.2689 0.7564
vn -0.2410 0.3279 0.9135
vn -0.4752 0.6463 0.5970
vn -0.0264 0.0093 0.9996
vn -0.0067 0.0046 1.0000
vn 0.0455 0.0088 0.9989
vn -0.0455 0.0088 0.9989
vn 0.0088 0.0060 0.9999
vn 0.0264 0.0093 0.9996
vn 0.0088 0.0060 -0.9999
vn 0.0011 0.0094 -1.0000
vn 0.0702 0.0080 -0.9975
vn 0.4751 0.6463 -0.5971
vn 0.8512 0.3838 -0.3580
vn 0.0124 0.0192 0.9997
vn -0.0018 0.0139 0.9999
vn 0.0423 0.0136 0.9990
vn 0.0437 0.0190 0.9989
vn 0.1510 0.2054 -0.9669
vn 0.0525 0.0715 -0.9961
vn 0.0093 0.0141 -0.9999
vn 0.0141 0.0192 -0.9997
vn 0.0421 0.0190 -0.9989
vn 0.0319 0.0139 -0.9994
vn 0.4752 0.6463 0.5971
vn 0.8512 0.3839 0.3580
vn 0.0501 0.0137 -0.9987
vn 0.0697 0.0186 -0.9974
vn 0.0964 0.0180 -0.9952
vn 0.0718 0.0132 -0.9973
vn 0.9383 0.2505 0.2382
vn 0.8638 0.1615 0.4772
vn -0.0190 0.0092 0.9998
vn 0.0260 0.0057 0.9996
vn 0.0529 0.0087 0.9986
vn 0.0260 0.0057 -0.9996
vn 0.0286 0.0092 -0.9995
vn 0.0920 0.0069 -0.9957
vn 0.0680 0.0186 0.9975
vn 0.0388 0.0137 0.9992
vn 0.0809 0.0128 0.9966
vn 0.0978 0.0179 0.9950
vn 0.4076 0.0762 -0.9100
vn 0.5632 0.0628 -0.8240
vn 0.0888 0.0127 -0.9960
vn 0.1221 0.0173 -0.9924
vn 0.1463 0.0163 -0.9891
vn 0.1086 0.0120 -0.9940
vn 0.9802 0.1386 0.1414
vn 0.9868 0.1101 0.1184
vn 0.0082 0.0093 0.9999
vn 0.0423 0.0053 0.9991
vn 0.0773 0.0079 0.9970
vn 0.0423 0.0053 -0.9991
vn 0.0549 0.0087 -0.9985
vn 0.1103 0.0056 -0.9939
vn 0.1203 0.0173 0.9926
vn 0.0777 0.0129 0.9969
vn 0.1162 0.0114 0.9932
vn 0.1474 0.0162 0.9890
vn 0.8493 0.0948 -0.5194
vn 0.1237 0.0113 -0.9923
vn 0.1689 0.0152 -0.9855
vn 0.1896 0.0140 -0.9818
vn 0.1409 0.0103 -0.9900
vn 0.0351 0.0090 0.9993
vn 0.0569 0.0046 0.9984
vn 0.0985 0.0067 0.9951
vn 0.0569 0.0046 -0.9984
vn 0.0791 0.0078 -0.9968
vn 0.1242 0.0040 -0.9922
vn 0.1672 0.0153 0.9858
vn 0.1134 0.0116 0.9935
vn 0.1467 0.0096 0.9891
vn 0.1904 0.0139 0.9816
vn 0.2736 0.0247 0.9615
vn 0.4716 0.0286 -0.8813
vn 0.8035 0.0399 0.5939
vn 0.1536 0.0094 -0.9881
vn 0.2084 0.0126 -0.9780
vn 0.2251 0.0112 -0.9743
vn 0.1675 0.0082 -0.9858
vn 0.0606 0.0084 0.9981
vn 0.0692 0.0038 0.9976
vn 0.1159 0.0053 0.9932
vn 0.0692 0.0038 -0.9976
vn 0.1001 0.0066 -0.9950
vn 0.1334 0.0023 -0.9911
vn 0.2070 0.0127 0.9783
vn 0.1443 0.0098 0.9895
vn 0.1713 0.0075 0.9852
vn 0.2256 0.0111 0.9742
vn 0.2690 0.0163 0.9630
vn 0.4716 0.0286 0.8813
vn 0.0837 0.0074 0.9965
vn 0.0789 0.0028 0.9969
vn 0.1289 0.0036 0.9917
vn 0.0789 0.0028 -0.9969
vn 0.1171 0.0051 -0.9931
vn 0.1376 0.0005 -0.9905
vn 0.2383 0.0097 0.9712
vn 0.1695 0.0077 0.9855
vn 0.1894 0.0051 0.9819
vn 0.2518 0.0078 0.9677
vn 0.1773 0.0072 -0.9841
vn 0.2395 0.0096 -0.9708
vn 0.2516 0.0080 -0.9678
vn 0.1875 0.0059 -0.9822
vn 0.1943 0.0047 -0.9809
vn 0.2614 0.0063 -0.9652
vn 0.2688 0.0045 -0.9632
vn 0.2005 0.0033 -0.9797
vn 0.1035 0.0061 0.9946
vn 0.0856 0.0017 0.9963
vn 0.1369 0.0019 0.9906
vn 0.0856 0.0017 -0.9963
vn 0.1297 0.0035 -0.9915
vn 0.1365 -0.0013 -0.9906
vn 0.2604 0.0063 0.9655
vn 0.1881 0.0053 0.9821
vn 0.2002 0.0025 0.9797
vn 0.2686 0.0044 0.9632
vn 0.2729 0.0028 0.9620
vn 0.1996 0.0028 0.9799
vn 0.2036 -0.0001 0.9790
vn 0.2757 0.0008 0.9613
vn 0.2039 0.0021 -0.9790
vn 0.2737 0.0027 -0.9618
vn 0.2761 0.0009 -0.9611
vn 0.2060 0.0006 -0.9786
vn 0.1192 0.0047 0.9929
vn 0.0890 0.0006 0.9960
vn 0.1397 0.0001 0.9902
vn 0.0890 0.0006 -0.9960
vn 0.1373 0.0018 -0.9905
vn 0.1303 -0.0030 -0.9915
vn 0.2060 -0.0006 -0.9786
vn 0.2761 -0.0009 -0.9611
vn 0.2737 -0.0027 -0.9618
vn 0.2039 -0.0021 -0.9790
vn 0.1303 0.0030 0.9915
vn 0.0890 -0.0006 0.9960
vn 0.1373 -0.0018 0.9905
vn 0.0890 -0.0006 -0.9960
vn 0.1397 -0.0001 -0.9902
vn 0.1192 -0.0047 -0.9929
vn 0.2757 -0.0008 0.9613
vn 0.2036 0.0001 0.9790
vn 0.1996 -0.0028 0.9799
vn 0.2729 -0.0028 0.9620
vn 0.2686 -0.0044 0.9632
vn 0.2002 -0.0025 0.9797
vn 0.1881 -0.0053 0.9821
vn 0.2604 -0.0063 0.9655
vn 0.2005 -0.0033 -0.9797
vn 0.2688 -0.0045 -0.9632
vn 0.2614 -0.0063 -0.9652
vn 0.1943 -0.0047 -0.9809
vn 0.1365 0.0013 0.9906
vn 0.0856 -0.0017 0.9963
vn 0.1297 -0.0035 0.9915
vn 0.0856 -0.0017 -0.9963
vn 0.1369 -0.0019 -0.9906
vn 0.1035 -0.0061 -0.9946
vn 0.1875 -0.0059 -0.9822
vn 0.2516 -0.0080 -0.9678
vn 0.2395 -0.0096 -0.9708
vn 0.1773 -0.0072 -0.9841
vn 0.1376 -0.0005 0.9905
vn 0.0789 -0.0028 0.9969
vn 0.1171 -0.0051 0.9931
vn 0.0789 -0.0028 -0.9969
vn 0.1289 -0.0036 -0.9917
vn 0.0837 -0.0074 -0.9965
vn 0.2518 -0.0078 0.9677
vn 0.1894 -0.0051 0.9819
vn 0.1695 -0.0077 0.9855
vn 0.2383 -0.0097 0.9712
vn 0.5465 -0.0173 -0.8372
vn 0.8035 -0.0399 -0.5939
vn 0.2689 -0.0163 -0.9630
vn 0.1675 -0.0082 -0.9858
vn 0.2251 -0.0112 -0.9743
vn 0.2084 -0.0126 -0.9780
vn 0.1536 -0.0094 -0.9881
vn 0.1334 -0.0023 0.9911
vn 0.0692 -0.0038 0.9976
vn 0.1001 -0.0066 0.9950
vn 0.0692 -0.0038 -0.9976
vn 0.1159 -0.0053 -0.9932
vn 0.0606 -0.0084 -0.9981
vn 0.2256 -0.0111 0.9742
vn 0.1713 -0.0075 0.9852
vn 0.1443 -0.0098 0.9895
vn 0.2070 -0.0127 0.9783
vn 0.1409 -0.0103 -0.9900
vn 0.1896 -0.0140 -0.9818
vn 0.1689 -0.0152 -0.9855
vn 0.1237 -0.0113 -0.9923
vn 0.9931 -0.0733 0.0913
vn 0.1242 -0.0040 0.9922
vn 0.0569 -0.0046 0.9984
vn 0.0791 -0.0078 0.9968
vn 0.0569 -0.0046 -0.9984
vn 0.0985 -0.0067 -0.9951
vn 0.0351 -0.0090 -0.9993
vn 0.9931 -0.0733 -0.0912
vn 0.1904 -0.0139 0.9816
vn 0.1467 -0.0096 0.9891
vn 0.1134 -0.0116 0.9935
vn 0.1672 -0.0153 0.9858
vn 0.2735 -0.0247 0.9615
vn 0.8493 -0.0948 0.5194
vn 0.1086 -0.0120 -0.9940
vn 0.1463 -0.0163 -0.9891
vn 0.1221 -0.0173 -0.9924
vn 0.0888 -0.0127 -0.9960
vn 0.9868 -0.1101 0.1185
vn 0.1103 -0.0056 0.9939
vn 0.0423 -0.0053 0.9991
vn 0.0549 -0.0087 0.9985
vn 0.0423 -0.0053 -0.9991
vn 0.0773 -0.0079 -0.9970
vn 0.0082 -0.0093 -0.9999
vn 0.9868 -0.1101 -0.1184
vn 0.9802 -0.1386 -0.1414
vn 0.1474 -0.0162 0.9890
vn 0.1162 -0.0114 0.9932
vn 0.0777 -0.0129 0.9969
vn 0.1203 -0.0173 0.9926
vn 0.8492 -0.0948 -0.5194
vn 0.0718 -0.0132 -0.9973
vn 0.0964 -0.0180 -0.9952
vn 0.0697 -0.0186 -0.9974
vn 0.0501 -0.0137 -0.9987
vn 0.0920 -0.0069 0.9957
vn 0.0260 -0.0057 0.9996
vn 0.0286 -0.0092 0.9995
vn 0.0260 -0.0057 -0.9996
vn 0.0529 -0.0087 -0.9986
vn -0.0190 -0.0092 -0.9998
vn 0.8638 -0.1615 -0.4773
vn 0.0978 -0.0179 0.9950
vn 0.0810 -0.0128 0.9966
vn 0.0388 -0.0137 0.9992
vn 0.0680 -0.0186 0.9975
vn 0.1587 -0.0297 -0.9869
vn 0.0525 -0.0715 -0.9961
vn 0.0354 -0.0482 -0.9982
vn 0.0698 -0.0315 -0.9971
vn 0.0319 -0.0139 -0.9994
vn 0.0421 -0.0190 -0.9989
vn 0.0141 -0.0192 -0.9997
vn 0.0093 -0.0141 -0.9999
vn 0.0702 -0.0080 0.9975
vn 0.0088 -0.0060 0.9999
vn 0.0011 -0.0094 1.0000
vn 0.0088 -0.0060 -0.9999
vn 0.0264 -0.0093 -0.9996
vn -0.0455 -0.0088 -0.9989
vn 0.0437 -0.0190 0.9989
vn 0.0423 -0.0136 0.9990
vn -0.0018 -0.0139 0.9999
vn 0.0124 -0.0192 0.9997
vn 0.0699 -0.0315 0.9971
vn 0.0455 -0.0088 0.9989
vn -0.0088 -0.0060 0.9999
vn -0.0264 -0.0093 0.9996
vn -0.0088 -0.0060 -0.9999
vn -0.0011 -0.0094 -1.0000
vn -0.0702 -0.0080 -0.9975
vn -0.0124 -0.0192 0.9997
vn 0.0018 -0.0139 0.9999
vn -0.0423 -0.0136 0.9990
vn -0.0437 -0.0190 0.9989
vn -0.0525 -0.0715 -0.9961
vn -0.0526 -0.0715 0.9961
vn -0.0354 -0.0482 -0.9982
vn -0.0698 -0.0315 -0.9971
vn -0.0093 -0.0141 -0.9999
vn -0.0141 -0.0192 -0.9997
vn -0.0421 -0.0190 -0.9989
vn -0.0320 -0.0139 -0.9994
vn -0.0501 -0.0137 -0.9987
vn -0.0697 -0.0186 -0.9974
vn -0.0964 -0.0180 -0.9952
vn -0.0718 -0.0132 -0.9973
vn -0.9383 -0.2505 0.2383
vn 0.0190 -0.0092 0.9998
vn -0.0260 -0.0057 0.9996
vn -0.0529 -0.0087 0.9986
vn -0.0260 -0.0057 -0.9996
vn -0.0286 -0.0092 -0.9995
vn -0.0920 -0.0069 -0.9957
vn -0.0680 -0.0186 0.9975
vn -0.0388 -0.0137 0.9992
vn -0.0809 -0.0128 0.9966
vn -0.0978 -0.0179 0.9950
vn -0.4075 -0.0762 -0.9100
vn -0.0082 -0.0093 0.9999
vn -0.0423 -0.0053 0.9991
vn -0.0773 -0.0079 0.9970
vn -0.0423 -0.0053 -0.9991
vn -0.0549 -0.0087 -0.9985
vn -0.1103 -0.0056 -0.9939
vn -0.9802 -0.1386 -0.1414
vn -0.9351 -0.1044 -0.3386
vn -0.1203 -0.0173 0.9926
vn -0.0777 -0.0129 0.9969
vn -0.1162 -0.0114 0.9932
vn -0.1474 -0.0162 0.9890
vn -0.0888 -0.0127 -0.9960
vn -0.1221 -0.0173 -0.9924
vn -0.1463 -0.0163 -0.9891
vn -0.1086 -0.0120 -0.9940
vn -0.1237 -0.0113 -0.9923
vn -0.1689 -0.0152 -0.9855
vn -0.1896 -0.0140 -0.9818
vn -0.1409 -0.0103 -0.9900
vn -0.0351 -0.0090 0.9993
vn -0.0569 -0.0046 0.9984
vn -0.0985 -0.0067 0.9951
vn -0.0569 -0.0046 -0.9984
vn -0.0791 -0.0078 -0.9968
vn -0.1242 -0.0040 -0.9922
vn -0.1672 -0.0153 0.9858
vn -0.1134 -0.0116 0.9935
vn -0.1467 -0.0096 0.9891
vn -0.1904 -0.0139 0.9816
vn -0.2070 -0.0127 0.9783
vn -0.1443 -0.0098 0.9895
vn -0.1713 -0.0075 0.9852
vn -0.2256 -0.0111 0.9742
vn -0.8036 -0.0399 -0.5939
vn -0.4716 -0.0286 0.8814
vn -0.1536 -0.0094 -0.9881
vn -0.2084 -0.0126 -0.9780
vn -0.2251 -0.0112 -0.9743
vn -0.1675 -0.0082 -0.9858
vn -0.0606 -0.0084 0.9981
vn -0.0692 -0.0038 0.9976
vn -0.1159 -0.0053 0.9932
vn -0.0692 -0.0038 -0.9976
vn -0.1001 -0.0066 -0.9950
vn -0.1334 -0.0023 -0.9911
vn -0.5465 -0.0173 -0.8372
vn -0.1773 -0.0072 -0.9841
vn -0.2395 -0.0096 -0.9708
vn -0.2516 -0.0080 -0.9678
vn -0.1875 -0.0059 -0.9822
vn -0.0837 -0.0074 0.9965
vn -0.0789 -0.0028 0.9969
vn -0.1289 -0.0036 0.9917
vn -0.0789 -0.0028 -0.9969
vn -0.1171 -0.0051 -0.9931
vn -0.1376 -0.0005 -0.9905
vn -0.2383 -0.0097 0.9712
vn -0.1695 -0.0077 0.9855
vn -0.1894 -0.0051 0.9819
vn -0.2518 -0.0078 0.9677
vn -0.5465 -0.0173 0.8373
vn -0.1943 -0.0047 -0.9809
vn -0.2614 -0.0063 -0.9652
vn -0.2688 -0.0045 -0.9632
vn -0.2005 -0.0033 -0.9797
vn -0.1035 -0.0061 0.9946
vn -0.0856 -0.0017 0.9963
vn -0.1369 -0.0019 0.9906
vn -0.0856 -0.0017 -0.9963
vn -0.1297 -0.0035 -0.9915
vn -0.1365 0.0013 -0.9906
vn -0.2604 -0.0063 0.9655
vn -0.1881 -0.0053 0.9821
vn -0.2002 -0.0025 0.9797
vn -0.2686 -0.0044 0.9632
vn -0.2039 -0.0021 -0.9790
vn -0.2737 -0.0027 -0.9618
vn -0.2761 -0.0009 -0.9611
vn -0.2060 -0.0006 -0.9786
vn -0.1192 -0.0047 0.9929
vn -0.0890 -0.0006 0.9960
vn -0.1397 -0.0001 0.9902
vn -0.0890 -0.0006 -0.9960
vn -0.1373 -0.0018 -0.9905
vn -0.1303 0.0030 -0.9915
vn -0.2729 -0.0028 0.9620
vn -0.1996 -0.0028 0.9799
vn -0.2036 0.0001 0.9790
vn -0.2757 -0.0008 0.9613
vn -0.5812 0.0058 -0.8137
vn -0.2060 0.0006 -0.9786
vn -0.2761 0.0009 -0.9611
vn -0.2737 0.0027 -0.9618
vn -0.2039 0.0021 -0.9790
vn -0.1303 -0.0030 0.9915
vn -0.0890 0.0006 0.9960
vn -0.1373 0.0018 0.9905
vn -0.0890 0.0006 -0.9960
vn -0.1397 0.0001 -0.9902
vn -0.1192 0.0047 -0.9929
vn -0.2757 0.0008 0.9613
vn -0.2036 -0.0001 0.9790
vn -0.1996 0.0028 0.9799
vn -0.2729 0.0028 0.9620
vn -0.2005 0.0033 -0.9797
vn -0.2687 0.0045 -0.9632
vn -0.2614 0.0063 -0.9652
vn -0.1943 0.0047 -0.9809
vn -0.9808 0.0235 0.1939
vn -0.1365 -0.0013 0.9906
vn -0.0856 0.0017 0.9963
vn -0.1297 0.0035 0.9915
vn -0.0856 0.0017 -0.9963
vn -0.1369 0.0019 -0.9906
vn -0.1035 0.0061 -0.9946
vn -0.2686 0.0044 0.9632
vn -0.2002 0.0025 0.9797
vn -0.1881 0.0053 0.9821
vn -0.2604 0.0063 0.9655
vn -0.5465 0.0173 -0.8372
vn -0.1875 0.0059 -0.9822
vn -0.2516 0.0080 -0.9678
vn -0.2395 0.0096 -0.9708
vn -0.1773 0.0072 -0.9841
vn -0.1376 0.0005 0.9905
vn -0.0789 0.0028 0.9969
vn -0.1171 0.0051 0.9931
vn -0.0789 0.0028 -0.9969
vn -0.1289 0.0036 -0.9917
vn -0.0837 0.0074 -0.9965
vn -0.2518 0.0078 0.9677
vn -0.1894 0.0051 0.9819
vn -0.1695 0.0077 0.9855
vn -0.2383 0.0097 0.9712
vn -0.1675 0.0082 -0.9858
vn -0.2251 0.0112 -0.9743
vn -0.2084 0.0126 -0.9780
vn -0.1536 0.0094 -0.9881
vn -0.1334 0.0023 0.9911
vn -0.0692 0.0038 0.9976
vn -0.1001 0.0066 0.9950
vn -0.0692 0.0038 -0.9976
vn -0.1159 0.0053 -0.9932
vn -0.0606 0.0084 -0.9981
vn -0.2256 0.0111 0.9742
vn -0.1713 0.0075 0.9852
vn -0.1443 0.0098 0.9895
vn -0.2070 0.0127 0.9783
vn -0.2690 0.0163 0.9630
vn -0.4716 0.0286 0.8813
vn -0.2736 0.0247 -0.9615
vn -0.1409 0.0103 -0.9900
vn -0.1896 0.0140 -0.9818
vn -0.1689 0.0152 -0.9855
vn -0.1237 0.0113 -0.9923
vn -0.9931 0.0733 0.0913
vn -0.1242 0.0040 0.9922
vn -0.0569 0.0046 0.9984
vn -0.0791 0.0078 0.9968
vn -0.0569 0.0046 -0.9984
vn -0.0985 0.0067 -0.9951
vn -0.0351 0.0090 -0.9993
vn -0.9931 0.0733 -0.0912
vn -0.1904 0.0139 0.9816
vn -0.1467 0.0096 0.9891
vn -0.1134 0.0116 0.9935
vn -0.1672 0.0153 0.9858
vn -0.2735 0.0247 0.9615
vn -0.9868 0.1101 0.1184
vn -0.1103 0.0056 0.9939
vn -0.0423 0.0053 0.9991
vn -0.0549 0.0087 0.9985
vn -0.0423 0.0053 -0.9991
vn -0.0773 0.0079 -0.9970
vn -0.0082 0.0093 -0.9999
vn -0.9868 0.1101 -0.1185
vn -0.1474 0.0162 0.9890
vn -0.1162 0.0114 0.9932
vn -0.0777 0.0129 0.9969
vn -0.1203 0.0173 0.9926
vn -0.8493 0.0948 0.5194
vn -0.1086 0.0120 -0.9940
vn -0.1463 0.0163 -0.9891
vn -0.1221 0.0173 -0.9924
vn -0.0888 0.0127 -0.9960
vn -0.1587 0.0297 -0.9869
vn -0.0718 0.0132 -0.9973
vn -0.0964 0.0180 -0.9952
vn -0.0697 0.0186 -0.9974
vn -0.0501 0.0137 -0.9987
vn -0.0920 0.0069 0.9957
vn -0.0260 0.0057 0.9996
vn -0.0286 0.0092 0.9995
vn -0.0260 0.0057 -0.9996
vn -0.0529 0.0087 -0.9986
vn 0.0190 0.0092 -0.9998
vn -0.9383 0.2505 -0.2383
vn -0.0978 0.0179 0.9950
vn -0.0809 0.0128 0.9966
vn -0.0388 0.0137 0.9992
vn -0.0680 0.0186 0.9975
vn -0.4076 0.0762 -0.9100
vn -0.0088 0.0060 -0.9999
vn -0.0264 0.0093 -0.9996
vn 0.0455 0.0088 -0.9989
vn -0.2410 0.3278 -0.9135
vn -0.0437 0.0190 0.9989
vn -0.0423 0.0136 0.9990
vn 0.0018 0.0139 0.9999
vn -0.0124 0.0192 0.9997
vn -0.0699 0.0315 0.9971
vn -0.0354 0.0481 -0.9982
vn -0.0320 0.0139 -0.9994
vn -0.0422 0.0190 -0.9989
vn -0.0141 0.0192 -0.9997
vn -0.0093 0.0141 -0.9999
vn -0.0702 0.0080 0.9975
vn -0.0088 0.0060 0.9999
vn -0.0011 0.0094 1.0000
vt 0.750000 0.937500
vt 0.734375 0.957899
vt 0.734375 0.935185
vt 0.726563 0.968750
vt 0.742188 0.968750
vt 0.734375 1.000000
vt 0.718750 0.937500
vt 0.742188 0.031250
vt 0.726563 0.031250
vt 0.734375 0.000000
vt 0.750000 0.062500
vt 0.734375 0.042101
vt 0.742188 0.031250
vt 0.718750 0.062500
vt 0.734375 0.064815
vt 0.750000 0.437500
vt 0.734375 0.468750
vt 0.734375 0.437500
vt 0.750000 0.468750
vt 0.734375 0.500000
vt 0.718750 0.468750
vt 0.718750 0.437500
vt 0.750000 0.875000
vt 0.734375 0.905961
vt 0.734375 0.875000
vt 0.750000 0.906105
vt 0.718750 0.906105
vt 0.718750 0.875000
vt 0.750000 0.375000
vt 0.734375 0.406250
vt 0.734375 0.375000
vt 0.750000 0.406250
vt 0.718750 0.406250
vt 0.718750 0.375000
vt 0.750000 0.843750
vt 0.734375 0.812500
vt 0.750000 0.812500
vt 0.750000 0.875000
vt 0.734375 0.843750
vt 0.718750 0.875000
vt 0.718750 0.843750
vt 0.718750 0.812500
vt 0.750000 0.312500
vt 0.734375 0.343750
vt 0.734375 0.312500
vt 0.750000 0.343750
vt 0.718750 0.343750
vt 0.718750 0.312500
vt 0.750000 0.781250
vt 0.734375 0.750000
vt 0.750000 0.750000
vt 0.734375 0.781250
vt 0.718750 0.781250
vt 0.718750 0.750000
vt 0.750000 0.250000
vt 0.734375 0.281250
vt 0.734375 0.250000
vt 0.750000 0.281250
vt 0.718750 0.281250
vt 0.718750 0.250000
vt 0.750000 0.718750
vt 0.734375 0.687500
vt 0.750000 0.687500
vt 0.734375 0.718750
vt 0.718750 0.718750
vt 0.718750 0.687500
vt 0.750000 0.187500
vt 0.734375 0.218750
vt 0.734375 0.187500
vt 0.750000 0.218750
vt 0.718750 0.218750
vt 0.718750 0.187500
vt 0.750000 0.656250
vt 0.734375 0.625000
vt 0.750000 0.625000
vt 0.734375 0.656250
vt 0.718750 0.656250
vt 0.718750 0.625000
vt 0.750000 0.125000
vt 0.734375 0.156250
vt 0.734375 0.125000
vt 0.750000 0.156250
vt 0.718750 0.156250
vt 0.718750 0.125000
vt 0.750000 0.593750
vt 0.734375 0.562500
vt 0.750000 0.562500
vt 0.734375 0.593750
vt 0.718750 0.593750
vt 0.718750 0.562500
vt 0.750000 0.093895
vt 0.734375 0.064815
vt 0.750000 0.125000
vt 0.734375 0.094039
vt 0.718750 0.125000
vt 0.718750 0.093895
vt 0.750000 0.531250
vt 0.750000 0.500000
vt 0.734375 0.531250
vt 0.718750 0.531250
vt 0.718750 0.500000
vt 0.703125 0.562500
vt 0.703125 0.593750
vt 0.687500 0.625000
vt 0.687500 0.593750
vt 0.687500 0.562500
vt 0.703125 0.064815
vt 0.703125 0.094039
vt 0.687500 0.125000
vt 0.687500 0.093895
vt 0.687500 0.062500
vt 0.703125 0.500000
vt 0.703125 0.531250
vt 0.687500 0.531250
vt 0.687500 0.500000
vt 0.703125 0.957899
vt 0.703125 0.935185
vt 0.695313 0.968750
vt 0.710938 0.968750
vt 0.703125 1.000000
vt 0.687500 0.937500
vt 0.695313 0.968750
vt 0.710938 0.031250
vt 0.695313 0.031250
vt 0.703125 0.000000
vt 0.703125 0.042101
vt 0.710938 0.031250
vt 0.703125 0.468750
vt 0.703125 0.437500
vt 0.687500 0.468750
vt 0.687500 0.437500
vt 0.703125 0.905961
vt 0.703125 0.875000
vt 0.687500 0.906105
vt 0.687500 0.875000
vt 0.703125 0.406250
vt 0.703125 0.375000
vt 0.687500 0.406250
vt 0.687500 0.375000
vt 0.703125 0.812500
vt 0.703125 0.843750
vt 0.687500 0.875000
vt 0.687500 0.843750
vt 0.687500 0.812500
vt 0.703125 0.343750
vt 0.703125 0.312500
vt 0.687500 0.343750
vt 0.687500 0.312500
vt 0.703125 0.750000
vt 0.703125 0.781250
vt 0.687500 0.781250
vt 0.687500 0.750000
vt 0.703125 0.281250
vt 0.703125 0.250000
vt 0.687500 0.281250
vt 0.687500 0.250000
vt 0.703125 0.687500
vt 0.703125 0.718750
vt 0.687500 0.718750
vt 0.687500 0.687500
vt 0.703125 0.218750
vt 0.703125 0.187500
vt 0.687500 0.218750
vt 0.687500 0.187500
vt 0.703125 0.625000
vt 0.703125 0.656250
vt 0.687500 0.656250
vt 0.703125 0.156250
vt 0.703125 0.125000
vt 0.687500 0.156250
vt 0.687500 0.125000
vt 0.671875 0.343750
vt 0.671875 0.312500
vt 0.671875 0.375000
vt 0.656250 0.343750
vt 0.656250 0.312500
vt 0.671875 0.750000
vt 0.671875 0.781250
vt 0.656250 0.812500
vt 0.656250 0.781250
vt 0.656250 0.750000
vt 0.671875 0.281250
vt 0.671875 0.250000
vt 0.656250 0.281250
vt 0.656250 0.250000
vt 0.671875 0.687500
vt 0.671875 0.718750
vt 0.656250 0.718750
vt 0.656250 0.687500
vt 0.671875 0.218750
vt 0.671875 0.187500
vt 0.656250 0.218750
vt 0.656250 0.187500
vt 0.671875 0.625000
vt 0.671875 0.656250
vt 0.656250 0.656250
vt 0.656250 0.625000
vt 0.671875 0.156250
vt 0.671875 0.125000
vt 0.656250 0.156250
vt 0.656250 0.125000
vt 0.671875 0.562500
vt 0.671875 0.593750
vt 0.656250 0.593750
vt 0.656250 0.562500
vt 0.671875 0.064815
vt 0.671875 0.094039
vt 0.656250 0.093895
vt 0.656250 0.062500
vt 0.671875 0.500000
vt 0.671875 0.531250
vt 0.656250 0.531250
vt 0.656250 0.500000
vt 0.671875 0.957899
vt 0.671875 0.935185
vt 0.664063 0.968750
vt 0.679688 0.968750
vt 0.671875 1.000000
vt 0.656250 0.937500
vt 0.679688 0.031250
vt 0.664063 0.031250
vt 0.671875 0.000000
vt 0.671875 0.042101
vt 0.679688 0.031250
vt 0.671875 0.064815
vt 0.671875 0.468750
vt 0.671875 0.437500
vt 0.656250 0.468750
vt 0.656250 0.437500
vt 0.671875 0.905961
vt 0.671875 0.875000
vt 0.656250 0.906105
vt 0.656250 0.875000
vt 0.671875 0.406250
vt 0.656250 0.406250
vt 0.656250 0.375000
vt 0.671875 0.812500
vt 0.671875 0.843750
vt 0.656250 0.843750
vt 0.640625 0.064815
vt 0.640625 0.094039
vt 0.625000 0.125000
vt 0.625000 0.093895
vt 0.625000 0.062500
vt 0.640625 0.500000
vt 0.640625 0.531250
vt 0.625000 0.562500
vt 0.625000 0.531250
vt 0.625000 0.500000
vt 0.640625 0.957899
vt 0.640625 0.935185
vt 0.632813 0.968750
vt 0.648438 0.968750
vt 0.640625 1.000000
vt 0.625000 0.937500
vt 0.632813 0.968750
vt 0.648438 0.031250
vt 0.632813 0.031250
vt 0.640625 0.000000
vt 0.640625 0.042101
vt 0.648438 0.031250
vt 0.640625 0.064815
vt 0.640625 0.468750
vt 0.640625 0.437500
vt 0.625000 0.468750
vt 0.625000 0.437500
vt 0.640625 0.905961
vt 0.640625 0.875000
vt 0.625000 0.906105
vt 0.625000 0.875000
vt 0.640625 0.406250
vt 0.640625 0.375000
vt 0.625000 0.406250
vt 0.625000 0.375000
vt 0.640625 0.812500
vt 0.640625 0.843750
vt 0.625000 0.875000
vt 0.625000 0.843750
vt 0.625000 0.812500
vt 0.640625 0.343750
vt 0.640625 0.312500
vt 0.625000 0.343750
vt 0.625000 0.312500
vt 0.640625 0.750000
vt 0.640625 0.781250
vt 0.625000 0.781250
vt 0.625000 0.750000
vt 0.640625 0.281250
vt 0.640625 0.250000
vt 0.625000 0.281250
vt 0.625000 0.250000
vt 0.640625 0.687500
vt 0.640625 0.718750
vt 0.625000 0.718750
vt 0.625000 0.687500
vt 0.640625 0.218750
vt 0.640625 0.187500
vt 0.625000 0.218750
vt 0.625000 0.187500
vt 0.640625 0.625000
vt 0.640625 0.656250
vt 0.625000 0.656250
vt 0.625000 0.625000
vt 0.640625 0.156250
vt 0.640625 0.125000
vt 0.625000 0.156250
vt 0.625000 0.125000
vt 0.640625 0.562500
vt 0.640625 0.593750
vt 0.625000 0.593750
vt 0.609375 0.281250
vt 0.609375 0.250000
vt 0.609375 0.312500
vt 0.593750 0.281250
vt 0.593750 0.250000
vt 0.609375 0.687500
vt 0.609375 0.718750
vt 0.593750 0.750000
vt 0.593750 0.718750
vt 0.593750 0.687500
vt 0.609375 0.218750
vt 0.609375 0.187500
vt 0.593750 0.218750
vt 0.593750 0.187500
vt 0.609375 0.625000
vt 0.609375 0.656250
vt 0.593750 0.656250
vt 0.593750 0.625000
vt 0.609375 0.156250
vt 0.609375 0.125000
vt 0.593750 0.156250
vt 0.593750 0.125000
vt 0.609375 0.562500
vt 0.609375 0.593750
vt 0.593750 0.593750
vt 0.593750 0.562500
vt 0.609375 0.064815
vt 0.609375 0.094039
vt 0.593750 0.125000
vt 0.593750 0.093895
vt 0.593750 0.062500
vt 0.609375 0.500000
vt 0.609375 0.531250
vt 0.593750 0.531250
vt 0.593750 0.500000
vt 0.609375 0.957899
vt 0.609375 0.935185
vt 0.601563 0.968750
vt 0.617188 0.968750
vt 0.609375 1.000000
vt 0.593750 0.937500
vt 0.601563 0.968750
vt 0.617188 0.031250
vt 0.601563 0.031250
vt 0.609375 0.000000
vt 0.609375 0.042101
vt 0.609375 0.468750
vt 0.609375 0.437500
vt 0.593750 0.468750
vt 0.593750 0.437500
vt 0.609375 0.905961
vt 0.609375 0.875000
vt 0.593750 0.906105
vt 0.593750 0.875000
vt 0.609375 0.406250
vt 0.609375 0.375000
vt 0.593750 0.406250
vt 0.593750 0.375000
vt 0.609375 0.812500
vt 0.609375 0.843750
vt 0.593750 0.875000
vt 0.593750 0.843750
vt 0.593750 0.812500
vt 0.609375 0.343750
vt 0.593750 0.343750
vt 0.593750 0.312500
vt 0.609375 0.750000
vt 0.609375 0.781250
vt 0.593750 0.781250
vt 0.578125 0.957899
vt 0.578125 0.935185
vt 0.570313 0.968750
vt 0.585938 0.968750
vt 0.578125 1.000000
vt 0.562500 0.937500
vt 0.585938 0.031250
vt 0.570313 0.031250
vt 0.578125 0.000000
vt 0.578125 0.042101
vt 0.585938 0.031250
vt 0.562500 0.062500
vt 0.578125 0.064815
vt 0.578125 0.468750
vt 0.578125 0.437500
vt 0.578125 0.500000
vt 0.562500 0.468750
vt 0.562500 0.437500
vt 0.578125 0.905961
vt 0.578125 0.875000
vt 0.562500 0.906105
vt 0.562500 0.875000
vt 0.578125 0.406250
vt 0.578125 0.375000
vt 0.562500 0.406250
vt 0.562500 0.375000
vt 0.578125 0.812500
vt 0.578125 0.843750
vt 0.562500 0.843750
vt 0.562500 0.812500
vt 0.578125 0.343750
vt 0.578125 0.312500
vt 0.562500 0.343750
vt 0.562500 0.312500
vt 0.578125 0.750000
vt 0.578125 0.781250
vt 0.562500 0.781250
vt 0.562500 0.750000
vt 0.578125 0.281250
vt 0.578125 0.250000
vt 0.562500 0.281250
vt 0.562500 0.250000
vt 0.578125 0.687500
vt 0.578125 0.718750
vt 0.562500 0.718750
vt 0.562500 0.687500
vt 0.578125 0.218750
vt 0.578125 0.187500
vt 0.562500 0.218750
vt 0.562500 0.187500
vt 0.578125 0.625000
vt 0.578125 0.656250
vt 0.562500 0.656250
vt 0.562500 0.625000
vt 0.578125 0.156250
vt 0.578125 0.125000
vt 0.562500 0.156250
vt 0.562500 0.125000
vt 0.578125 0.562500
vt 0.578125 0.593750
vt 0.562500 0.593750
vt 0.562500 0.562500
vt 0.578125 0.064815
vt 0.578125 0.094039
vt 0.562500 0.125000
vt 0.562500 0.093895
vt 0.578125 0.531250
vt 0.562500 0.531250
vt 0.562500 0.500000
vt 0.546875 0.687500
vt 0.546875 0.718750
vt 0.531250 0.750000
vt 0.531250 0.718750
vt 0.531250 0.687500
vt 0.546875 0.218750
vt 0.546875 0.187500
vt 0.546875 0.250000
vt 0.531250 0.218750
vt 0.531250 0.187500
vt 0.546875 0.625000
vt 0.546875 0.656250
vt 0.531250 0.656250
vt 0.531250 0.625000
vt 0.546875 0.156250
vt 0.546875 0.125000
vt 0.531250 0.156250
vt 0.531250 0.125000
vt 0.546875 0.562500
vt 0.546875 0.593750
vt 0.531250 0.593750
vt 0.531250 0.562500
vt 0.546875 0.064815
vt 0.546875 0.094039
vt 0.531250 0.125000
vt 0.531250 0.093895
vt 0.531250 0.062500
vt 0.546875 0.500000
vt 0.546875 0.531250
vt 0.531250 0.531250
vt 0.531250 0.500000
vt 0.546875 0.957899
vt 0.546875 0.935185
vt 0.539063 0.968750
vt 0.554688 0.968750
vt 0.546875 1.000000
vt 0.531250 0.937500
vt 0.554688 0.031250
vt 0.539063 0.031250
vt 0.546875 0.000000
vt 0.546875 0.042101
vt 0.546875 0.468750
vt 0.546875 0.437500
vt 0.531250 0.468750
vt 0.531250 0.437500
vt 0.546875 0.905961
vt 0.546875 0.875000
vt 0.531250 0.906105
vt 0.531250 0.875000
vt 0.546875 0.406250
vt 0.546875 0.375000
vt 0.531250 0.406250
vt 0.531250 0.375000
vt 0.546875 0.812500
vt 0.546875 0.843750
vt 0.531250 0.843750
vt 0.531250 0.812500
vt 0.546875 0.343750
vt 0.546875 0.312500
vt 0.531250 0.343750
vt 0.531250 0.312500
vt 0.546875 0.750000
vt 0.546875 0.781250
vt 0.531250 0.781250
vt 0.546875 0.281250
vt 0.531250 0.281250
vt 0.531250 0.250000
vt 0.515625 0.468750
vt 0.515625 0.437500
vt 0.515625 0.500000
vt 0.500000 0.468750
vt 0.500000 0.437500
vt 0.515625 0.905961
vt 0.515625 0.875000
vt 0.515625 0.935185
vt 0.500000 0.906105
vt 0.500000 0.875000
vt 0.515625 0.406250
vt 0.515625 0.375000
vt 0.500000 0.406250
vt 0.500000 0.375000
vt 0.515625 0.812500
vt 0.515625 0.843750
vt 0.500000 0.843750
vt 0.500000 0.812500
vt 0.515625 0.343750
vt 0.515625 0.312500
vt 0.500000 0.343750
vt 0.500000 0.312500
vt 0.515625 0.750000
vt 0.515625 0.781250
vt 0.500000 0.781250
vt 0.500000 0.750000
vt 0.515625 0.281250
vt 0.515625 0.250000
vt 0.500000 0.281250
vt 0.500000 0.250000
vt 0.515625 0.687500
vt 0.515625 0.718750
vt 0.500000 0.718750
vt 0.500000 0.687500
vt 0.515625 0.218750
vt 0.515625 0.187500
vt 0.500000 0.218750
vt 0.500000 0.187500
vt 0.515625 0.625000
vt 0.515625 0.656250
vt 0.500000 0.656250
vt 0.500000 0.625000
vt 0.515625 0.156250
vt 0.515625 0.125000
vt 0.500000 0.156250
vt 0.500000 0.125000
vt 0.515625 0.562500
vt 0.515625 0.593750
vt 0.500000 0.593750
vt 0.500000 0.562500
vt 0.515625 0.064815
vt 0.515625 0.094039
vt 0.500000 0.125000
vt 0.500000 0.093895
vt 0.500000 0.062500
vt 0.515625 0.531250
vt 0.500000 0.531250
vt 0.500000 0.500000
vt 0.515625 0.957899
vt 0.507813 0.968750
vt 0.523438 0.968750
vt 0.515625 1.000000
vt 0.500000 0.937500
vt 0.523438 0.031250
vt 0.507813 0.031250
vt 0.515625 0.000000
vt 0.515625 0.042101
vt 0.484375 0.218750
vt 0.484375 0.187500
vt 0.484375 0.250000
vt 0.468750 0.218750
vt 0.468750 0.187500
vt 0.484375 0.625000
vt 0.484375 0.656250
vt 0.468750 0.687500
vt 0.468750 0.656250
vt 0.468750 0.625000
vt 0.484375 0.156250
vt 0.484375 0.125000
vt 0.468750 0.156250
vt 0.468750 0.125000
vt 0.484375 0.562500
vt 0.484375 0.593750
vt 0.468750 0.593750
vt 0.468750 0.562500
vt 0.484375 0.064815
vt 0.484375 0.094039
vt 0.468750 0.125000
vt 0.468750 0.093895
vt 0.468750 0.062500
vt 0.484375 0.500000
vt 0.484375 0.531250
vt 0.468750 0.531250
vt 0.468750 0.500000
vt 0.484375 0.957899
vt 0.484375 0.935185
vt 0.476563 0.968750
vt 0.492188 0.968750
vt 0.484375 1.000000
vt 0.468750 0.937500
vt 0.492188 0.031250
vt 0.476563 0.031250
vt 0.484375 0.000000
vt 0.484375 0.042101
vt 0.484375 0.064815
vt 0.484375 0.468750
vt 0.484375 0.437500
vt 0.468750 0.468750
vt 0.468750 0.437500
vt 0.484375 0.905961
vt 0.484375 0.875000
vt 0.468750 0.906105
vt 0.468750 0.875000
vt 0.484375 0.406250
vt 0.484375 0.375000
vt 0.468750 0.406250
vt 0.468750 0.375000
vt 0.484375 0.812500
vt 0.484375 0.843750
vt 0.468750 0.843750
vt 0.468750 0.812500
vt 0.484375 0.343750
vt 0.484375 0.312500
vt 0.468750 0.343750
vt 0.468750 0.312500
vt 0.484375 0.750000
vt 0.484375 0.781250
vt 0.468750 0.781250
vt 0.468750 0.750000
vt 0.484375 0.281250
vt 0.468750 0.281250
vt 0.468750 0.250000
vt 0.484375 0.687500
vt 0.484375 0.718750
vt 0.468750 0.718750
vt 0.453125 0.905961
vt 0.453125 0.875000
vt 0.453125 0.935185
vt 0.437500 0.906105
vt 0.437500 0.875000
vt 0.453125 0.406250
vt 0.453125 0.375000
vt 0.453125 0.437500
vt 0.437500 0.406250
vt 0.437500 0.375000
vt 0.453125 0.812500
vt 0.453125 0.843750
vt 0.437500 0.875000
vt 0.437500 0.843750
vt 0.437500 0.812500
vt 0.453125 0.343750
vt 0.453125 0.312500
vt 0.437500 0.343750
vt 0.437500 0.312500
vt 0.453125 0.750000
vt 0.453125 0.781250
vt 0.437500 0.781250
vt 0.437500 0.750000
vt 0.453125 0.281250
vt 0.453125 0.250000
vt 0.437500 0.281250
vt 0.437500 0.250000
vt 0.453125 0.687500
vt 0.453125 0.718750
vt 0.437500 0.718750
vt 0.437500 0.687500
vt 0.453125 0.218750
vt 0.453125 0.187500
vt 0.437500 0.218750
vt 0.437500 0.187500
vt 0.453125 0.625000
vt 0.453125 0.656250
vt 0.437500 0.656250
vt 0.437500 0.625000
vt 0.453125 0.156250
vt 0.453125 0.125000
vt 0.437500 0.156250
vt 0.437500 0.125000
vt 0.453125 0.562500
vt 0.453125 0.593750
vt 0.437500 0.593750
vt 0.437500 0.562500
vt 0.453125 0.064815
vt 0.453125 0.094039
vt 0.437500 0.125000
vt 0.437500 0.093895
vt 0.437500 0.062500
vt 0.453125 0.500000
vt 0.453125 0.531250
vt 0.437500 0.531250
vt 0.437500 0.500000
vt 0.453125 0.957899
vt 0.445313 0.968750
vt 0.460938 0.968750
vt 0.453125 1.000000
vt 0.437500 0.937500
vt 0.460938 0.031250
vt 0.445313 0.031250
vt 0.453125 0.000000
vt 0.453125 0.042101
vt 0.453125 0.468750
vt 0.437500 0.468750
vt 0.437500 0.437500
vt 0.421875 0.625000
vt 0.421875 0.656250
vt 0.406250 0.687500
vt 0.406250 0.656250
vt 0.406250 0.625000
vt 0.421875 0.156250
vt 0.421875 0.125000
vt 0.421875 0.187500
vt 0.406250 0.156250
vt 0.406250 0.125000
vt 0.421875 0.562500
vt 0.421875 0.593750
vt 0.406250 0.593750
vt 0.406250 0.562500
vt 0.421875 0.064815
vt 0.421875 0.094039
vt 0.406250 0.125000
vt 0.406250 0.093895
vt 0.406250 0.062500
vt 0.421875 0.500000
vt 0.421875 0.531250
vt 0.406250 0.531250
vt 0.406250 0.500000
vt 0.421875 0.957899
vt 0.421875 0.935185
vt 0.414063 0.968750
vt 0.429688 0.968750
vt 0.421875 1.000000
vt 0.406250 0.937500
vt 0.429688 0.031250
vt 0.414063 0.031250
vt 0.421875 0.000000
vt 0.421875 0.042101
vt 0.421875 0.064815
vt 0.421875 0.468750
vt 0.421875 0.437500
vt 0.406250 0.468750
vt 0.406250 0.437500
vt 0.421875 0.905961
vt 0.421875 0.875000
vt 0.406250 0.906105
vt 0.406250 0.875000
vt 0.421875 0.406250
vt 0.421875 0.375000
vt 0.406250 0.406250
vt 0.406250 0.375000
vt 0.421875 0.812500
vt 0.421875 0.843750
vt 0.406250 0.875000
vt 0.406250 0.843750
vt 0.406250 0.812500
vt 0.421875 0.343750
vt 0.421875 0.312500
vt 0.406250 0.343750
vt 0.406250 0.312500
vt 0.421875 0.750000
vt 0.421875 0.781250
vt 0.406250 0.781250
vt 0.406250 0.750000
vt 0.421875 0.281250
vt 0.421875 0.250000
vt 0.406250 0.281250
vt 0.406250 0.250000
vt 0.421875 0.687500
vt 0.421875 0.718750
vt 0.406250 0.718750
vt 0.421875 0.218750
vt 0.406250 0.218750
vt 0.406250 0.187500
vt 0.390625 0.406250
vt 0.390625 0.375000
vt 0.390625 0.437500
vt 0.375000 0.406250
vt 0.375000 0.375000
vt 0.390625 0.812500
vt 0.390625 0.843750
vt 0.375000 0.875000
vt 0.375000 0.843750
vt 0.375000 0.812500
vt 0.390625 0.343750
vt 0.390625 0.312500
vt 0.375000 0.343750
vt 0.375000 0.312500
vt 0.390625 0.750000
vt 0.390625 0.781250
vt 0.375000 0.781250
vt 0.375000 0.750000
vt 0.390625 0.281250
vt 0.390625 0.250000
vt 0.375000 0.281250
vt 0.375000 0.250000
vt 0.390625 0.687500
vt 0.390625 0.718750
vt 0.375000 0.718750
vt 0.375000 0.687500
vt 0.390625 0.218750
vt 0.390625 0.187500
vt 0.375000 0.218750
vt 0.375000 0.187500
vt 0.390625 0.625000
vt 0.390625 0.656250
vt 0.375000 0.656250
vt 0.375000 0.625000
vt 0.390625 0.156250
vt 0.390625 0.125000
vt 0.375000 0.156250
vt 0.375000 0.125000
vt 0.390625 0.562500
vt 0.390625 0.593750
vt 0.375000 0.593750
vt 0.375000 0.562500
vt 0.390625 0.064815
vt 0.390625 0.094039
vt 0.375000 0.125000
vt 0.375000 0.093895
vt 0.375000 0.062500
vt 0.390625 0.500000
vt 0.390625 0.531250
vt 0.375000 0.531250
vt 0.375000 0.500000
vt 0.390625 0.957899
vt 0.390625 0.935185
vt 0.382813 0.968750
vt 0.398438 0.968750
vt 0.390625 1.000000
vt 0.375000 0.937500
vt 0.398438 0.031250
vt 0.382813 0.031250
vt 0.390625 0.000000
vt 0.390625 0.042101
vt 0.398438 0.031250
vt 0.390625 0.468750
vt 0.375000 0.468750
vt 0.375000 0.437500
vt 0.390625 0.905961
vt 0.390625 0.875000
vt 0.375000 0.906105
vt 0.359375 0.156250
vt 0.359375 0.125000
vt 0.359375 0.187500
vt 0.343750 0.156250
vt 0.343750 0.125000
vt 0.359375 0.562500
vt 0.359375 0.593750
vt 0.343750 0.625000
vt 0.343750 0.593750
vt 0.343750 0.562500
vt 0.359375 0.064815
vt 0.359375 0.094039
vt 0.343750 0.125000
vt 0.343750 0.093895
vt 0.343750 0.062500
vt 0.359375 0.500000
vt 0.359375 0.531250
vt 0.343750 0.531250
vt 0.343750 0.500000
vt 0.359375 0.957899
vt 0.359375 0.935185
vt 0.351563 0.968750
vt 0.367188 0.968750
vt 0.359375 1.000000
vt 0.343750 0.937500
vt 0.367188 0.031250
vt 0.351563 0.031250
vt 0.359375 0.000000
vt 0.359375 0.042101
vt 0.367188 0.031250
vt 0.359375 0.064815
vt 0.359375 0.468750
vt 0.359375 0.437500
vt 0.343750 0.468750
vt 0.343750 0.437500
vt 0.359375 0.905961
vt 0.359375 0.875000
vt 0.343750 0.906105
vt 0.343750 0.875000
vt 0.359375 0.406250
vt 0.359375 0.375000
vt 0.343750 0.406250
vt 0.343750 0.375000
vt 0.359375 0.812500
vt 0.359375 0.843750
vt 0.343750 0.875000
vt 0.343750 0.843750
vt 0.343750 0.812500
vt 0.359375 0.343750
vt 0.359375 0.312500
vt 0.343750 0.343750
vt 0.343750 0.312500
vt 0.359375 0.750000
vt 0.359375 0.781250
vt 0.343750 0.781250
vt 0.343750 0.750000
vt 0.359375 0.281250
vt 0.359375 0.250000
vt 0.343750 0.281250
vt 0.343750 0.250000
vt 0.359375 0.687500
vt 0.359375 0.718750
vt 0.343750 0.718750
vt 0.343750 0.687500
vt 0.359375 0.218750
vt 0.343750 0.218750
vt 0.343750 0.187500
vt 0.359375 0.625000
vt 0.359375 0.656250
vt 0.343750 0.656250
vt 0.328125 0.343750
vt 0.328125 0.312500
vt 0.328125 0.375000
vt 0.312500 0.343750
vt 0.312500 0.312500
vt 0.328125 0.750000
vt 0.328125 0.781250
vt 0.312500 0.812500
vt 0.312500 0.781250
vt 0.312500 0.750000
vt 0.328125 0.281250
vt 0.328125 0.250000
vt 0.312500 0.281250
vt 0.312500 0.250000
vt 0.328125 0.687500
vt 0.328125 0.718750
vt 0.312500 0.718750
vt 0.312500 0.687500
vt 0.328125 0.218750
vt 0.328125 0.187500
vt 0.312500 0.218750
vt 0.312500 0.187500
vt 0.328125 0.625000
vt 0.328125 0.656250
vt 0.312500 0.656250
vt 0.312500 0.625000
vt 0.328125 0.156250
vt 0.328125 0.125000
vt 0.312500 0.156250
vt 0.312500 0.125000
vt 0.328125 0.562500
vt 0.328125 0.593750
vt 0.312500 0.593750
vt 0.312500 0.562500
vt 0.328125 0.064815
vt 0.328125 0.094039
vt 0.312500 0.125000
vt 0.312500 0.093895
vt 0.312500 0.062500
vt 0.328125 0.500000
vt 0.328125 0.531250
vt 0.312500 0.531250
vt 0.312500 0.500000
vt 0.328125 0.957899
vt 0.328125 0.935185
vt 0.320313 0.968750
vt 0.335938 0.968750
vt 0.328125 1.000000
vt 0.312500 0.937500
vt 0.335938 0.031250
vt 0.320313 0.031250
vt 0.328125 0.000000
vt 0.328125 0.042101
vt 0.335938 0.031250
vt 0.328125 0.468750
vt 0.328125 0.437500
vt 0.312500 0.468750
vt 0.312500 0.437500
vt 0.328125 0.905961
vt 0.328125 0.875000
vt 0.312500 0.906105
vt 0.312500 0.875000
vt 0.328125 0.406250
vt 0.312500 0.406250
vt 0.312500 0.375000
vt 0.328125 0.812500
vt 0.328125 0.843750
vt 0.312500 0.875000
vt 0.312500 0.843750
vt 0.296875 0.064815
vt 0.296875 0.094039
vt 0.281250 0.125000
vt 0.281250 0.093895
vt 0.281250 0.062500
vt 0.296875 0.500000
vt 0.296875 0.531250
vt 0.281250 0.562500
vt 0.281250 0.531250
vt 0.281250 0.500000
vt 0.296875 0.957899
vt 0.296875 0.935185
vt 0.289063 0.968750
vt 0.304688 0.968750
vt 0.296875 1.000000
vt 0.281250 0.937500
vt 0.289063 0.968750
vt 0.304688 0.031250
vt 0.289063 0.031250
vt 0.296875 0.000000
vt 0.296875 0.042101
vt 0.304688 0.031250
vt 0.296875 0.064815
vt 0.296875 0.468750
vt 0.296875 0.437500
vt 0.281250 0.468750
vt 0.281250 0.437500
vt 0.296875 0.905961
vt 0.296875 0.875000
vt 0.281250 0.906105
vt 0.281250 0.875000
vt 0.296875 0.406250
vt 0.296875 0.375000
vt 0.281250 0.406250
vt 0.281250 0.375000
vt 0.296875 0.812500
vt 0.296875 0.843750
vt 0.281250 0.875000
vt 0.281250 0.843750
vt 0.281250 0.812500
vt 0.296875 0.343750
vt 0.296875 0.312500
vt 0.281250 0.343750
vt 0.281250 0.312500
vt 0.296875 0.750000
vt 0.296875 0.781250
vt 0.281250 0.781250
vt 0.281250 0.750000
vt 0.296875 0.281250
vt 0.296875 0.250000
vt 0.281250 0.281250
vt 0.281250 0.250000
vt 0.296875 0.687500
vt 0.296875 0.718750
vt 0.281250 0.718750
vt 0.281250 0.687500
vt 0.296875 0.218750
vt 0.296875 0.187500
vt 0.281250 0.218750
vt 0.281250 0.187500
vt 0.296875 0.625000
vt 0.296875 0.656250
vt 0.281250 0.656250
vt 0.281250 0.625000
vt 0.296875 0.156250
vt 0.296875 0.125000
vt 0.281250 0.156250
vt 0.281250 0.125000
vt 0.296875 0.562500
vt 0.296875 0.593750
vt 0.281250 0.593750
vt 0.265625 0.750000
vt 0.265625 0.781250
vt 0.250000 0.812500
vt 0.250000 0.781250
vt 0.250000 0.750000
vt 0.265625 0.281250
vt 0.265625 0.250000
vt 0.265625 0.312500
vt 0.250000 0.281250
vt 0.250000 0.250000
vt 0.265625 0.687500
vt 0.265625 0.718750
vt 0.250000 0.718750
vt 0.250000 0.687500
vt 0.265625 0.218750
vt 0.265625 0.187500
vt 0.250000 0.218750
vt 0.250000 0.187500
vt 0.265625 0.625000
vt 0.265625 0.656250
vt 0.250000 0.656250
vt 0.250000 0.625000
vt 0.265625 0.156250
vt 0.265625 0.125000
vt 0.250000 0.156250
vt 0.250000 0.125000
vt 0.265625 0.562500
vt 0.265625 0.593750
vt 0.250000 0.593750
vt 0.250000 0.562500
vt 0.265625 0.064815
vt 0.265625 0.094039
vt 0.250000 0.125000
vt 0.250000 0.093895
vt 0.250000 0.062500
vt 0.265625 0.500000
vt 0.265625 0.531250
vt 0.250000 0.531250
vt 0.250000 0.500000
vt 0.265625 0.957899
vt 0.265625 0.935185
vt 0.257813 0.968750
vt 0.273438 0.968750
vt 0.265625 1.000000
vt 0.250000 0.937500
vt 0.273438 0.031250
vt 0.257813 0.031250
vt 0.265625 0.000000
vt 0.265625 0.042101
vt 0.265625 0.468750
vt 0.265625 0.437500
vt 0.250000 0.468750
vt 0.250000 0.437500
vt 0.265625 0.905961
vt 0.265625 0.875000
vt 0.250000 0.906105
vt 0.250000 0.875000
vt 0.265625 0.406250
vt 0.265625 0.375000
vt 0.250000 0.406250
vt 0.250000 0.375000
vt 0.265625 0.812500
vt 0.265625 0.843750
vt 0.250000 0.843750
vt 0.265625 0.343750
vt 0.250000 0.343750
vt 0.250000 0.312500
vt 0.234375 0.500000
vt 0.234375 0.531250
vt 0.218750 0.562500
vt 0.218750 0.531250
vt 0.218750 0.500000
vt 0.234375 0.957899
vt 0.234375 0.935185
vt 0.226563 0.968750
vt 0.242188 0.968750
vt 0.234375 1.000000
vt 0.218750 0.937500
vt 0.242188 0.031250
vt 0.226563 0.031250
vt 0.234375 0.000000
vt 0.234375 0.042101
vt 0.218750 0.062500
vt 0.234375 0.064815
vt 0.234375 0.468750
vt 0.234375 0.437500
vt 0.218750 0.468750
vt 0.218750 0.437500
vt 0.234375 0.905961
vt 0.234375 0.875000
vt 0.218750 0.906105
vt 0.218750 0.875000
vt 0.234375 0.406250
vt 0.234375 0.375000
vt 0.218750 0.406250
vt 0.218750 0.375000
vt 0.234375 0.812500
vt 0.234375 0.843750
vt 0.218750 0.875000
vt 0.218750 0.843750
vt 0.218750 0.812500
vt 0.234375 0.343750
vt 0.234375 0.312500
vt 0.218750 0.343750
vt 0.218750 0.312500
vt 0.234375 0.750000
vt 0.234375 0.781250
vt 0.218750 0.781250
vt 0.218750 0.750000
vt 0.234375 0.281250
vt 0.234375 0.250000
vt 0.218750 0.281250
vt 0.218750 0.250000
vt 0.234375 0.687500
vt 0.234375 0.718750
vt 0.218750 0.718750
vt 0.218750 0.687500
vt 0.234375 0.218750
vt 0.234375 0.187500
vt 0.218750 0.218750
vt 0.218750 0.187500
vt 0.234375 0.625000
vt 0.234375 0.656250
vt 0.218750 0.656250
vt 0.218750 0.625000
vt 0.234375 0.156250
vt 0.234375 0.125000
vt 0.218750 0.156250
vt 0.218750 0.125000
vt 0.234375 0.562500
vt 0.234375 0.593750
vt 0.218750 0.593750
vt 0.234375 0.064815
vt 0.234375 0.094039
vt 0.218750 0.125000
vt 0.218750 0.093895
vt 0.203125 0.281250
vt 0.203125 0.250000
vt 0.203125 0.312500
vt 0.187500 0.281250
vt 0.187500 0.250000
vt 0.203125 0.687500
vt 0.203125 0.718750
vt 0.187500 0.750000
vt 0.187500 0.718750
vt 0.187500 0.687500
vt 0.203125 0.218750
vt 0.203125 0.187500
vt 0.187500 0.218750
vt 0.187500 0.187500
vt 0.203125 0.625000
vt 0.203125 0.656250
vt 0.187500 0.656250
vt 0.187500 0.625000
vt 0.203125 0.156250
vt 0.203125 0.125000
vt 0.187500 0.156250
vt 0.187500 0.125000
vt 0.203125 0.562500
vt 0.203125 0.593750
vt 0.187500 0.593750
vt 0.187500 0.562500
vt 0.203125 0.064815
vt 0.203125 0.094039
vt 0.187500 0.125000
vt 0.187500 0.093895
vt 0.187500 0.062500
vt 0.203125 0.500000
vt 0.203125 0.531250
vt 0.187500 0.531250
vt 0.187500 0.500000
vt 0.203125 0.957899
vt 0.203125 0.935185
vt 0.195313 0.968750
vt 0.210938 0.968750
vt 0.203125 1.000000
vt 0.187500 0.937500
vt 0.210938 0.031250
vt 0.195313 0.031250
vt 0.203125 0.000000
vt 0.203125 0.042101
vt 0.210938 0.031250
vt 0.203125 0.064815
vt 0.203125 0.468750
vt 0.203125 0.437500
vt 0.187500 0.468750
vt 0.187500 0.437500
vt 0.203125 0.905961
vt 0.203125 0.875000
vt 0.187500 0.906105
vt 0.187500 0.875000
vt 0.203125 0.406250
vt 0.203125 0.375000
vt 0.187500 0.406250
vt 0.187500 0.375000
vt 0.203125 0.812500
vt 0.203125 0.843750
vt 0.187500 0.875000
vt 0.187500 0.843750
vt 0.187500 0.812500
vt 0.203125 0.343750
vt 0.187500 0.343750
vt 0.187500 0.312500
vt 0.203125 0.750000
vt 0.203125 0.781250
vt 0.187500 0.781250
vt 0.171875 0.957899
vt 0.171875 0.935185
vt 0.164063 0.968750
vt 0.179688 0.968750
vt 0.171875 1.000000
vt 0.156250 0.937500
vt 0.179688 0.031250
vt 0.164063 0.031250
vt 0.171875 0.000000
vt 0.171875 0.042101
vt 0.156250 0.062500
vt 0.171875 0.064815
vt 0.171875 0.468750
vt 0.171875 0.437500
vt 0.171875 0.500000
vt 0.156250 0.468750
vt 0.156250 0.437500
vt 0.171875 0.905961
vt 0.171875 0.875000
vt 0.156250 0.906105
vt 0.156250 0.875000
vt 0.171875 0.406250
vt 0.171875 0.375000
vt 0.156250 0.406250
vt 0.156250 0.375000
vt 0.171875 0.812500
vt 0.171875 0.843750
vt 0.156250 0.875000
vt 0.156250 0.843750
vt 0.156250 0.812500
vt 0.171875 0.343750
vt 0.171875 0.312500
vt 0.156250 0.343750
vt 0.156250 0.312500
vt 0.171875 0.750000
vt 0.171875 0.781250
vt 0.156250 0.781250
vt 0.156250 0.750000
vt 0.171875 0.281250
vt 0.171875 0.250000
vt 0.156250 0.281250
vt 0.156250 0.250000
vt 0.171875 0.687500
vt 0.171875 0.718750
vt 0.156250 0.718750
vt 0.156250 0.687500
vt 0.171875 0.218750
vt 0.171875 0.187500
vt 0.156250 0.218750
vt 0.156250 0.187500
vt 0.171875 0.625000
vt 0.171875 0.656250
vt 0.156250 0.656250
vt 0.156250 0.625000
vt 0.171875 0.156250
vt 0.171875 0.125000
vt 0.156250 0.156250
vt 0.156250 0.125000
vt 0.171875 0.562500
vt 0.171875 0.593750
vt 0.156250 0.593750
vt 0.156250 0.562500
vt 0.171875 0.064815
vt 0.171875 0.094039
vt 0.156250 0.125000
vt 0.156250 0.093895
vt 0.171875 0.531250
vt 0.156250 0.531250
vt 0.156250 0.500000
vt 0.140625 0.687500
vt 0.140625 0.718750
vt 0.125000 0.750000
vt 0.125000 0.718750
vt 0.125000 0.687500
vt 0.140625 0.218750
vt 0.140625 0.187500
vt 0.140625 0.250000
vt 0.125000 0.218750
vt 0.125000 0.187500
vt 0.140625 0.625000
vt 0.140625 0.656250
vt 0.125000 0.656250
vt 0.125000 0.625000
vt 0.140625 0.156250
vt 0.140625 0.125000
vt 0.125000 0.156250
vt 0.125000 0.125000
vt 0.140625 0.562500
vt 0.140625 0.593750
vt 0.125000 0.593750
vt 0.125000 0.562500
vt 0.140625 0.064815
vt 0.140625 0.094039
vt 0.125000 0.125000
vt 0.125000 0.093895
vt 0.125000 0.062500
vt 0.140625 0.500000
vt 0.140625 0.531250
vt 0.125000 0.531250
vt 0.125000 0.500000
vt 0.140625 0.957899
vt 0.140625 0.935185
vt 0.132813 0.968750
vt 0.148438 0.968750
vt 0.140625 1.000000
vt 0.125000 0.937500
vt 0.148438 0.031250
vt 0.132813 0.031250
vt 0.140625 0.000000
vt 0.140625 0.042101
vt 0.148438 0.031250
vt 0.140625 0.064815
vt 0.140625 0.468750
vt 0.140625 0.437500
vt 0.125000 0.468750
vt 0.125000 0.437500
vt 0.140625 0.905961
vt 0.140625 0.875000
vt 0.125000 0.906105
vt 0.125000 0.875000
vt 0.140625 0.406250
vt 0.140625 0.375000
vt 0.125000 0.406250
vt 0.125000 0.375000
vt 0.140625 0.812500
vt 0.140625 0.843750
vt 0.125000 0.875000
vt 0.125000 0.843750
vt 0.125000 0.812500
vt 0.140625 0.343750
vt 0.140625 0.312500
vt 0.125000 0.343750
vt 0.125000 0.312500
vt 0.140625 0.750000
vt 0.140625 0.781250
vt 0.125000 0.781250
vt 0.140625 0.281250
vt 0.125000 0.281250
vt 0.125000 0.250000
vt 0.109375 0.468750
vt 0.109375 0.437500
vt 0.109375 0.500000
vt 0.093750 0.468750
vt 0.093750 0.437500
vt 0.109375 0.905961
vt 0.109375 0.875000
vt 0.109375 0.935185
vt 0.093750 0.906105
vt 0.093750 0.875000
vt 0.109375 0.406250
vt 0.109375 0.375000
vt 0.093750 0.406250
vt 0.093750 0.375000
vt 0.109375 0.812500
vt 0.109375 0.843750
vt 0.093750 0.875000
vt 0.093750 0.843750
vt 0.093750 0.812500
vt 0.109375 0.343750
vt 0.109375 0.312500
vt 0.093750 0.343750
vt 0.093750 0.312500
vt 0.109375 0.750000
vt 0.109375 0.781250
vt 0.093750 0.781250
vt 0.093750 0.750000
vt 0.109375 0.281250
vt 0.109375 0.250000
vt 0.093750 0.281250
vt 0.093750 0.250000
vt 0.109375 0.687500
vt 0.109375 0.718750
vt 0.093750 0.718750
vt 0.093750 0.687500
vt 0.109375 0.218750
vt 0.109375 0.187500
vt 0.093750 0.218750
vt 0.093750 0.187500
vt 0.109375 0.625000
vt 0.109375 0.656250
vt 0.093750 0.656250
vt 0.093750 0.625000
vt 0.109375 0.156250
vt 0.109375 0.125000
vt 0.093750 0.156250
vt 0.093750 0.125000
vt 0.109375 0.562500
vt 0.109375 0.593750
vt 0.093750 0.593750
vt 0.093750 0.562500
vt 0.109375 0.064815
vt 0.109375 0.094039
vt 0.093750 0.093895
vt 0.093750 0.062500
vt 0.109375 0.531250
vt 0.093750 0.531250
vt 0.093750 0.500000
vt 0.109375 0.957899
vt 0.101563 0.968750
vt 0.117188 0.968750
vt 0.109375 1.000000
vt 0.093750 0.937500
vt 0.117188 0.031250
vt 0.101563 0.031250
vt 0.109375 0.000000
vt 0.109375 0.042101
vt 0.109375 0.064815
vt 0.078125 0.218750
vt 0.078125 0.187500
vt 0.078125 0.250000
vt 0.062500 0.218750
vt 0.062500 0.187500
vt 0.078125 0.625000
vt 0.078125 0.656250
vt 0.062500 0.687500
vt 0.062500 0.656250
vt 0.062500 0.625000
vt 0.078125 0.156250
vt 0.078125 0.125000
vt 0.062500 0.156250
vt 0.062500 0.125000
vt 0.078125 0.562500
vt 0.078125 0.593750
vt 0.062500 0.593750
vt 0.062500 0.562500
vt 0.078125 0.064815
vt 0.078125 0.094039
vt 0.062500 0.093895
vt 0.062500 0.062500
vt 0.078125 0.500000
vt 0.078125 0.531250
vt 0.062500 0.531250
vt 0.062500 0.500000
vt 0.078125 0.957899
vt 0.078125 0.935185
vt 0.070313 0.968750
vt 0.085938 0.968750
vt 0.078125 1.000000
vt 0.062500 0.937500
vt 0.070313 0.968750
vt 0.085938 0.031250
vt 0.070313 0.031250
vt 0.078125 0.000000
vt 0.078125 0.042101
vt 0.078125 0.064815
vt 0.078125 0.468750
vt 0.078125 0.437500
vt 0.062500 0.468750
vt 0.062500 0.437500
vt 0.078125 0.905961
vt 0.078125 0.875000
vt 0.062500 0.906105
vt 0.062500 0.875000
vt 0.078125 0.406250
vt 0.078125 0.375000
vt 0.062500 0.406250
vt 0.062500 0.375000
vt 0.078125 0.812500
vt 0.078125 0.843750
vt 0.062500 0.875000
vt 0.062500 0.843750
vt 0.062500 0.812500
vt 0.078125 0.343750
vt 0.078125 0.312500
vt 0.062500 0.343750
vt 0.062500 0.312500
vt 0.078125 0.750000
vt 0.078125 0.781250
vt 0.062500 0.781250
vt 0.062500 0.750000
vt 0.078125 0.281250
vt 0.062500 0.281250
vt 0.062500 0.250000
vt 0.078125 0.687500
vt 0.078125 0.718750
vt 0.062500 0.718750
vt 0.046875 0.406250
vt 0.046875 0.375000
vt 0.046875 0.437500
vt 0.031250 0.406250
vt 0.031250 0.375000
vt 0.046875 0.812500
vt 0.046875 0.843750
vt 0.031250 0.875000
vt 0.031250 0.843750
vt 0.031250 0.812500
vt 0.046875 0.343750
vt 0.046875 0.312500
vt 0.031250 0.343750
vt 0.031250 0.312500
vt 0.046875 0.750000
vt 0.046875 0.781250
vt 0.031250 0.781250
vt 0.031250 0.750000
vt 0.046875 0.281250
vt 0.046875 0.250000
vt 0.031250 0.281250
vt 0.031250 0.250000
vt 0.046875 0.687500
vt 0.046875 0.718750
vt 0.031250 0.718750
vt 0.031250 0.687500
vt 0.046875 0.218750
vt 0.046875 0.187500
vt 0.031250 0.218750
vt 0.031250 0.187500
vt 0.046875 0.625000
vt 0.046875 0.656250
vt 0.031250 0.656250
vt 0.031250 0.625000
vt 0.046875 0.156250
vt 0.046875 0.125000
vt 0.031250 0.156250
vt 0.031250 0.125000
vt 0.046875 0.562500
vt 0.046875 0.593750
vt 0.031250 0.593750
vt 0.031250 0.562500
vt 0.046875 0.064815
vt 0.046875 0.094039
vt 0.031250 0.125000
vt 0.031250 0.093895
vt 0.031250 0.062500
vt 0.046875 0.500000
vt 0.046875 0.531250
vt 0.031250 0.531250
vt 0.031250 0.500000
vt 0.046875 0.957899
vt 0.046875 0.935185
vt 0.039062 0.968750
vt 0.054687 0.968750
vt 0.046875 1.000000
vt 0.031250 0.937500
vt 0.054687 0.031250
vt 0.039062 0.031250
vt 0.046875 0.000000
vt 0.046875 0.042101
vt 0.046875 0.468750
vt 0.031250 0.468750
vt 0.031250 0.437500
vt 0.046875 0.905961
vt 0.046875 0.875000
vt 0.031250 0.906105
vt 0.031250 0.875000
vt 0.015625 0.156250
vt 0.015625 0.125000
vt 0.031250 0.156250
vt 0.015625 0.187500
vt 0.000000 0.156250
vt 0.000000 0.125000
vt 0.031250 0.593750
vt 0.015625 0.562500
vt 0.031250 0.562500
vt 0.031250 0.625000
vt 0.015625 0.593750
vt 0.000000 0.625000
vt 0.000000 0.593750
vt 0.000000 0.562500
vt 0.015625 0.064815
vt 0.015625 0.094039
vt 0.000000 0.093750
vt 0.000000 0.062500
vt 0.031250 0.531250
vt 0.015625 0.500000
vt 0.031250 0.500000
vt 0.015625 0.531250
vt 0.000000 0.531250
vt 0.000000 0.500000
vt 0.015625 0.957899
vt 0.015625 0.935185
vt 0.007813 0.968750
vt 0.023438 0.968750
vt 0.015625 1.000000
vt 0.000000 0.937500
vt 0.023438 0.031250
vt 0.007813 0.031250
vt 0.015625 0.000000
vt 0.015625 0.042101
vt 0.023438 0.031250
vt 0.031250 0.437500
vt 0.015625 0.468750
vt 0.015625 0.437500
vt 0.000000 0.468750
vt 0.000000 0.437500
vt 0.015625 0.905961
vt 0.015625 0.875000
vt 0.000000 0.906250
vt 0.000000 0.875000
vt 0.015625 0.406250
vt 0.015625 0.375000
vt 0.031250 0.406250
vt 0.000000 0.406250
vt 0.000000 0.375000
vt 0.031250 0.843750
vt 0.015625 0.812500
vt 0.031250 0.812500
vt 0.015625 0.843750
vt 0.000000 0.843750
vt 0.000000 0.812500
vt 0.031250 0.312500
vt 0.015625 0.343750
vt 0.015625 0.312500
vt 0.000000 0.343750
vt 0.000000 0.312500
vt 0.031250 0.781250
vt 0.015625 0.750000
vt 0.015625 0.781250
vt 0.000000 0.781250
vt 0.000000 0.750000
vt 0.031250 0.250000
vt 0.015625 0.281250
vt 0.015625 0.250000
vt 0.031250 0.281250
vt 0.000000 0.281250
vt 0.000000 0.250000
vt 0.015625 0.687500
vt 0.031250 0.687500
vt 0.015625 0.718750
vt 0.000000 0.718750
vt 0.000000 0.687500
vt 0.031250 0.187500
vt 0.015625 0.218750
vt 0.000000 0.218750
vt 0.000000 0.187500
vt 0.031250 0.656250
vt 0.015625 0.625000
vt 0.015625 0.656250
vt 0.000000 0.656250
vt 1.000000 0.843750
vt 0.984375 0.812500
vt 1.000000 0.812500
vt 1.000000 0.875000
vt 0.984375 0.843750
vt 0.968750 0.875000
vt 0.968750 0.843750
vt 0.968750 0.812500
vt 1.000000 0.312500
vt 0.984375 0.343750
vt 0.984375 0.312500
vt 1.000000 0.343750
vt 0.984375 0.375000
vt 0.968750 0.343750
vt 0.968750 0.312500
vt 1.000000 0.781250
vt 0.984375 0.750000
vt 1.000000 0.750000
vt 0.984375 0.781250
vt 0.968750 0.781250
vt 0.968750 0.750000
vt 1.000000 0.250000
vt 0.984375 0.281250
vt 0.984375 0.250000
vt 1.000000 0.281250
vt 0.968750 0.281250
vt 0.968750 0.250000
vt 1.000000 0.718750
vt 0.984375 0.687500
vt 1.000000 0.687500
vt 0.984375 0.718750
vt 0.968750 0.718750
vt 0.968750 0.687500
vt 1.000000 0.187500
vt 0.984375 0.218750
vt 0.984375 0.187500
vt 1.000000 0.218750
vt 0.968750 0.218750
vt 0.968750 0.187500
vt 1.000000 0.656250
vt 0.984375 0.625000
vt 1.000000 0.625000
vt 0.984375 0.656250
vt 0.968750 0.656250
vt 0.968750 0.625000
vt 1.000000 0.125000
vt 0.984375 0.156250
vt 0.984375 0.125000
vt 1.000000 0.156250
vt 0.968750 0.156250
vt 0.968750 0.125000
vt 1.000000 0.593750
vt 0.984375 0.562500
vt 1.000000 0.562500
vt 0.984375 0.593750
vt 0.968750 0.593750
vt 0.968750 0.562500
vt 1.000000 0.093750
vt 0.984375 0.064815
vt 1.000000 0.062500
vt 0.984375 0.094039
vt 0.968750 0.093895
vt 0.968750 0.062500
vt 1.000000 0.531250
vt 0.984375 0.500000
vt 1.000000 0.500000
vt 0.984375 0.531250
vt 0.968750 0.531250
vt 0.968750 0.500000
vt 1.000000 0.937500
vt 0.984375 0.957899
vt 0.984375 0.935185
vt 0.976563 0.968750
vt 0.992188 0.968750
vt 0.984375 1.000000
vt 0.968750 0.937500
vt 0.992188 0.031250
vt 0.976563 0.031250
vt 0.984375 0.000000
vt 0.984375 0.042101
vt 0.984375 0.064815
vt 1.000000 0.437500
vt 0.984375 0.468750
vt 0.984375 0.437500
vt 1.000000 0.468750
vt 0.968750 0.468750
vt 0.968750 0.437500
vt 0.984375 0.905961
vt 0.984375 0.875000
vt 1.000000 0.906250
vt 0.968750 0.906105
vt 1.000000 0.375000
vt 0.984375 0.406250
vt 1.000000 0.406250
vt 0.968750 0.406250
vt 0.968750 0.375000
vt 0.968750 0.593750
vt 0.953125 0.562500
vt 0.968750 0.562500
vt 0.968750 0.625000
vt 0.953125 0.593750
vt 0.937500 0.625000
vt 0.937500 0.593750
vt 0.937500 0.562500
vt 0.953125 0.064815
vt 0.953125 0.094039
vt 0.937500 0.125000
vt 0.937500 0.093895
vt 0.937500 0.062500
vt 0.968750 0.531250
vt 0.953125 0.500000
vt 0.968750 0.500000
vt 0.953125 0.531250
vt 0.937500 0.531250
vt 0.937500 0.500000
vt 0.953125 0.957899
vt 0.953125 0.935185
vt 0.945313 0.968750
vt 0.960938 0.968750
vt 0.953125 1.000000
vt 0.937500 0.937500
vt 0.960938 0.031250
vt 0.945313 0.031250
vt 0.953125 0.000000
vt 0.953125 0.042101
vt 0.953125 0.064815
vt 0.968750 0.437500
vt 0.953125 0.468750
vt 0.953125 0.437500
vt 0.968750 0.468750
vt 0.937500 0.468750
vt 0.937500 0.437500
vt 0.953125 0.905961
vt 0.953125 0.875000
vt 0.937500 0.906105
vt 0.937500 0.875000
vt 0.968750 0.375000
vt 0.953125 0.406250
vt 0.953125 0.375000
vt 0.968750 0.406250
vt 0.937500 0.406250
vt 0.937500 0.375000
vt 0.968750 0.843750
vt 0.953125 0.812500
vt 0.968750 0.812500
vt 0.968750 0.875000
vt 0.953125 0.843750
vt 0.937500 0.843750
vt 0.937500 0.812500
vt 0.968750 0.312500
vt 0.953125 0.343750
vt 0.953125 0.312500
vt 0.968750 0.343750
vt 0.937500 0.343750
vt 0.937500 0.312500
vt 0.968750 0.781250
vt 0.953125 0.750000
vt 0.968750 0.750000
vt 0.953125 0.781250
vt 0.937500 0.781250
vt 0.937500 0.750000
vt 0.968750 0.250000
vt 0.953125 0.281250
vt 0.953125 0.250000
vt 0.968750 0.281250
vt 0.937500 0.281250
vt 0.937500 0.250000
vt 0.968750 0.718750
vt 0.953125 0.687500
vt 0.968750 0.687500
vt 0.953125 0.718750
vt 0.937500 0.718750
vt 0.937500 0.687500
vt 0.968750 0.187500
vt 0.953125 0.218750
vt 0.953125 0.187500
vt 0.968750 0.218750
vt 0.937500 0.218750
vt 0.937500 0.187500
vt 0.968750 0.656250
vt 0.953125 0.625000
vt 0.953125 0.656250
vt 0.937500 0.656250
vt 0.968750 0.125000
vt 0.953125 0.156250
vt 0.953125 0.125000
vt 0.968750 0.156250
vt 0.937500 0.156250
vt 0.921875 0.343750
vt 0.921875 0.312500
vt 0.921875 0.375000
vt 0.906250 0.343750
vt 0.906250 0.312500
vt 0.921875 0.750000
vt 0.921875 0.781250
vt 0.906250 0.812500
vt 0.906250 0.781250
vt 0.906250 0.750000
vt 0.921875 0.281250
vt 0.921875 0.250000
vt 0.906250 0.281250
vt 0.906250 0.250000
vt 0.921875 0.687500
vt 0.921875 0.718750
vt 0.906250 0.718750
vt 0.906250 0.687500
vt 0.921875 0.218750
vt 0.921875 0.187500
vt 0.906250 0.218750
vt 0.906250 0.187500
vt 0.921875 0.625000
vt 0.921875 0.656250
vt 0.906250 0.656250
vt 0.906250 0.625000
vt 0.921875 0.156250
vt 0.921875 0.125000
vt 0.906250 0.156250
vt 0.906250 0.125000
vt 0.921875 0.562500
vt 0.921875 0.593750
vt 0.906250 0.593750
vt 0.906250 0.562500
vt 0.921875 0.064815
vt 0.921875 0.094039
vt 0.906250 0.125000
vt 0.906250 0.093895
vt 0.906250 0.062500
vt 0.921875 0.500000
vt 0.921875 0.531250
vt 0.906250 0.531250
vt 0.906250 0.500000
vt 0.921875 0.957899
vt 0.921875 0.935185
vt 0.914063 0.968750
vt 0.929688 0.968750
vt 0.921875 1.000000
vt 0.906250 0.937500
vt 0.929688 0.031250
vt 0.914063 0.031250
vt 0.921875 0.000000
vt 0.921875 0.042101
vt 0.921875 0.064815
vt 0.921875 0.468750
vt 0.921875 0.437500
vt 0.906250 0.468750
vt 0.906250 0.437500
vt 0.921875 0.905961
vt 0.921875 0.875000
vt 0.906250 0.906105
vt 0.906250 0.875000
vt 0.921875 0.406250
vt 0.906250 0.406250
vt 0.906250 0.375000
vt 0.921875 0.812500
vt 0.921875 0.843750
vt 0.906250 0.875000
vt 0.906250 0.843750
vt 0.890625 0.064815
vt 0.890625 0.094039
vt 0.875000 0.125000
vt 0.875000 0.093895
vt 0.875000 0.062500
vt 0.890625 0.500000
vt 0.890625 0.531250
vt 0.875000 0.562500
vt 0.875000 0.531250
vt 0.875000 0.500000
vt 0.890625 0.957899
vt 0.890625 0.935185
vt 0.882813 0.968750
vt 0.898438 0.968750
vt 0.890625 1.000000
vt 0.875000 0.937500
vt 0.898438 0.031250
vt 0.882813 0.031250
vt 0.890625 0.000000
vt 0.890625 0.042101
vt 0.890625 0.468750
vt 0.890625 0.437500
vt 0.875000 0.468750
vt 0.875000 0.437500
vt 0.890625 0.905961
vt 0.890625 0.875000
vt 0.875000 0.906105
vt 0.875000 0.875000
vt 0.890625 0.406250
vt 0.890625 0.375000
vt 0.875000 0.406250
vt 0.875000 0.375000
vt 0.890625 0.812500
vt 0.890625 0.843750
vt 0.875000 0.875000
vt 0.875000 0.843750
vt 0.875000 0.812500
vt 0.890625 0.343750
vt 0.890625 0.312500
vt 0.875000 0.343750
vt 0.875000 0.312500
vt 0.890625 0.750000
vt 0.890625 0.781250
vt 0.875000 0.781250
vt 0.875000 0.750000
vt 0.890625 0.281250
vt 0.890625 0.250000
vt 0.875000 0.281250
vt 0.875000 0.250000
vt 0.890625 0.687500
vt 0.890625 0.718750
vt 0.875000 0.718750
vt 0.875000 0.687500
vt 0.890625 0.218750
vt 0.890625 0.187500
vt 0.875000 0.218750
vt 0.875000 0.187500
vt 0.890625 0.625000
vt 0.890625 0.656250
vt 0.875000 0.656250
vt 0.875000 0.625000
vt 0.890625 0.156250
vt 0.890625 0.125000
vt 0.875000 0.156250
vt 0.890625 0.562500
vt 0.890625 0.593750
vt 0.875000 0.593750
vt 0.859375 0.750000
vt 0.859375 0.781250
vt 0.843750 0.812500
vt 0.843750 0.781250
vt 0.843750 0.750000
vt 0.859375 0.281250
vt 0.859375 0.250000
vt 0.859375 0.312500
vt 0.843750 0.281250
vt 0.843750 0.250000
vt 0.859375 0.687500
vt 0.859375 0.718750
vt 0.843750 0.718750
vt 0.843750 0.687500
vt 0.859375 0.218750
vt 0.859375 0.187500
vt 0.843750 0.218750
vt 0.843750 0.187500
vt 0.859375 0.625000
vt 0.859375 0.656250
vt 0.843750 0.656250
vt 0.843750 0.625000
vt 0.859375 0.156250
vt 0.859375 0.125000
vt 0.843750 0.156250
vt 0.843750 0.125000
vt 0.859375 0.562500
vt 0.859375 0.593750
vt 0.843750 0.593750
vt 0.843750 0.562500
vt 0.859375 0.064815
vt 0.859375 0.094039
vt 0.843750 0.125000
vt 0.843750 0.093895
vt 0.843750 0.062500
vt 0.859375 0.500000
vt 0.859375 0.531250
vt 0.843750 0.531250
vt 0.843750 0.500000
vt 0.859375 0.957899
vt 0.859375 0.935185
vt 0.851563 0.968750
vt 0.867188 0.968750
vt 0.859375 1.000000
vt 0.843750 0.937500
vt 0.867188 0.031250
vt 0.851563 0.031250
vt 0.859375 0.000000
vt 0.859375 0.042101
vt 0.867188 0.031250
vt 0.859375 0.064815
vt 0.859375 0.468750
vt 0.859375 0.437500
vt 0.843750 0.468750
vt 0.843750 0.437500
vt 0.859375 0.905961
vt 0.859375 0.875000
vt 0.843750 0.906105
vt 0.843750 0.875000
vt 0.859375 0.406250
vt 0.859375 0.375000
vt 0.843750 0.406250
vt 0.843750 0.375000
vt 0.859375 0.812500
vt 0.859375 0.843750
vt 0.843750 0.875000
vt 0.843750 0.843750
vt 0.859375 0.343750
vt 0.843750 0.343750
vt 0.843750 0.312500
vt 0.828125 0.500000
vt 0.828125 0.531250
vt 0.812500 0.562500
vt 0.812500 0.531250
vt 0.812500 0.500000
vt 0.828125 0.957899
vt 0.828125 0.935185
vt 0.820313 0.968750
vt 0.835938 0.968750
vt 0.828125 1.000000
vt 0.812500 0.937500
vt 0.820313 0.968750
vt 0.835938 0.031250
vt 0.820313 0.031250
vt 0.828125 0.000000
vt 0.828125 0.042101
vt 0.812500 0.062500
vt 0.828125 0.064815
vt 0.828125 0.468750
vt 0.828125 0.437500
vt 0.812500 0.468750
vt 0.812500 0.437500
vt 0.828125 0.905961
vt 0.828125 0.875000
vt 0.812500 0.906105
vt 0.812500 0.875000
vt 0.828125 0.406250
vt 0.828125 0.375000
vt 0.812500 0.406250
vt 0.812500 0.375000
vt 0.828125 0.812500
vt 0.828125 0.843750
vt 0.812500 0.843750
vt 0.812500 0.812500
vt 0.828125 0.343750
vt 0.828125 0.312500
vt 0.812500 0.343750
vt 0.812500 0.312500
vt 0.828125 0.750000
vt 0.828125 0.781250
vt 0.812500 0.781250
vt 0.812500 0.750000
vt 0.828125 0.281250
vt 0.828125 0.250000
vt 0.812500 0.281250
vt 0.812500 0.250000
vt 0.828125 0.687500
vt 0.828125 0.718750
vt 0.812500 0.718750
vt 0.812500 0.687500
vt 0.828125 0.218750
vt 0.828125 0.187500
vt 0.812500 0.218750
vt 0.812500 0.187500
vt 0.828125 0.625000
vt 0.828125 0.656250
vt 0.812500 0.656250
vt 0.812500 0.625000
vt 0.828125 0.156250
vt 0.828125 0.125000
vt 0.812500 0.156250
vt 0.812500 0.125000
vt 0.828125 0.562500
vt 0.828125 0.593750
vt 0.812500 0.593750
vt 0.828125 0.064815
vt 0.828125 0.094039
vt 0.812500 0.125000
vt 0.812500 0.093895
vt 0.796875 0.281250
vt 0.796875 0.250000
vt 0.796875 0.312500
vt 0.781250 0.281250
vt 0.781250 0.250000
vt 0.796875 0.687500
vt 0.796875 0.718750
vt 0.781250 0.750000
vt 0.781250 0.718750
vt 0.781250 0.687500
vt 0.796875 0.218750
vt 0.796875 0.187500
vt 0.781250 0.218750
vt 0.781250 0.187500
vt 0.796875 0.625000
vt 0.796875 0.656250
vt 0.781250 0.656250
vt 0.781250 0.625000
vt 0.796875 0.156250
vt 0.796875 0.125000
vt 0.781250 0.156250
vt 0.781250 0.125000
vt 0.796875 0.562500
vt 0.796875 0.593750
vt 0.781250 0.593750
vt 0.781250 0.562500
vt 0.796875 0.064815
vt 0.796875 0.094039
vt 0.781250 0.125000
vt 0.781250 0.093895
vt 0.781250 0.062500
vt 0.796875 0.500000
vt 0.796875 0.531250
vt 0.781250 0.531250
vt 0.781250 0.500000
vt 0.796875 0.957899
vt 0.796875 0.935185
vt 0.789063 0.968750
vt 0.804688 0.968750
vt 0.796875 1.000000
vt 0.781250 0.937500
vt 0.804688 0.031250
vt 0.789063 0.031250
vt 0.796875 0.000000
vt 0.796875 0.042101
vt 0.804688 0.031250
vt 0.796875 0.064815
vt 0.796875 0.468750
vt 0.796875 0.437500
vt 0.781250 0.468750
vt 0.781250 0.437500
vt 0.796875 0.905961
vt 0.796875 0.875000
vt 0.781250 0.906105
vt 0.781250 0.875000
vt 0.796875 0.406250
vt 0.796875 0.375000
vt 0.781250 0.406250
vt 0.781250 0.375000
vt 0.796875 0.812500
vt 0.796875 0.843750
vt 0.781250 0.875000
vt 0.781250 0.843750
vt 0.781250 0.812500
vt 0.796875 0.343750
vt 0.781250 0.343750
vt 0.781250 0.312500
vt 0.796875 0.750000
vt 0.796875 0.781250
vt 0.781250 0.781250
vt 0.773438 0.031250
vt 0.757813 0.031250
vt 0.765625 0.000000
vt 0.765625 0.042101
vt 0.773438 0.031250
vt 0.765625 0.064815
vt 0.765625 0.468750
vt 0.765625 0.437500
vt 0.765625 0.500000
vt 0.765625 0.905961
vt 0.765625 0.875000
vt 0.765625 0.935185
vt 0.765625 0.406250
vt 0.765625 0.375000
vt 0.765625 0.812500
vt 0.765625 0.843750
vt 0.765625 0.343750
vt 0.765625 0.312500
vt 0.765625 0.750000
vt 0.765625 0.781250
vt 0.765625 0.281250
vt 0.765625 0.250000
vt 0.765625 0.687500
vt 0.765625 0.718750
vt 0.765625 0.218750
vt 0.765625 0.187500
vt 0.765625 0.625000
vt 0.765625 0.656250
vt 0.765625 0.156250
vt 0.765625 0.125000
vt 0.765625 0.562500
vt 0.765625 0.593750
vt 0.765625 0.064815
vt 0.765625 0.094039
vt 0.765625 0.531250
vt 0.765625 0.957899
vt 0.757813 0.968750
vt 0.773438 0.968750
vt 0.765625 1.000000
vt 0.742188 0.968750
vt 0.734375 0.935185
vt 0.734375 0.064815
vt 0.734375 0.125000
vt 0.703125 0.125000
vt 0.710938 0.968750
vt 0.703125 0.935185
vt 0.695313 0.031250
vt 0.703125 0.875000
vt 0.679688 0.968750
vt 0.671875 0.935185
vt 0.671875 0.064815
vt 0.671875 0.875000
vt 0.640625 0.125000
vt 0.648438 0.968750
vt 0.640625 0.935185
vt 0.640625 0.064815
vt 0.632813 0.031250
vt 0.640625 0.875000
vt 0.609375 0.935185
vt 0.609375 0.064815
vt 0.601563 0.031250
vt 0.609375 0.875000
vt 0.585938 0.968750
vt 0.578125 0.935185
vt 0.578125 0.875000
vt 0.578125 0.125000
vt 0.546875 0.935185
vt 0.546875 0.064815
vt 0.546875 0.875000
vt 0.515625 0.875000
vt 0.515625 0.125000
vt 0.515625 0.935185
vt 0.484375 0.125000
vt 0.484375 0.935185
vt 0.484375 0.875000
vt 0.453125 0.875000
vt 0.453125 0.125000
vt 0.453125 0.935185
vt 0.453125 0.064815
vt 0.421875 0.125000
vt 0.421875 0.935185
vt 0.421875 0.064815
vt 0.421875 0.875000
vt 0.390625 0.875000
vt 0.398438 0.968750
vt 0.390625 0.935185
vt 0.390625 0.064815
vt 0.359375 0.125000
vt 0.367188 0.968750
vt 0.359375 0.935185
vt 0.359375 0.875000
vt 0.328125 0.125000
vt 0.335938 0.968750
vt 0.328125 0.935185
vt 0.328125 0.064815
vt 0.328125 0.875000
vt 0.304688 0.968750
vt 0.296875 0.935185
vt 0.289063 0.031250
vt 0.296875 0.875000
vt 0.265625 0.125000
vt 0.265625 0.935185
vt 0.265625 0.875000
vt 0.234375 0.935185
vt 0.234375 0.064815
vt 0.234375 0.875000
vt 0.203125 0.125000
vt 0.210938 0.968750
vt 0.203125 0.935185
vt 0.203125 0.875000
vt 0.171875 0.935185
vt 0.171875 0.875000
vt 0.171875 0.125000
vt 0.140625 0.125000
vt 0.148438 0.968750
vt 0.140625 0.935185
vt 0.140625 0.875000
vt 0.109375 0.875000
vt 0.109375 0.125000
vt 0.109375 0.935185
vt 0.078125 0.125000
vt 0.078125 0.935185
vt 0.078125 0.064815
vt 0.070313 0.031250
vt 0.078125 0.875000
vt 0.046875 0.125000
vt 0.046875 0.935185
vt 0.023438 0.968750
vt 0.015625 0.935185
vt 0.984375 0.935185
vt 0.953125 0.125000
vt 0.953125 0.935185
vt 0.953125 0.875000
vt 0.921875 0.125000
vt 0.921875 0.935185
vt 0.921875 0.875000
vt 0.890625 0.125000
vt 0.890625 0.935185
vt 0.890625 0.875000
vt 0.859375 0.125000
vt 0.867188 0.968750
vt 0.859375 0.935185
vt 0.859375 0.064815
vt 0.859375 0.875000
vt 0.828125 0.935185
vt 0.828125 0.064815
vt 0.820313 0.031250
vt 0.828125 0.875000
vt 0.796875 0.125000
vt 0.796875 0.935185
vt 0.796875 0.064815
vt 0.789063 0.031250
vt 0.796875 0.875000
vt 0.765625 0.064815
vt 0.757813 0.031250
vt 0.765625 0.875000
vt 0.765625 0.125000
vt 0.773438 0.968750
vt 0.765625 0.935185
s 0
f 474/1/1 1475/2/1 1402/3/1
f 1400/4/2 1390/5/2 82/6/2
f 7/7/3 1475/2/3 1400/4/3
f 1399/8/4 1401/9/4 308/10/4
f 482/11/5 1476/12/5 1399/13/5
f 21/14/6 1476/12/6 1403/15/6
f 5/16/7 1477/17/7 499/18/7
f 484/19/8 500/20/8 1477/17/8
f 500/20/9 492/21/9 1477/17/9
f 1477/17/10 15/22/10 499/18/10
f 475/23/11 1478/24/11 1404/25/11
f 1377/26/12 1402/3/12 1478/24/12
f 1402/3/13 485/27/13 1478/24/13
f 1478/24/14 8/28/14 1404/25/14
f 478/29/15 1479/30/15 1405/31/15
f 1396/32/16 499/18/16 1479/30/16
f 499/18/17 493/33/17 1479/30/17
f 1479/30/18 16/34/18 1405/31/18
f 1391/35/19 501/36/19 1/37/19
f 475/38/20 1480/39/20 1391/35/20
f 1480/39/21 8/40/21 486/41/21
f 501/36/22 486/41/22 9/42/22
f 6/43/23 1481/44/23 502/45/23
f 1397/46/24 1405/31/24 1481/44/24
f 1405/31/25 494/47/25 1481/44/25
f 1481/44/26 17/48/26 502/45/26
f 1392/49/27 1406/50/27 476/51/27
f 1/37/28 1482/52/28 1392/49/28
f 1482/52/29 9/42/29 487/53/29
f 1406/50/30 487/53/30 10/54/30
f 479/55/31 1483/56/31 1407/57/31
f 1398/58/32 502/45/32 1483/56/32
f 502/45/33 495/59/33 1483/56/33
f 1483/56/34 18/60/34 1407/57/34
f 1393/61/35 503/62/35 2/63/35
f 476/51/36 1484/64/36 1393/61/36
f 1484/64/37 10/54/37 488/65/37
f 503/62/38 488/65/38 11/66/38
f 480/67/39 1485/68/39 1408/69/39
f 1378/70/40 1407/57/40 1485/68/40
f 1407/57/41 496/71/41 1485/68/41
f 1485/68/42 19/72/42 1408/69/42
f 1394/73/43 1409/74/43 477/75/43
f 2/63/44 1486/76/44 1394/73/44
f 1486/76/45 11/66/45 489/77/45
f 1409/74/46 489/77/46 12/78/46
f 481/79/47 1487/80/47 1410/81/47
f 1379/82/48 1408/69/48 1487/80/48
f 1408/69/49 497/83/49 1487/80/49
f 1487/80/50 20/84/50 1410/81/50
f 1395/85/51 504/86/51 3/87/51
f 477/75/52 1488/88/52 1395/85/52
f 1488/88/53 12/78/53 490/89/53
f 504/86/54 490/89/54 13/90/54
f 1380/91/55 1403/92/55 482/11/55
f 481/93/56 1489/94/56 1380/91/56
f 1489/94/57 20/95/57 498/96/57
f 1403/92/58 498/96/58 21/14/58
f 483/97/59 500/20/59 4/98/59
f 3/87/60 1490/99/60 483/97/60
f 1490/99/61 13/90/61 491/100/61
f 500/20/62 491/100/62 14/101/62
f 490/89/63 519/102/63 13/90/63
f 12/78/64 1491/103/64 490/89/64
f 1491/103/65 27/104/65 510/105/65
f 519/102/66 510/105/66 28/106/66
f 498/96/67 521/107/67 21/14/67
f 20/95/68 1492/108/68 498/96/68
f 1492/108/69 35/109/69 518/110/69
f 521/107/70 518/110/70 36/111/70
f 491/100/71 523/112/71 14/101/71
f 13/90/72 1493/113/72 491/100/72
f 1493/113/73 28/106/73 511/114/73
f 523/112/74 511/114/74 29/115/74
f 7/7/75 1494/116/75 524/117/75
f 1411/118/76 1400/119/76 82/120/76
f 22/121/77 1494/116/77 1411/122/77
f 1401/123/78 1412/124/78 308/125/78
f 21/14/79 1495/126/79 1401/127/79
f 36/111/80 1495/126/80 521/107/80
f 15/22/81 1496/128/81 525/129/81
f 492/21/82 523/112/82 1496/128/82
f 523/112/83 512/130/83 1496/128/83
f 1496/128/84 30/131/84 525/129/84
f 8/28/85 1497/132/85 526/133/85
f 485/27/86 524/117/86 1497/132/86
f 524/117/87 505/134/87 1497/132/87
f 1497/132/88 23/135/88 526/133/88
f 16/34/89 1498/136/89 527/137/89
f 493/33/90 525/129/90 1498/136/90
f 525/129/91 513/138/91 1498/136/91
f 1498/136/92 31/139/92 527/137/92
f 486/41/93 528/140/93 9/42/93
f 8/40/94 1499/141/94 486/41/94
f 1499/141/95 23/142/95 506/143/95
f 528/140/96 506/143/96 24/144/96
f 17/48/97 1500/145/97 529/146/97
f 494/47/98 527/137/98 1500/145/98
f 527/137/99 514/147/99 1500/145/99
f 1500/145/100 32/148/100 529/146/100
f 487/53/101 530/149/101 10/54/101
f 9/42/102 1501/150/102 487/53/102
f 1501/150/103 24/144/103 507/151/103
f 530/149/104 507/151/104 25/152/104
f 18/60/105 1502/153/105 531/154/105
f 495/59/106 529/146/106 1502/153/106
f 529/146/107 515/155/107 1502/153/107
f 1502/153/108 33/156/108 531/154/108
f 488/65/109 532/157/109 11/66/109
f 10/54/110 1503/158/110 488/65/110
f 1503/158/111 25/152/111 508/159/111
f 532/157/112 508/159/112 26/160/112
f 19/72/113 1504/161/113 533/162/113
f 496/71/114 531/154/114 1504/161/114
f 531/154/115 516/163/115 1504/161/115
f 1504/161/116 34/164/116 533/162/116
f 489/77/117 520/165/117 12/78/117
f 11/66/118 1505/166/118 489/77/118
f 1505/166/119 26/160/119 509/167/119
f 520/165/120 509/167/120 27/104/120
f 20/84/121 1506/168/121 522/169/121
f 497/83/122 533/162/122 1506/168/122
f 533/162/123 517/170/123 1506/168/123
f 1506/168/124 35/171/124 522/169/124
f 32/148/125 1507/172/125 548/173/125
f 514/147/126 549/174/126 1507/172/126
f 549/174/127 543/175/127 1507/172/127
f 1507/172/128 47/176/128 548/173/128
f 507/151/129 550/177/129 25/152/129
f 24/144/130 1508/178/130 507/151/130
f 1508/178/131 39/179/131 536/180/131
f 550/177/132 536/180/132 40/181/132
f 33/156/133 1509/182/133 552/183/133
f 515/155/134 548/173/134 1509/182/134
f 548/173/135 544/184/135 1509/182/135
f 1509/182/136 48/185/136 552/183/136
f 508/159/137 553/186/137 26/160/137
f 25/152/138 1510/187/138 508/159/138
f 1510/187/139 40/181/139 537/188/139
f 553/186/140 537/188/140 41/189/140
f 34/164/141 1511/190/141 554/191/141
f 516/163/142 552/183/142 1511/190/142
f 552/183/143 545/192/143 1511/190/143
f 1511/190/144 49/193/144 554/191/144
f 509/167/145 555/194/145 27/104/145
f 26/160/146 1512/195/146 509/167/146
f 1512/195/147 41/189/147 538/196/147
f 555/194/148 538/196/148 42/197/148
f 35/171/149 1513/198/149 556/199/149
f 517/170/150 554/191/150 1513/198/150
f 554/191/151 546/200/151 1513/198/151
f 1513/198/152 50/201/152 556/199/152
f 510/105/153 557/202/153 28/106/153
f 27/104/154 1514/203/154 510/105/154
f 1514/203/155 42/197/155 539/204/155
f 557/202/156 539/204/156 43/205/156
f 518/110/157 558/206/157 36/111/157
f 35/109/158 1515/207/158 518/110/158
f 1515/207/159 50/201/159 547/208/159
f 558/206/160 547/208/160 51/209/160
f 511/114/161 559/210/161 29/115/161
f 28/106/162 1516/211/162 511/114/162
f 1516/211/163 43/205/163 540/212/163
f 559/210/164 540/212/164 44/213/164
f 22/121/165 1517/214/165 560/215/165
f 1413/216/166 1411/217/166 82/218/166
f 37/219/167 1517/214/167 1413/216/167
f 1412/220/168 1414/221/168 308/222/168
f 36/111/169 1518/223/169 1412/224/169
f 51/209/170 1518/223/170 558/225/170
f 30/131/171 1519/226/171 561/227/171
f 512/130/172 559/210/172 1519/226/172
f 559/210/173 541/228/173 1519/226/173
f 1519/226/174 45/229/174 561/227/174
f 23/135/175 1520/230/175 562/231/175
f 505/134/176 560/215/176 1520/230/176
f 560/215/177 534/232/177 1520/230/177
f 1520/230/178 38/233/178 562/231/178
f 31/139/179 1521/234/179 549/174/179
f 513/138/180 561/227/180 1521/234/180
f 561/227/181 542/235/181 1521/234/181
f 1521/234/182 46/236/182 549/174/182
f 506/143/183 551/237/183 24/144/183
f 23/142/184 1522/238/184 506/143/184
f 1522/238/185 38/233/185 535/239/185
f 551/237/186 535/239/186 39/179/186
f 547/208/187 577/240/187 51/209/187
f 50/201/188 1523/241/188 547/208/188
f 1523/241/189 65/242/189 576/243/189
f 577/240/190 576/243/190 66/244/190
f 540/212/191 579/245/191 44/213/191
f 43/205/192 1524/246/192 540/212/192
f 1524/246/193 58/247/193 569/248/193
f 579/245/194 569/248/194 59/249/194
f 37/219/195 1525/250/195 581/251/195
f 1415/252/196 1413/253/196 82/254/196
f 52/255/197 1525/250/197 1415/256/197
f 1414/257/198 1416/258/198 308/259/198
f 51/209/199 1526/260/199 1414/261/199
f 66/244/200 1526/260/200 577/262/200
f 45/229/201 1527/263/201 582/264/201
f 541/228/202 579/245/202 1527/263/202
f 579/245/203 570/265/203 1527/263/203
f 1527/263/204 60/266/204 582/264/204
f 38/233/205 1528/267/205 583/268/205
f 534/232/206 581/251/206 1528/267/206
f 581/251/207 563/269/207 1528/267/207
f 1528/267/208 53/270/208 583/268/208
f 46/236/209 1529/271/209 584/272/209
f 542/235/210 582/264/210 1529/271/210
f 582/264/211 571/273/211 1529/271/211
f 1529/271/212 61/274/212 584/272/212
f 535/239/213 585/275/213 39/179/213
f 38/233/214 1530/276/214 535/239/214
f 1530/276/215 53/277/215 564/278/215
f 585/275/216 564/278/216 54/279/216
f 47/176/217 1531/280/217 586/281/217
f 543/175/218 584/272/218 1531/280/218
f 584/272/219 572/282/219 1531/280/219
f 1531/280/220 62/283/220 586/281/220
f 536/180/221 587/284/221 40/181/221
f 39/179/222 1532/285/222 536/180/222
f 1532/285/223 54/279/223 565/286/223
f 587/284/224 565/286/224 55/287/224
f 48/185/225 1533/288/225 588/289/225
f 544/184/226 586/281/226 1533/288/226
f 586/281/227 573/290/227 1533/288/227
f 1533/288/228 63/291/228 588/289/228
f 537/188/229 589/292/229 41/189/229
f 40/181/230 1534/293/230 537/188/230
f 1534/293/231 55/287/231 566/294/231
f 589/292/232 566/294/232 56/295/232
f 49/193/233 1535/296/233 590/297/233
f 545/192/234 588/289/234 1535/296/234
f 588/289/235 574/298/235 1535/296/235
f 1535/296/236 64/299/236 590/297/236
f 538/196/237 591/300/237 42/197/237
f 41/189/238 1536/301/238 538/196/238
f 1536/301/239 56/295/239 567/302/239
f 591/300/240 567/302/240 57/303/240
f 50/201/241 1537/304/241 578/305/241
f 546/200/242 590/297/242 1537/304/242
f 590/297/243 575/306/243 1537/304/243
f 1537/304/244 65/307/244 578/305/244
f 539/204/245 580/308/245 43/205/245
f 42/197/246 1538/309/246 539/204/246
f 1538/309/247 57/303/247 568/310/247
f 580/308/248 568/310/248 58/247/248
f 63/291/249 1539/311/249 606/312/249
f 573/290/250 607/313/250 1539/311/250
f 607/313/251 602/314/251 1539/311/251
f 1539/311/252 78/315/252 606/312/252
f 566/294/253 608/316/253 56/295/253
f 55/287/254 1540/317/254 566/294/254
f 1540/317/255 70/318/255 595/319/255
f 608/316/256 595/319/256 71/320/256
f 64/299/257 1541/321/257 610/322/257
f 574/298/258 606/312/258 1541/321/258
f 606/312/259 603/323/259 1541/321/259
f 1541/321/260 79/324/260 610/322/260
f 567/302/261 611/325/261 57/303/261
f 56/295/262 1542/326/262 567/302/262
f 1542/326/263 71/320/263 596/327/263
f 611/325/264 596/327/264 72/328/264
f 65/307/265 1543/329/265 612/330/265
f 575/306/266 610/322/266 1543/329/266
f 610/322/267 604/331/267 1543/329/267
f 1543/329/268 80/332/268 612/330/268
f 568/310/269 613/333/269 58/247/269
f 57/303/270 1544/334/270 568/310/270
f 1544/334/271 72/328/271 597/335/271
f 613/333/272 597/335/272 73/336/272
f 576/243/273 614/337/273 66/244/273
f 65/242/274 1545/338/274 576/243/274
f 1545/338/275 80/339/275 605/340/275
f 614/337/276 605/340/276 81/341/276
f 569/248/277 615/342/277 59/249/277
f 58/247/278 1546/343/278 569/248/278
f 1546/343/279 73/336/279 598/344/279
f 615/342/280 598/344/280 74/345/280
f 52/255/281 1547/346/281 616/347/281
f 1417/348/282 1415/349/282 82/350/282
f 67/351/283 1547/346/283 1417/352/283
f 1416/353/284 1418/354/284 308/355/284
f 66/244/285 1548/356/285 1416/353/285
f 81/341/286 1548/356/286 614/337/286
f 60/266/287 1549/357/287 617/358/287
f 570/265/288 615/342/288 1549/357/288
f 615/342/289 599/359/289 1549/357/289
f 1549/357/290 75/360/290 617/358/290
f 53/270/291 1550/361/291 618/362/291
f 563/269/292 616/347/292 1550/361/292
f 616/347/293 592/363/293 1550/361/293
f 1550/361/294 68/364/294 618/362/294
f 61/274/295 1551/365/295 619/366/295
f 571/273/296 617/358/296 1551/365/296
f 617/358/297 600/367/297 1551/365/297
f 1551/365/298 76/368/298 619/366/298
f 564/278/299 620/369/299 54/279/299
f 53/277/300 1552/370/300 564/278/300
f 1552/370/301 68/371/301 593/372/301
f 620/369/302 593/372/302 69/373/302
f 62/283/303 1553/374/303 607/313/303
f 572/282/304 619/366/304 1553/374/304
f 619/366/305 601/375/305 1553/374/305
f 1553/374/306 77/376/306 607/313/306
f 565/286/307 609/377/307 55/287/307
f 54/279/308 1554/378/308 565/286/308
f 1554/378/309 69/373/309 594/379/309
f 609/377/310 594/379/310 70/318/310
f 67/351/311 1555/380/311 636/381/311
f 621/382/312 1417/383/312 82/384/312
f 83/385/313 1555/380/313 621/382/313
f 1418/386/314 1419/387/314 308/388/314
f 81/341/315 1556/389/315 1418/390/315
f 97/391/316 1556/389/316 637/392/316
f 75/360/317 1557/393/317 638/394/317
f 599/359/318 639/395/318 1557/393/318
f 639/395/319 629/396/319 1557/393/319
f 1557/393/320 91/397/320 638/394/320
f 68/364/321 1558/398/321 640/399/321
f 592/363/322 636/381/322 1558/398/322
f 636/381/323 622/400/323 1558/398/323
f 1558/398/324 84/401/324 640/399/324
f 76/368/325 1559/402/325 641/403/325
f 600/367/326 638/394/326 1559/402/326
f 638/394/327 630/404/327 1559/402/327
f 1559/402/328 92/405/328 641/403/328
f 593/372/329 642/406/329 69/373/329
f 68/371/330 1560/407/330 593/372/330
f 1560/407/331 84/401/331 623/408/331
f 642/406/332 623/408/332 85/409/332
f 77/376/333 1561/410/333 643/411/333
f 601/375/334 641/403/334 1561/410/334
f 641/403/335 631/412/335 1561/410/335
f 1561/410/336 93/413/336 643/411/336
f 594/379/337 644/414/337 70/318/337
f 69/373/338 1562/415/338 594/379/338
f 1562/415/339 85/409/339 624/416/339
f 644/414/340 624/416/340 86/417/340
f 78/315/341 1563/418/341 645/419/341
f 602/314/342 643/411/342 1563/418/342
f 643/411/343 632/420/343 1563/418/343
f 1563/418/344 94/421/344 645/419/344
f 595/319/345 646/422/345 71/320/345
f 70/318/346 1564/423/346 595/319/346
f 1564/423/347 86/417/347 625/424/347
f 646/422/348 625/424/348 87/425/348
f 79/324/349 1565/426/349 647/427/349
f 603/323/350 645/419/350 1565/426/350
f 645/419/351 633/428/351 1565/426/351
f 1565/426/352 95/429/352 647/427/352
f 596/327/353 648/430/353 72/328/353
f 71/320/354 1566/431/354 596/327/354
f 1566/431/355 87/425/355 626/432/355
f 648/430/356 626/432/356 88/433/356
f 80/332/357 1567/434/357 649/435/357
f 604/331/358 647/427/358 1567/434/358
f 647/427/359 634/436/359 1567/434/359
f 1567/434/360 96/437/360 649/435/360
f 597/335/361 650/438/361 73/336/361
f 72/328/362 1568/439/362 597/335/362
f 1568/439/363 88/433/363 627/440/363
f 650/438/364 627/440/364 89/441/364
f 605/340/365 637/442/365 81/341/365
f 80/339/366 1569/443/366 605/340/366
f 1569/443/367 96/444/367 635/445/367
f 637/442/368 635/445/368 97/391/368
f 598/344/369 639/395/369 74/345/369
f 73/336/370 1570/446/370 598/344/370
f 1570/446/371 89/441/371 628/447/371
f 639/395/372 628/447/372 90/448/372
f 625/424/373 665/449/373 87/425/373
f 86/417/374 1571/450/374 625/424/374
f 1571/450/375 101/451/375 654/452/375
f 665/449/376 654/452/376 102/453/376
f 95/429/377 1572/454/377 667/455/377
f 633/428/378 668/456/378 1572/454/378
f 668/456/379 662/457/379 1572/454/379
f 1572/454/380 110/458/380 667/455/380
f 626/432/381 669/459/381 88/433/381
f 87/425/382 1573/460/382 626/432/382
f 1573/460/383 102/453/383 655/461/383
f 669/459/384 655/461/384 103/462/384
f 96/437/385 1574/463/385 670/464/385
f 634/436/386 667/455/386 1574/463/386
f 667/455/387 663/465/387 1574/463/387
f 1574/463/388 111/466/388 670/464/388
f 627/440/389 671/467/389 89/441/389
f 88/433/390 1575/468/390 627/440/390
f 1575/468/391 103/462/391 656/469/391
f 671/467/392 656/469/392 104/470/392
f 635/445/393 672/471/393 97/391/393
f 96/444/394 1576/472/394 635/445/394
f 1576/472/395 111/473/395 664/474/395
f 672/471/396 664/474/396 112/475/396
f 628/447/397 673/476/397 90/448/397
f 89/441/398 1577/477/398 628/447/398
f 1577/477/399 104/470/399 657/478/399
f 673/476/400 657/478/400 105/479/400
f 83/385/401 1578/480/401 674/481/401
f 1420/482/402 621/483/402 82/484/402
f 98/485/403 1578/480/403 1420/482/403
f 1419/486/404 1421/487/404 308/488/404
f 97/391/405 1579/489/405 1419/486/405
f 112/475/406 1579/489/406 672/471/406
f 91/397/407 1580/490/407 675/491/407
f 629/396/408 673/476/408 1580/490/408
f 673/476/409 658/492/409 1580/490/409
f 1580/490/410 106/493/410 675/491/410
f 84/401/411 1581/494/411 676/495/411
f 622/400/412 674/481/412 1581/494/412
f 674/481/413 651/496/413 1581/494/413
f 1581/494/414 99/497/414 676/495/414
f 92/405/415 1582/498/415 677/499/415
f 630/404/416 675/491/416 1582/498/416
f 675/491/417 659/500/417 1582/498/417
f 1582/498/418 107/501/418 677/499/418
f 623/408/419 678/502/419 85/409/419
f 84/401/420 1583/503/420 623/408/420
f 1583/503/421 99/497/421 652/504/421
f 678/502/422 652/504/422 100/505/422
f 93/413/423 1584/506/423 679/507/423
f 631/412/424 677/499/424 1584/506/424
f 677/499/425 660/508/425 1584/506/425
f 1584/506/426 108/509/426 679/507/426
f 624/416/427 666/510/427 86/417/427
f 85/409/428 1585/511/428 624/416/428
f 1585/511/429 100/505/429 653/512/429
f 666/510/430 653/512/430 101/451/430
f 94/421/431 1586/513/431 668/456/431
f 632/420/432 679/507/432 1586/513/432
f 679/507/433 661/514/433 1586/513/433
f 1586/513/434 109/515/434 668/456/434
f 106/493/435 1587/516/435 694/517/435
f 658/492/436 695/518/436 1587/516/436
f 695/518/437 687/519/437 1587/516/437
f 1587/516/438 121/520/438 694/517/438
f 99/497/439 1588/521/439 696/522/439
f 651/496/440 697/523/440 1588/521/440
f 697/523/441 680/524/441 1588/521/441
f 1588/521/442 114/525/442 696/522/442
f 107/501/443 1589/526/443 698/527/443
f 659/500/444 694/517/444 1589/526/444
f 694/517/445 688/528/445 1589/526/445
f 1589/526/446 122/529/446 698/527/446
f 652/504/447 699/530/447 100/505/447
f 99/497/448 1590/531/448 652/504/448
f 1590/531/449 114/525/449 681/532/449
f 699/530/450 681/532/450 115/533/450
f 108/509/451 1591/534/451 700/535/451
f 660/508/452 698/527/452 1591/534/452
f 698/527/453 689/536/453 1591/534/453
f 1591/534/454 123/537/454 700/535/454
f 653/512/455 701/538/455 101/451/455
f 100/505/456 1592/539/456 653/512/456
f 1592/539/457 115/533/457 682/540/457
f 701/538/458 682/540/458 116/541/458
f 109/515/459 1593/542/459 702/543/459
f 661/514/460 700/535/460 1593/542/460
f 700/535/461 690/544/461 1593/542/461
f 1593/542/462 124/545/462 702/543/462
f 654/452/463 703/546/463 102/453/463
f 101/451/464 1594/547/464 654/452/464
f 1594/547/465 116/541/465 683/548/465
f 703/546/466 683/548/466 117/549/466
f 110/458/467 1595/550/467 704/551/467
f 662/457/468 702/543/468 1595/550/468
f 702/543/469 691/552/469 1595/550/469
f 1595/550/470 125/553/470 704/551/470
f 655/461/471 705/554/471 103/462/471
f 102/453/472 1596/555/472 655/461/472
f 1596/555/473 117/549/473 684/556/473
f 705/554/474 684/556/474 118/557/474
f 111/466/475 1597/558/475 706/559/475
f 663/465/476 704/551/476 1597/558/476
f 704/551/477 692/560/477 1597/558/477
f 1597/558/478 126/561/478 706/559/478
f 656/469/479 707/562/479 104/470/479
f 103/462/480 1598/563/480 656/469/480
f 1598/563/481 118/557/481 685/564/481
f 707/562/482 685/564/482 119/565/482
f 664/474/483 708/566/483 112/475/483
f 111/473/484 1599/567/484 664/474/484
f 1599/567/485 126/568/485 693/569/485
f 708/566/486 693/569/486 127/570/486
f 657/478/487 695/518/487 105/479/487
f 104/470/488 1600/571/488 657/478/488
f 1600/571/489 119/565/489 686/572/489
f 695/518/490 686/572/490 120/573/490
f 98/485/491 1601/574/491 697/523/491
f 1422/575/492 1420/576/492 82/577/492
f 113/578/493 1601/574/493 1422/575/493
f 1421/579/494 1423/580/494 308/581/494
f 112/475/495 1602/582/495 1421/579/495
f 127/570/496 1602/582/496 708/566/496
f 125/553/497 1603/583/497 723/584/497
f 691/552/498 724/585/498 1603/583/498
f 724/585/499 720/586/499 1603/583/499
f 1603/583/500 140/587/500 723/584/500
f 684/556/501 725/588/501 118/557/501
f 117/549/502 1604/589/502 684/556/502
f 1604/589/503 132/590/503 713/591/503
f 725/588/504 713/591/504 133/592/504
f 126/561/505 1605/593/505 727/594/505
f 692/560/506 723/584/506 1605/593/506
f 723/584/507 721/595/507 1605/593/507
f 1605/593/508 141/596/508 727/594/508
f 685/564/509 728/597/509 119/565/509
f 118/557/510 1606/598/510 685/564/510
f 1606/598/511 133/592/511 714/599/511
f 728/597/512 714/599/512 134/600/512
f 693/569/513 729/601/513 127/570/513
f 126/568/514 1607/602/514 693/569/514
f 1607/602/515 141/603/515 722/604/515
f 729/601/516 722/604/516 142/605/516
f 686/572/517 730/606/517 120/573/517
f 119/565/518 1608/607/518 686/572/518
f 1608/607/519 134/600/519 715/608/519
f 730/606/520 715/608/520 135/609/520
f 113/578/521 1609/610/521 731/611/521
f 1424/612/522 1422/613/522 82/614/522
f 128/615/523 1609/610/523 1424/612/523
f 1423/616/524 1425/617/524 308/618/524
f 127/570/525 1610/619/525 1423/616/525
f 142/605/526 1610/619/526 729/620/526
f 121/520/527 1611/621/527 732/622/527
f 687/519/528 730/606/528 1611/621/528
f 730/606/529 716/623/529 1611/621/529
f 1611/621/530 136/624/530 732/622/530
f 114/525/531 1612/625/531 733/626/531
f 680/524/532 731/611/532 1612/625/532
f 731/611/533 709/627/533 1612/625/533
f 1612/625/534 129/628/534 733/626/534
f 122/529/535 1613/629/535 734/630/535
f 688/528/536 732/622/536 1613/629/536
f 732/622/537 717/631/537 1613/629/537
f 1613/629/538 137/632/538 734/630/538
f 681/532/539 735/633/539 115/533/539
f 114/525/540 1614/634/540 681/532/540
f 1614/634/541 129/628/541 710/635/541
f 735/633/542 710/635/542 130/636/542
f 123/537/543 1615/637/543 736/638/543
f 689/536/544 734/630/544 1615/637/544
f 734/630/545 718/639/545 1615/637/545
f 1615/637/546 138/640/546 736/638/546
f 682/540/547 737/641/547 116/541/547
f 115/533/548 1616/642/548 682/540/548
f 1616/642/549 130/636/549 711/643/549
f 737/641/550 711/643/550 131/644/550
f 124/545/551 1617/645/551 724/585/551
f 690/544/552 736/638/552 1617/645/552
f 736/638/553 719/646/553 1617/645/553
f 1617/645/554 139/647/554 724/585/554
f 683/548/555 726/648/555 117/549/555
f 116/541/556 1618/649/556 683/548/556
f 1618/649/557 131/644/557 712/650/557
f 726/648/558 712/650/558 132/590/558
f 129/628/559 1619/651/559 752/652/559
f 709/627/560 753/653/560 1619/651/560
f 753/653/561 738/654/561 1619/651/561
f 1619/651/562 144/655/562 752/652/562
f 137/632/563 1620/656/563 754/657/563
f 717/631/564 755/658/564 1620/656/564
f 755/658/565 746/659/565 1620/656/565
f 1620/656/566 152/660/566 754/657/566
f 710/635/567 756/661/567 130/636/567
f 129/628/568 1621/662/568 710/635/568
f 1621/662/569 144/663/569 739/664/569
f 756/661/570 739/664/570 145/665/570
f 138/640/571 1622/666/571 757/667/571
f 718/639/572 754/657/572 1622/666/572
f 754/657/573 747/668/573 1622/666/573
f 1622/666/574 153/669/574 757/667/574
f 711/643/575 758/670/575 131/644/575
f 130/636/576 1623/671/576 711/643/576
f 1623/671/577 145/665/577 740/672/577
f 758/670/578 740/672/578 146/673/578
f 139/647/579 1624/674/579 759/675/579
f 719/646/580 757/667/580 1624/674/580
f 757/667/581 748/676/581 1624/674/581
f 1624/674/582 154/677/582 759/675/582
f 712/650/583 760/678/583 132/590/583
f 131/644/584 1625/679/584 712/650/584
f 1625/679/585 146/673/585 741/680/585
f 760/678/586 741/680/586 147/681/586
f 140/587/587 1626/682/587 761/683/587
f 720/586/588 759/675/588 1626/682/588
f 759/675/589 749/684/589 1626/682/589
f 1626/682/590 155/685/590 761/683/590
f 713/591/591 762/686/591 133/592/591
f 132/590/592 1627/687/592 713/591/592
f 1627/687/593 147/681/593 742/688/593
f 762/686/594 742/688/594 148/689/594
f 141/596/595 1628/690/595 763/691/595
f 721/595/596 761/683/596 1628/690/596
f 761/683/597 750/692/597 1628/690/597
f 1628/690/598 156/693/598 763/691/598
f 714/599/599 764/694/599 134/600/599
f 133/592/600 1629/695/600 714/599/600
f 1629/695/601 148/689/601 743/696/601
f 764/694/602 743/696/602 149/697/602
f 722/604/603 765/698/603 142/605/603
f 141/603/604 1630/699/604 722/604/604
f 1630/699/605 156/700/605 751/701/605
f 765/698/606 751/701/606 157/702/606
f 715/608/607 766/703/607 135/609/607
f 134/600/608 1631/704/608 715/608/608
f 1631/704/609 149/697/609 744/705/609
f 766/703/610 744/705/610 150/706/610
f 128/615/611 1632/707/611 753/653/611
f 1426/708/612 1424/709/612 82/710/612
f 143/711/613 1632/707/613 1426/708/613
f 1425/712/614 1427/713/614 308/714/614
f 142/605/615 1633/715/615 1425/712/615
f 157/702/616 1633/715/616 765/698/616
f 136/624/617 1634/716/617 755/658/617
f 716/623/618 766/703/618 1634/716/618
f 766/703/619 745/717/619 1634/716/619
f 1634/716/620 151/718/620 755/658/620
f 742/688/621 781/719/621 148/689/621
f 147/681/622 1635/720/622 742/688/622
f 1635/720/623 162/721/623 771/722/623
f 781/719/624 771/722/624 163/723/624
f 156/693/625 1636/724/625 783/725/625
f 750/692/626 784/726/626 1636/724/626
f 784/726/627 779/727/627 1636/724/627
f 1636/724/628 171/728/628 783/725/628
f 743/696/629 785/729/629 149/697/629
f 148/689/630 1637/730/630 743/696/630
f 1637/730/631 163/723/631 772/731/631
f 785/729/632 772/731/632 164/732/632
f 751/701/633 786/733/633 157/702/633
f 156/700/634 1638/734/634 751/701/634
f 1638/734/635 171/735/635 780/736/635
f 786/733/636 780/736/636 172/737/636
f 744/705/637 787/738/637 150/706/637
f 149/697/638 1639/739/638 744/705/638
f 1639/739/639 164/732/639 773/740/639
f 787/738/640 773/740/640 165/741/640
f 143/711/641 1640/742/641 788/743/641
f 1428/744/642 1426/745/642 82/746/642
f 158/747/643 1640/742/643 1428/744/643
f 1427/748/644 1429/749/644 308/750/644
f 157/702/645 1641/751/645 1427/748/645
f 172/737/646 1641/751/646 786/752/646
f 151/718/647 1642/753/647 789/754/647
f 745/717/648 787/738/648 1642/753/648
f 787/738/649 774/755/649 1642/753/649
f 1642/753/650 166/756/650 789/754/650
f 144/655/651 1643/757/651 790/758/651
f 738/654/652 788/743/652 1643/757/652
f 788/743/653 767/759/653 1643/757/653
f 1643/757/654 159/760/654 790/758/654
f 152/660/655 1644/761/655 791/762/655
f 746/659/656 789/754/656 1644/761/656
f 789/754/657 775/763/657 1644/761/657
f 1644/761/658 167/764/658 791/762/658
f 739/664/659 792/765/659 145/665/659
f 144/663/660 1645/766/660 739/664/660
f 1645/766/661 159/767/661 768/768/661
f 792/765/662 768/768/662 160/769/662
f 153/669/663 1646/770/663 793/771/663
f 747/668/664 791/762/664 1646/770/664
f 791/762/665 776/772/665 1646/770/665
f 1646/770/666 168/773/666 793/771/666
f 740/672/667 794/774/667 146/673/667
f 145/665/668 1647/775/668 740/672/668
f 1647/775/669 160/769/669 769/776/669
f 794/774/670 769/776/670 161/777/670
f 154/677/671 1648/778/671 795/779/671
f 748/676/672 793/771/672 1648/778/672
f 793/771/673 777/780/673 1648/778/673
f 1648/778/674 169/781/674 795/779/674
f 741/680/675 782/782/675 147/681/675
f 146/673/676 1649/783/676 741/680/676
f 1649/783/677 161/777/677 770/784/677
f 782/782/678 770/784/678 162/721/678
f 155/685/679 1650/785/679 784/726/679
f 749/684/680 795/779/680 1650/785/680
f 795/779/681 778/786/681 1650/785/681
f 1650/785/682 170/787/682 784/726/682
f 167/764/683 1651/788/683 810/789/683
f 775/763/684 811/790/684 1651/788/684
f 811/790/685 804/791/685 1651/788/685
f 1651/788/686 182/792/686 810/789/686
f 768/768/687 812/793/687 160/769/687
f 159/767/688 1652/794/688 768/768/688
f 1652/794/689 174/795/689 797/796/689
f 812/793/690 797/796/690 175/797/690
f 168/773/691 1653/798/691 814/799/691
f 776/772/692 810/789/692 1653/798/692
f 810/789/693 805/800/693 1653/798/693
f 1653/798/694 183/801/694 814/799/694
f 769/776/695 815/802/695 161/777/695
f 160/769/696 1654/803/696 769/776/696
f 1654/803/697 175/797/697 798/804/697
f 815/802/698 798/804/698 176/805/698
f 169/781/699 1655/806/699 816/807/699
f 777/780/700 814/799/700 1655/806/700
f 814/799/701 806/808/701 1655/806/701
f 1655/806/702 184/809/702 816/807/702
f 770/784/703 817/810/703 162/721/703
f 161/777/704 1656/811/704 770/784/704
f 1656/811/705 176/805/705 799/812/705
f 817/810/706 799/812/706 177/813/706
f 170/787/707 1657/814/707 818/815/707
f 778/786/708 816/807/708 1657/814/708
f 816/807/709 807/816/709 1657/814/709
f 1657/814/710 185/817/710 818/815/710
f 771/722/711 819/818/711 163/723/711
f 162/721/712 1658/819/712 771/722/712
f 1658/819/713 177/813/713 800/820/713
f 819/818/714 800/820/714 178/821/714
f 171/728/715 1659/822/715 820/823/715
f 779/727/716 818/815/716 1659/822/716
f 818/815/717 808/824/717 1659/822/717
f 1659/822/718 186/825/718 820/823/718
f 772/731/719 821/826/719 164/732/719
f 163/723/720 1660/827/720 772/731/720
f 1660/827/721 178/821/721 801/828/721
f 821/826/722 801/828/722 179/829/722
f 780/736/723 822/830/723 172/737/723
f 171/735/724 1661/831/724 780/736/724
f 1661/831/725 186/832/725 809/833/725
f 822/830/726 809/833/726 187/834/726
f 773/740/727 823/835/727 165/741/727
f 164/732/728 1662/836/728 773/740/728
f 1662/836/729 179/829/729 802/837/729
f 823/835/730 802/837/730 180/838/730
f 158/747/731 1663/839/731 824/840/731
f 1430/841/732 1428/842/732 82/843/732
f 173/844/733 1663/839/733 1430/841/733
f 1429/845/734 1431/846/734 308/847/734
f 172/737/735 1664/848/735 1429/849/735
f 187/834/736 1664/848/736 822/830/736
f 166/756/737 1665/850/737 811/790/737
f 774/755/738 823/835/738 1665/850/738
f 823/835/739 803/851/739 1665/850/739
f 1665/850/740 181/852/740 811/790/740
f 159/760/741 1666/853/741 813/854/741
f 767/759/742 824/840/742 1666/853/742
f 824/840/743 796/855/743 1666/853/743
f 1666/853/744 174/795/744 813/854/744
f 186/825/745 1667/856/745 839/857/745
f 808/824/746 840/858/746 1667/856/746
f 840/858/747 837/859/747 1667/856/747
f 1667/856/748 201/860/748 839/857/748
f 801/828/749 841/861/749 179/829/749
f 178/821/750 1668/862/750 801/828/750
f 1668/862/751 193/863/751 830/864/751
f 841/861/752 830/864/752 194/865/752
f 809/833/753 843/866/753 187/834/753
f 186/832/754 1669/867/754 809/833/754
f 1669/867/755 201/868/755 838/869/755
f 843/866/756 838/869/756 202/870/756
f 802/837/757 844/871/757 180/838/757
f 179/829/758 1670/872/758 802/837/758
f 1670/872/759 194/865/759 831/873/759
f 844/871/760 831/873/760 195/874/760
f 173/844/761 1671/875/761 845/876/761
f 1432/877/762 1430/878/762 82/879/762
f 188/880/763 1671/875/763 1432/877/763
f 1431/881/764 1433/882/764 308/883/764
f 187/834/765 1672/884/765 1431/885/765
f 202/870/766 1672/884/766 843/886/766
f 181/852/767 1673/887/767 846/888/767
f 803/851/768 844/871/768 1673/887/768
f 844/871/769 832/889/769 1673/887/769
f 1673/887/770 196/890/770 846/888/770
f 174/795/771 1674/891/771 847/892/771
f 796/855/772 845/876/772 1674/891/772
f 845/876/773 825/893/773 1674/891/773
f 1674/891/774 189/894/774 847/892/774
f 182/792/775 1675/895/775 848/896/775
f 804/791/776 846/888/776 1675/895/776
f 846/888/777 833/897/777 1675/895/777
f 1675/895/778 197/898/778 848/896/778
f 797/796/779 849/899/779 175/797/779
f 174/795/780 1676/900/780 797/796/780
f 1676/900/781 189/901/781 826/902/781
f 849/899/782 826/902/782 190/903/782
f 183/801/783 1677/904/783 850/905/783
f 805/800/784 848/896/784 1677/904/784
f 848/896/785 834/906/785 1677/904/785
f 1677/904/786 198/907/786 850/905/786
f 798/804/787 851/908/787 176/805/787
f 175/797/788 1678/909/788 798/804/788
f 1678/909/789 190/903/789 827/910/789
f 851/908/790 827/910/790 191/911/790
f 184/809/791 1679/912/791 852/913/791
f 806/808/792 850/905/792 1679/912/792
f 850/905/793 835/914/793 1679/912/793
f 1679/912/794 199/915/794 852/913/794
f 799/812/795 853/916/795 177/813/795
f 176/805/796 1680/917/796 799/812/796
f 1680/917/797 191/911/797 828/918/797
f 853/916/798 828/918/798 192/919/798
f 185/817/799 1681/920/799 840/858/799
f 807/816/800 852/913/800 1681/920/800
f 852/913/801 836/921/801 1681/920/801
f 1681/920/802 200/922/802 840/858/802
f 800/820/803 842/923/803 178/821/803
f 177/813/804 1682/924/804 800/820/804
f 1682/924/805 192/919/805 829/925/805
f 842/923/806 829/925/806 193/863/806
f 198/907/807 1683/926/807 868/927/807
f 834/906/808 869/928/808 1683/926/808
f 869/928/809 863/929/809 1683/926/809
f 1683/926/810 213/930/810 868/927/810
f 827/910/811 870/931/811 191/911/811
f 190/903/812 1684/932/812 827/910/812
f 1684/932/813 205/933/813 856/934/813
f 870/931/814 856/934/814 206/935/814
f 199/915/815 1685/936/815 872/937/815
f 835/914/816 868/927/816 1685/936/816
f 868/927/817 864/938/817 1685/936/817
f 1685/936/818 214/939/818 872/937/818
f 828/918/819 873/940/819 192/919/819
f 191/911/820 1686/941/820 828/918/820
f 1686/941/821 206/935/821 857/942/821
f 873/940/822 857/942/822 207/943/822
f 200/922/823 1687/944/823 874/945/823
f 836/921/824 872/937/824 1687/944/824
f 872/937/825 865/946/825 1687/944/825
f 1687/944/826 215/947/826 874/945/826
f 829/925/827 875/948/827 193/863/827
f 192/919/828 1688/949/828 829/925/828
f 1688/949/829 207/943/829 858/950/829
f 875/948/830 858/950/830 208/951/830
f 201/860/831 1689/952/831 876/953/831
f 837/859/832 874/945/832 1689/952/832
f 874/945/833 866/954/833 1689/952/833
f 1689/952/834 216/955/834 876/953/834
f 830/864/835 877/956/835 194/865/835
f 193/863/836 1690/957/836 830/864/836
f 1690/957/837 208/951/837 859/958/837
f 877/956/838 859/958/838 209/959/838
f 838/869/839 878/960/839 202/870/839
f 201/868/840 1691/961/840 838/869/840
f 1691/961/841 216/962/841 867/963/841
f 878/960/842 867/963/842 217/964/842
f 831/873/843 879/965/843 195/874/843
f 194/865/844 1692/966/844 831/873/844
f 1692/966/845 209/959/845 860/967/845
f 879/965/846 860/967/846 210/968/846
f 188/880/847 1693/969/847 880/970/847
f 1434/971/848 1432/972/848 82/973/848
f 203/974/849 1693/969/849 1434/971/849
f 1433/975/850 1435/976/850 308/977/850
f 202/870/851 1694/978/851 1433/979/851
f 217/964/852 1694/978/852 878/960/852
f 196/890/853 1695/980/853 881/981/853
f 832/889/854 879/965/854 1695/980/854
f 879/965/855 861/982/855 1695/980/855
f 1695/980/856 211/983/856 881/981/856
f 189/894/857 1696/984/857 882/985/857
f 825/893/858 880/970/858 1696/984/858
f 880/970/859 854/986/859 1696/984/859
f 1696/984/860 204/987/860 882/985/860
f 197/898/861 1697/988/861 869/928/861
f 833/897/862 881/981/862 1697/988/862
f 881/981/863 862/989/863 1697/988/863
f 1697/988/864 212/990/864 869/928/864
f 826/902/865 871/991/865 190/903/865
f 189/901/866 1698/992/866 826/902/866
f 1698/992/867 204/993/867 855/994/867
f 871/991/868 855/994/868 205/933/868
f 867/963/869 897/995/869 217/964/869
f 216/962/870 1699/996/870 867/963/870
f 1699/996/871 231/997/871 896/998/871
f 897/995/872 896/998/872 232/999/872
f 860/967/873 899/1000/873 210/968/873
f 209/959/874 1700/1001/874 860/967/874
f 1700/1001/875 224/1002/875 889/1003/875
f 899/1000/876 889/1003/876 225/1004/876
f 203/974/877 1701/1005/877 901/1006/877
f 1436/1007/878 1434/1008/878 82/1009/878
f 218/1010/879 1701/1005/879 1436/1011/879
f 1435/1012/880 1437/1013/880 308/1014/880
f 217/964/881 1702/1015/881 1435/1016/881
f 232/999/882 1702/1015/882 897/1017/882
f 211/983/883 1703/1018/883 902/1019/883
f 861/982/884 899/1000/884 1703/1018/884
f 899/1000/885 890/1020/885 1703/1018/885
f 1703/1018/886 226/1021/886 902/1019/886
f 204/987/887 1704/1022/887 903/1023/887
f 854/986/888 901/1006/888 1704/1022/888
f 901/1006/889 883/1024/889 1704/1022/889
f 1704/1022/890 219/1025/890 903/1023/890
f 212/990/891 1705/1026/891 904/1027/891
f 862/989/892 902/1019/892 1705/1026/892
f 902/1019/893 891/1028/893 1705/1026/893
f 1705/1026/894 227/1029/894 904/1027/894
f 855/994/895 905/1030/895 205/933/895
f 204/993/896 1706/1031/896 855/994/896
f 1706/1031/897 219/1032/897 884/1033/897
f 905/1030/898 884/1033/898 220/1034/898
f 213/930/899 1707/1035/899 906/1036/899
f 863/929/900 904/1027/900 1707/1035/900
f 904/1027/901 892/1037/901 1707/1035/901
f 1707/1035/902 228/1038/902 906/1036/902
f 856/934/903 907/1039/903 206/935/903
f 205/933/904 1708/1040/904 856/934/904
f 1708/1040/905 220/1034/905 885/1041/905
f 907/1039/906 885/1041/906 221/1042/906
f 214/939/907 1709/1043/907 908/1044/907
f 864/938/908 906/1036/908 1709/1043/908
f 906/1036/909 893/1045/909 1709/1043/909
f 1709/1043/910 229/1046/910 908/1044/910
f 857/942/911 909/1047/911 207/943/911
f 206/935/912 1710/1048/912 857/942/912
f 1710/1048/913 221/1042/913 886/1049/913
f 909/1047/914 886/1049/914 222/1050/914
f 215/947/915 1711/1051/915 910/1052/915
f 865/946/916 908/1044/916 1711/1051/916
f 908/1044/917 894/1053/917 1711/1051/917
f 1711/1051/918 230/1054/918 910/1052/918
f 858/950/919 911/1055/919 208/951/919
f 207/943/920 1712/1056/920 858/950/920
f 1712/1056/921 222/1050/921 887/1057/921
f 911/1055/922 887/1057/922 223/1058/922
f 216/955/923 1713/1059/923 898/1060/923
f 866/954/924 910/1052/924 1713/1059/924
f 910/1052/925 895/1061/925 1713/1059/925
f 1713/1059/926 231/1062/926 898/1060/926
f 859/958/927 900/1063/927 209/959/927
f 208/951/928 1714/1064/928 859/958/928
f 1714/1064/929 223/1058/929 888/1065/929
f 900/1063/930 888/1065/930 224/1002/930
f 885/1041/931 926/1066/931 221/1042/931
f 220/1034/932 1715/1067/932 885/1041/932
f 1715/1067/933 235/1068/933 914/1069/933
f 926/1066/934 914/1069/934 236/1070/934
f 229/1046/935 1716/1071/935 928/1072/935
f 893/1045/936 929/1073/936 1716/1071/936
f 929/1073/937 922/1074/937 1716/1071/937
f 1716/1071/938 244/1075/938 928/1072/938
f 886/1049/939 930/1076/939 222/1050/939
f 221/1042/940 1717/1077/940 886/1049/940
f 1717/1077/941 236/1070/941 915/1078/941
f 930/1076/942 915/1078/942 237/1079/942
f 230/1054/943 1718/1080/943 931/1081/943
f 894/1053/944 928/1072/944 1718/1080/944
f 928/1072/945 923/1082/945 1718/1080/945
f 1718/1080/946 245/1083/946 931/1081/946
f 887/1057/947 932/1084/947 223/1058/947
f 222/1050/948 1719/1085/948 887/1057/948
f 1719/1085/949 237/1079/949 916/1086/949
f 932/1084/950 916/1086/950 238/1087/950
f 231/1062/951 1720/1088/951 933/1089/951
f 895/1061/952 931/1081/952 1720/1088/952
f 931/1081/953 924/1090/953 1720/1088/953
f 1720/1088/954 246/1091/954 933/1089/954
f 888/1065/955 934/1092/955 224/1002/955
f 223/1058/956 1721/1093/956 888/1065/956
f 1721/1093/957 238/1087/957 917/1094/957
f 934/1092/958 917/1094/958 239/1095/958
f 896/998/959 935/1096/959 232/999/959
f 231/997/960 1722/1097/960 896/998/960
f 1722/1097/961 246/1098/961 925/1099/961
f 935/1096/962 925/1099/962 247/1100/962
f 889/1003/963 936/1101/963 225/1004/963
f 224/1002/964 1723/1102/964 889/1003/964
f 1723/1102/965 239/1095/965 918/1103/965
f 936/1101/966 918/1103/966 240/1104/966
f 218/1010/967 1724/1105/967 937/1106/967
f 1438/1107/968 1436/1108/968 82/1109/968
f 233/1110/969 1724/1105/969 1438/1107/969
f 1437/1111/970 1439/1112/970 308/1113/970
f 232/999/971 1725/1114/971 1437/1111/971
f 247/1100/972 1725/1114/972 935/1096/972
f 226/1021/973 1726/1115/973 938/1116/973
f 890/1020/974 936/1101/974 1726/1115/974
f 936/1101/975 919/1117/975 1726/1115/975
f 1726/1115/976 241/1118/976 938/1116/976
f 219/1025/977 1727/1119/977 939/1120/977
f 883/1024/978 937/1106/978 1727/1119/978
f 937/1106/979 912/1121/979 1727/1119/979
f 1727/1119/980 234/1122/980 939/1120/980
f 227/1029/981 1728/1123/981 940/1124/981
f 891/1028/982 938/1116/982 1728/1123/982
f 938/1116/983 920/1125/983 1728/1123/983
f 1728/1123/984 242/1126/984 940/1124/984
f 884/1033/985 927/1127/985 220/1034/985
f 219/1032/986 1729/1128/986 884/1033/986
f 1729/1128/987 234/1122/987 913/1129/987
f 927/1127/988 913/1129/988 235/1068/988
f 228/1038/989 1730/1130/989 929/1073/989
f 892/1037/990 940/1124/990 1730/1130/990
f 940/1124/991 921/1131/991 1730/1130/991
f 1730/1130/992 243/1132/992 929/1073/992
f 918/1103/993 955/1133/993 240/1104/993
f 239/1095/994 1731/1134/994 918/1103/994
f 1731/1134/995 254/1135/995 947/1136/995
f 955/1133/996 947/1136/996 255/1137/996
f 233/1110/997 1732/1138/997 957/1139/997
f 1440/1140/998 1438/1141/998 82/1142/998
f 248/1143/999 1732/1138/999 1440/1140/999
f 1439/1144/1000 1441/1145/1000 308/1146/1000
f 247/1100/1001 1733/1147/1001 1439/1144/1001
f 262/1148/1002 1733/1147/1002 958/1149/1002
f 241/1118/1003 1734/1150/1003 959/1151/1003
f 919/1117/1004 955/1133/1004 1734/1150/1004
f 955/1133/1005 948/1152/1005 1734/1150/1005
f 1734/1150/1006 256/1153/1006 959/1151/1006
f 234/1122/1007 1735/1154/1007 960/1155/1007
f 912/1121/1008 957/1139/1008 1735/1154/1008
f 957/1139/1009 941/1156/1009 1735/1154/1009
f 1735/1154/1010 249/1157/1010 960/1155/1010
f 242/1126/1011 1736/1158/1011 961/1159/1011
f 920/1125/1012 959/1151/1012 1736/1158/1012
f 959/1151/1013 949/1160/1013 1736/1158/1013
f 1736/1158/1014 257/1161/1014 961/1159/1014
f 913/1129/1015 962/1162/1015 235/1068/1015
f 234/1122/1016 1737/1163/1016 913/1129/1016
f 1737/1163/1017 249/1164/1017 942/1165/1017
f 962/1162/1018 942/1165/1018 250/1166/1018
f 243/1132/1019 1738/1167/1019 963/1168/1019
f 921/1131/1020 961/1159/1020 1738/1167/1020
f 961/1159/1021 950/1169/1021 1738/1167/1021
f 1738/1167/1022 258/1170/1022 963/1168/1022
f 914/1069/1023 964/1171/1023 236/1070/1023
f 235/1068/1024 1739/1172/1024 914/1069/1024
f 1739/1172/1025 250/1166/1025 943/1173/1025
f 964/1171/1026 943/1173/1026 251/1174/1026
f 244/1075/1027 1740/1175/1027 965/1176/1027
f 922/1074/1028 963/1168/1028 1740/1175/1028
f 963/1168/1029 951/1177/1029 1740/1175/1029
f 1740/1175/1030 259/1178/1030 965/1176/1030
f 915/1078/1031 966/1179/1031 237/1079/1031
f 236/1070/1032 1741/1180/1032 915/1078/1032
f 1741/1180/1033 251/1174/1033 944/1181/1033
f 966/1179/1034 944/1181/1034 252/1182/1034
f 245/1083/1035 1742/1183/1035 967/1184/1035
f 923/1082/1036 965/1176/1036 1742/1183/1036
f 965/1176/1037 952/1185/1037 1742/1183/1037
f 1742/1183/1038 260/1186/1038 967/1184/1038
f 916/1086/1039 968/1187/1039 238/1087/1039
f 237/1079/1040 1743/1188/1040 916/1086/1040
f 1743/1188/1041 252/1182/1041 945/1189/1041
f 968/1187/1042 945/1189/1042 253/1190/1042
f 246/1091/1043 1744/1191/1043 969/1192/1043
f 924/1090/1044 967/1184/1044 1744/1191/1044
f 967/1184/1045 953/1193/1045 1744/1191/1045
f 1744/1191/1046 261/1194/1046 969/1192/1046
f 917/1094/1047 956/1195/1047 239/1095/1047
f 238/1087/1048 1745/1196/1048 917/1094/1048
f 1745/1196/1049 253/1190/1049 946/1197/1049
f 956/1195/1050 946/1197/1050 254/1135/1050
f 925/1099/1051 958/1198/1051 247/1100/1051
f 246/1098/1052 1746/1199/1052 925/1099/1052
f 1746/1199/1053 261/1200/1053 954/1201/1053
f 958/1198/1054 954/1201/1054 262/1148/1054
f 259/1178/1055 1747/1202/1055 984/1203/1055
f 951/1177/1056 985/1204/1056 1747/1202/1056
f 985/1204/1057 980/1205/1057 1747/1202/1057
f 1747/1202/1058 274/1206/1058 984/1203/1058
f 944/1181/1059 986/1207/1059 252/1182/1059
f 251/1174/1060 1748/1208/1060 944/1181/1060
f 1748/1208/1061 266/1209/1061 973/1210/1061
f 986/1207/1062 973/1210/1062 267/1211/1062
f 260/1186/1063 1749/1212/1063 988/1213/1063
f 952/1185/1064 984/1203/1064 1749/1212/1064
f 984/1203/1065 981/1214/1065 1749/1212/1065
f 1749/1212/1066 275/1215/1066 988/1213/1066
f 945/1189/1067 989/1216/1067 253/1190/1067
f 252/1182/1068 1750/1217/1068 945/1189/1068
f 1750/1217/1069 267/1211/1069 974/1218/1069
f 989/1216/1070 974/1218/1070 268/1219/1070
f 261/1194/1071 1751/1220/1071 990/1221/1071
f 953/1193/1072 988/1213/1072 1751/1220/1072
f 988/1213/1073 982/1222/1073 1751/1220/1073
f 1751/1220/1074 276/1223/1074 990/1221/1074
f 946/1197/1075 991/1224/1075 254/1135/1075
f 253/1190/1076 1752/1225/1076 946/1197/1076
f 1752/1225/1077 268/1219/1077 975/1226/1077
f 991/1224/1078 975/1226/1078 269/1227/1078
f 954/1201/1079 992/1228/1079 262/1148/1079
f 261/1200/1080 1753/1229/1080 954/1201/1080
f 1753/1229/1081 276/1230/1081 983/1231/1081
f 992/1228/1082 983/1231/1082 277/1232/1082
f 947/1136/1083 993/1233/1083 255/1137/1083
f 254/1135/1084 1754/1234/1084 947/1136/1084
f 1754/1234/1085 269/1227/1085 976/1235/1085
f 993/1233/1086 976/1235/1086 270/1236/1086
f 248/1143/1087 1755/1237/1087 994/1238/1087
f 1442/1239/1088 1440/1240/1088 82/1241/1088
f 263/1242/1089 1755/1237/1089 1442/1239/1089
f 1441/1243/1090 1443/1244/1090 308/1245/1090
f 262/1148/1091 1756/1246/1091 1441/1247/1091
f 277/1232/1092 1756/1246/1092 992/1248/1092
f 256/1153/1093 1757/1249/1093 995/1250/1093
f 948/1152/1094 993/1233/1094 1757/1249/1094
f 993/1233/1095 977/1251/1095 1757/1249/1095
f 1757/1249/1096 271/1252/1096 995/1250/1096
f 249/1157/1097 1758/1253/1097 996/1254/1097
f 941/1156/1098 994/1238/1098 1758/1253/1098
f 994/1238/1099 970/1255/1099 1758/1253/1099
f 1758/1253/1100 264/1256/1100 996/1254/1100
f 257/1161/1101 1759/1257/1101 997/1258/1101
f 949/1160/1102 995/1250/1102 1759/1257/1102
f 995/1250/1103 978/1259/1103 1759/1257/1103
f 1759/1257/1104 272/1260/1104 997/1258/1104
f 942/1165/1105 998/1261/1105 250/1166/1105
f 249/1164/1106 1760/1262/1106 942/1165/1106
f 1760/1262/1107 264/1263/1107 971/1264/1107
f 998/1261/1108 971/1264/1108 265/1265/1108
f 258/1170/1109 1761/1266/1109 985/1204/1109
f 950/1169/1110 997/1258/1110 1761/1266/1110
f 997/1258/1111 979/1267/1111 1761/1266/1111
f 1761/1266/1112 273/1268/1112 985/1204/1112
f 943/1173/1113 987/1269/1113 251/1174/1113
f 250/1166/1114 1762/1270/1114 943/1173/1114
f 1762/1270/1115 265/1265/1115 972/1271/1115
f 987/1269/1116 972/1271/1116 266/1209/1116
f 263/1242/1117 1763/1272/1117 1013/1273/1117
f 1444/1274/1118 1442/1275/1118 82/1276/1118
f 278/1277/1119 1763/1272/1119 1444/1274/1119
f 1443/1278/1120 1445/1279/1120 308/1280/1120
f 277/1232/1121 1764/1281/1121 1443/1278/1121
f 292/1282/1122 1764/1281/1122 1014/1283/1122
f 271/1252/1123 1765/1284/1123 1015/1285/1123
f 977/1251/1124 1016/1286/1124 1765/1284/1124
f 1016/1286/1125 1006/1287/1125 1765/1284/1125
f 1765/1284/1126 286/1288/1126 1015/1285/1126
f 264/1256/1127 1766/1289/1127 1017/1290/1127
f 970/1255/1128 1013/1273/1128 1766/1289/1128
f 1013/1273/1129 999/1291/1129 1766/1289/1129
f 1766/1289/1130 279/1292/1130 1017/1290/1130
f 272/1260/1131 1767/1293/1131 1018/1294/1131
f 978/1259/1132 1015/1285/1132 1767/1293/1132
f 1015/1285/1133 1007/1295/1133 1767/1293/1133
f 1767/1293/1134 287/1296/1134 1018/1294/1134
f 971/1264/1135 1019/1297/1135 265/1265/1135
f 264/1263/1136 1768/1298/1136 971/1264/1136
f 1768/1298/1137 279/1299/1137 1000/1300/1137
f 1019/1297/1138 1000/1300/1138 280/1301/1138
f 273/1268/1139 1769/1302/1139 1020/1303/1139
f 979/1267/1140 1018/1294/1140 1769/1302/1140
f 1018/1294/1141 1008/1304/1141 1769/1302/1141
f 1769/1302/1142 288/1305/1142 1020/1303/1142
f 972/1271/1143 1021/1306/1143 266/1209/1143
f 265/1265/1144 1770/1307/1144 972/1271/1144
f 1770/1307/1145 280/1301/1145 1001/1308/1145
f 1021/1306/1146 1001/1308/1146 281/1309/1146
f 274/1206/1147 1771/1310/1147 1022/1311/1147
f 980/1205/1148 1020/1303/1148 1771/1310/1148
f 1020/1303/1149 1009/1312/1149 1771/1310/1149
f 1771/1310/1150 289/1313/1150 1022/1311/1150
f 973/1210/1151 1023/1314/1151 267/1211/1151
f 266/1209/1152 1772/1315/1152 973/1210/1152
f 1772/1315/1153 281/1309/1153 1002/1316/1153
f 1023/1314/1154 1002/1316/1154 282/1317/1154
f 275/1215/1155 1773/1318/1155 1024/1319/1155
f 981/1214/1156 1022/1311/1156 1773/1318/1156
f 1022/1311/1157 1010/1320/1157 1773/1318/1157
f 1773/1318/1158 290/1321/1158 1024/1319/1158
f 974/1218/1159 1025/1322/1159 268/1219/1159
f 267/1211/1160 1774/1323/1160 974/1218/1160
f 1774/1323/1161 282/1317/1161 1003/1324/1161
f 1025/1322/1162 1003/1324/1162 283/1325/1162
f 276/1223/1163 1775/1326/1163 1026/1327/1163
f 982/1222/1164 1024/1319/1164 1775/1326/1164
f 1024/1319/1165 1011/1328/1165 1775/1326/1165
f 1775/1326/1166 291/1329/1166 1026/1327/1166
f 975/1226/1167 1027/1330/1167 269/1227/1167
f 268/1219/1168 1776/1331/1168 975/1226/1168
f 1776/1331/1169 283/1325/1169 1004/1332/1169
f 1027/1330/1170 1004/1332/1170 284/1333/1170
f 983/1231/1171 1014/1334/1171 277/1232/1171
f 276/1230/1172 1777/1335/1172 983/1231/1172
f 1777/1335/1173 291/1336/1173 1012/1337/1173
f 1014/1334/1174 1012/1337/1174 292/1282/1174
f 976/1235/1175 1016/1286/1175 270/1236/1175
f 269/1227/1176 1778/1338/1176 976/1235/1176
f 1778/1338/1177 284/1333/1177 1005/1339/1177
f 1016/1286/1178 1005/1339/1178 285/1340/1178
f 1002/1316/1179 1043/1341/1179 282/1317/1179
f 281/1309/1180 1779/1342/1180 1002/1316/1180
f 1779/1342/1181 296/1343/1181 1031/1344/1181
f 1043/1341/1182 1031/1344/1182 297/1345/1182
f 290/1321/1183 1780/1346/1183 1045/1347/1183
f 1010/1320/1184 1046/1348/1184 1780/1346/1184
f 1046/1348/1185 1039/1349/1185 1780/1346/1185
f 1780/1346/1186 305/1350/1186 1045/1347/1186
f 1003/1324/1187 1047/1351/1187 283/1325/1187
f 282/1317/1188 1781/1352/1188 1003/1324/1188
f 1781/1352/1189 297/1345/1189 1032/1353/1189
f 1047/1351/1190 1032/1353/1190 298/1354/1190
f 291/1329/1191 1782/1355/1191 1048/1356/1191
f 1011/1328/1192 1045/1347/1192 1782/1355/1192
f 1045/1347/1193 1040/1357/1193 1782/1355/1193
f 1782/1355/1194 306/1358/1194 1048/1356/1194
f 1004/1332/1195 1049/1359/1195 284/1333/1195
f 283/1325/1196 1783/1360/1196 1004/1332/1196
f 1783/1360/1197 298/1354/1197 1033/1361/1197
f 1049/1359/1198 1033/1361/1198 299/1362/1198
f 1012/1337/1199 1050/1363/1199 292/1282/1199
f 291/1336/1200 1784/1364/1200 1012/1337/1200
f 1784/1364/1201 306/1365/1201 1041/1366/1201
f 1050/1363/1202 1041/1366/1202 307/1367/1202
f 1005/1339/1203 1051/1368/1203 285/1340/1203
f 284/1333/1204 1785/1369/1204 1005/1339/1204
f 1785/1369/1205 299/1362/1205 1034/1370/1205
f 1051/1368/1206 1034/1370/1206 300/1371/1206
f 278/1277/1207 1786/1372/1207 1052/1373/1207
f 1446/1374/1208 1444/1375/1208 82/1376/1208
f 293/1377/1209 1786/1372/1209 1446/1374/1209
f 1445/1378/1210 1042/1379/1210 308/1380/1210
f 292/1282/1211 1787/1381/1211 1445/1382/1211
f 307/1367/1212 1787/1381/1212 1050/1383/1212
f 286/1288/1213 1788/1384/1213 1053/1385/1213
f 1006/1287/1214 1051/1368/1214 1788/1384/1214
f 1051/1368/1215 1035/1386/1215 1788/1384/1215
f 1788/1384/1216 301/1387/1216 1053/1385/1216
f 279/1292/1217 1789/1388/1217 1054/1389/1217
f 999/1291/1218 1052/1373/1218 1789/1388/1218
f 1052/1373/1219 1028/1390/1219 1789/1388/1219
f 1789/1388/1220 294/1391/1220 1054/1389/1220
f 287/1296/1221 1790/1392/1221 1055/1393/1221
f 1007/1295/1222 1053/1385/1222 1790/1392/1222
f 1053/1385/1223 1036/1394/1223 1790/1392/1223
f 1790/1392/1224 302/1395/1224 1055/1393/1224
f 1000/1300/1225 1056/1396/1225 280/1301/1225
f 279/1299/1226 1791/1397/1226 1000/1300/1226
f 1791/1397/1227 294/1398/1227 1029/1399/1227
f 1056/1396/1228 1029/1399/1228 295/1400/1228
f 288/1305/1229 1792/1401/1229 1057/1402/1229
f 1008/1304/1230 1055/1393/1230 1792/1401/1230
f 1055/1393/1231 1037/1403/1231 1792/1401/1231
f 1792/1401/1232 303/1404/1232 1057/1402/1232
f 1001/1308/1233 1044/1405/1233 281/1309/1233
f 280/1301/1234 1793/1406/1234 1001/1308/1234
f 1793/1406/1235 295/1400/1235 1030/1407/1235
f 1044/1405/1236 1030/1407/1236 296/1343/1236
f 289/1313/1237 1794/1408/1237 1046/1348/1237
f 1009/1312/1238 1057/1402/1238 1794/1408/1238
f 1057/1402/1239 1038/1409/1239 1794/1408/1239
f 1794/1408/1240 304/1410/1240 1046/1348/1240
f 301/1387/1241 1795/1411/1241 1072/1412/1241
f 1035/1386/1242 1073/1413/1242 1795/1411/1242
f 1073/1413/1243 1065/1414/1243 1795/1411/1243
f 1795/1411/1244 317/1415/1244 1072/1412/1244
f 294/1391/1245 1796/1416/1245 1074/1417/1245
f 1028/1390/1246 1075/1418/1246 1796/1416/1246
f 1075/1418/1247 1058/1419/1247 1796/1416/1247
f 1796/1416/1248 310/1420/1248 1074/1417/1248
f 302/1395/1249 1797/1421/1249 1076/1422/1249
f 1036/1394/1250 1072/1412/1250 1797/1421/1250
f 1072/1412/1251 1066/1423/1251 1797/1421/1251
f 1797/1421/1252 318/1424/1252 1076/1422/1252
f 1029/1399/1253 1077/1425/1253 295/1400/1253
f 294/1398/1254 1798/1426/1254 1029/1399/1254
f 1798/1426/1255 310/1427/1255 1059/1428/1255
f 1077/1425/1256 1059/1428/1256 311/1429/1256
f 303/1404/1257 1799/1430/1257 1078/1431/1257
f 1037/1403/1258 1076/1422/1258 1799/1430/1258
f 1076/1422/1259 1067/1432/1259 1799/1430/1259
f 1799/1430/1260 319/1433/1260 1078/1431/1260
f 1030/1407/1261 1079/1434/1261 296/1343/1261
f 295/1400/1262 1800/1435/1262 1030/1407/1262
f 1800/1435/1263 311/1429/1263 1060/1436/1263
f 1079/1434/1264 1060/1436/1264 312/1437/1264
f 304/1410/1265 1801/1438/1265 1080/1439/1265
f 1038/1409/1266 1078/1431/1266 1801/1438/1266
f 1078/1431/1267 1068/1440/1267 1801/1438/1267
f 1801/1438/1268 320/1441/1268 1080/1439/1268
f 1031/1344/1269 1081/1442/1269 297/1345/1269
f 296/1343/1270 1802/1443/1270 1031/1344/1270
f 1802/1443/1271 312/1437/1271 1061/1444/1271
f 1081/1442/1272 1061/1444/1272 313/1445/1272
f 305/1350/1273 1803/1446/1273 1082/1447/1273
f 1039/1349/1274 1080/1439/1274 1803/1446/1274
f 1080/1439/1275 1069/1448/1275 1803/1446/1275
f 1803/1446/1276 321/1449/1276 1082/1447/1276
f 1032/1353/1277 1083/1450/1277 298/1354/1277
f 297/1345/1278 1804/1451/1278 1032/1353/1278
f 1804/1451/1279 313/1445/1279 1062/1452/1279
f 1083/1450/1280 1062/1452/1280 314/1453/1280
f 306/1358/1281 1805/1454/1281 1084/1455/1281
f 1040/1357/1282 1082/1447/1282 1805/1454/1282
f 1082/1447/1283 1070/1456/1283 1805/1454/1283
f 1805/1454/1284 322/1457/1284 1084/1455/1284
f 1033/1361/1285 1085/1458/1285 299/1362/1285
f 298/1354/1286 1806/1459/1286 1033/1361/1286
f 1806/1459/1287 314/1453/1287 1063/1460/1287
f 1085/1458/1288 1063/1460/1288 315/1461/1288
f 1041/1366/1289 1086/1462/1289 307/1367/1289
f 306/1365/1290 1807/1463/1290 1041/1366/1290
f 1807/1463/1291 322/1457/1291 1071/1464/1291
f 1086/1462/1292 1071/1464/1292 323/1465/1292
f 1034/1370/1293 1073/1413/1293 300/1371/1293
f 299/1362/1294 1808/1466/1294 1034/1370/1294
f 1808/1466/1295 315/1461/1295 1064/1467/1295
f 1073/1413/1296 1064/1467/1296 316/1468/1296
f 293/1377/1297 1809/1469/1297 1075/1418/1297
f 1447/1470/1298 1446/1471/1298 82/1472/1298
f 309/1473/1299 1809/1469/1299 1447/1470/1299
f 1042/1474/1300 1448/1475/1300 308/1476/1300
f 307/1367/1301 1810/1477/1301 1042/1474/1301
f 323/1465/1302 1810/1477/1302 1086/1478/1302
f 321/1449/1303 1811/1479/1303 1101/1480/1303
f 1069/1448/1304 1102/1481/1304 1811/1479/1304
f 1102/1481/1305 1098/1482/1305 1811/1479/1305
f 1811/1479/1306 336/1483/1306 1101/1480/1306
f 1062/1452/1307 1103/1484/1307 314/1453/1307
f 313/1445/1308 1812/1485/1308 1062/1452/1308
f 1812/1485/1309 328/1486/1309 1091/1487/1309
f 1103/1484/1310 1091/1487/1310 329/1488/1310
f 322/1457/1311 1813/1489/1311 1105/1490/1311
f 1070/1456/1312 1101/1480/1312 1813/1489/1312
f 1101/1480/1313 1099/1491/1313 1813/1489/1313
f 1813/1489/1314 337/1492/1314 1105/1490/1314
f 1063/1460/1315 1106/1493/1315 315/1461/1315
f 314/1453/1316 1814/1494/1316 1063/1460/1316
f 1814/1494/1317 329/1488/1317 1092/1495/1317
f 1106/1493/1318 1092/1495/1318 330/1496/1318
f 1071/1464/1319 1107/1497/1319 323/1465/1319
f 322/1457/1320 1815/1498/1320 1071/1464/1320
f 1815/1498/1321 337/1492/1321 1100/1499/1321
f 1107/1497/1322 1100/1499/1322 338/1500/1322
f 1064/1467/1323 1108/1501/1323 316/1468/1323
f 315/1461/1324 1816/1502/1324 1064/1467/1324
f 1816/1502/1325 330/1496/1325 1093/1503/1325
f 1108/1501/1326 1093/1503/1326 331/1504/1326
f 309/1473/1327 1817/1505/1327 1109/1506/1327
f 1449/1507/1328 1447/1508/1328 82/1509/1328
f 324/1510/1329 1817/1505/1329 1449/1511/1329
f 1448/1512/1330 1450/1513/1330 308/1514/1330
f 323/1465/1331 1818/1515/1331 1448/1512/1331
f 338/1500/1332 1818/1515/1332 1107/1516/1332
f 317/1415/1333 1819/1517/1333 1110/1518/1333
f 1065/1414/1334 1108/1501/1334 1819/1517/1334
f 1108/1501/1335 1094/1519/1335 1819/1517/1335
f 1819/1517/1336 332/1520/1336 1110/1518/1336
f 310/1420/1337 1820/1521/1337 1111/1522/1337
f 1058/1419/1338 1109/1506/1338 1820/1521/1338
f 1109/1506/1339 1087/1523/1339 1820/1521/1339
f 1820/1521/1340 325/1524/1340 1111/1522/1340
f 318/1424/1341 1821/1525/1341 1112/1526/1341
f 1066/1423/1342 1110/1518/1342 1821/1525/1342
f 1110/1518/1343 1095/1527/1343 1821/1525/1343
f 1821/1525/1344 333/1528/1344 1112/1526/1344
f 1059/1428/1345 1113/1529/1345 311/1429/1345
f 310/1427/1346 1822/1530/1346 1059/1428/1346
f 1822/1530/1347 325/1531/1347 1088/1532/1347
f 1113/1529/1348 1088/1532/1348 326/1533/1348
f 319/1433/1349 1823/1534/1349 1114/1535/1349
f 1067/1432/1350 1112/1526/1350 1823/1534/1350
f 1112/1526/1351 1096/1536/1351 1823/1534/1351
f 1823/1534/1352 334/1537/1352 1114/1535/1352
f 1060/1436/1353 1115/1538/1353 312/1437/1353
f 311/1429/1354 1824/1539/1354 1060/1436/1354
f 1824/1539/1355 326/1533/1355 1089/1540/1355
f 1115/1538/1356 1089/1540/1356 327/1541/1356
f 320/1441/1357 1825/1542/1357 1102/1481/1357
f 1068/1440/1358 1114/1535/1358 1825/1542/1358
f 1114/1535/1359 1097/1543/1359 1825/1542/1359
f 1825/1542/1360 335/1544/1360 1102/1481/1360
f 1061/1444/1361 1104/1545/1361 313/1445/1361
f 312/1437/1362 1826/1546/1362 1061/1444/1362
f 1826/1546/1363 327/1541/1363 1090/1547/1363
f 1104/1545/1364 1090/1547/1364 328/1486/1364
f 333/1528/1365 1827/1548/1365 1130/1549/1365
f 1095/1527/1366 1131/1550/1366 1827/1548/1366
f 1131/1550/1367 1124/1551/1367 1827/1548/1367
f 1827/1548/1368 348/1552/1368 1130/1549/1368
f 1088/1532/1369 1132/1553/1369 326/1533/1369
f 325/1531/1370 1828/1554/1370 1088/1532/1370
f 1828/1554/1371 340/1555/1371 1117/1556/1371
f 1132/1553/1372 1117/1556/1372 341/1557/1372
f 334/1537/1373 1829/1558/1373 1134/1559/1373
f 1096/1536/1374 1130/1549/1374 1829/1558/1374
f 1130/1549/1375 1125/1560/1375 1829/1558/1375
f 1829/1558/1376 349/1561/1376 1134/1559/1376
f 1089/1540/1377 1135/1562/1377 327/1541/1377
f 326/1533/1378 1830/1563/1378 1089/1540/1378
f 1830/1563/1379 341/1557/1379 1118/1564/1379
f 1135/1562/1380 1118/1564/1380 342/1565/1380
f 335/1544/1381 1831/1566/1381 1136/1567/1381
f 1097/1543/1382 1134/1559/1382 1831/1566/1382
f 1134/1559/1383 1126/1568/1383 1831/1566/1383
f 1831/1566/1384 350/1569/1384 1136/1567/1384
f 1090/1547/1385 1137/1570/1385 328/1486/1385
f 327/1541/1386 1832/1571/1386 1090/1547/1386
f 1832/1571/1387 342/1565/1387 1119/1572/1387
f 1137/1570/1388 1119/1572/1388 343/1573/1388
f 336/1483/1389 1833/1574/1389 1138/1575/1389
f 1098/1482/1390 1136/1567/1390 1833/1574/1390
f 1136/1567/1391 1127/1576/1391 1833/1574/1391
f 1833/1574/1392 351/1577/1392 1138/1575/1392
f 1091/1487/1393 1139/1578/1393 329/1488/1393
f 328/1486/1394 1834/1579/1394 1091/1487/1394
f 1834/1579/1395 343/1573/1395 1120/1580/1395
f 1139/1578/1396 1120/1580/1396 344/1581/1396
f 337/1492/1397 1835/1582/1397 1140/1583/1397
f 1099/1491/1398 1138/1575/1398 1835/1582/1398
f 1138/1575/1399 1128/1584/1399 1835/1582/1399
f 1835/1582/1400 352/1585/1400 1140/1583/1400
f 1092/1495/1401 1141/1586/1401 330/1496/1401
f 329/1488/1402 1836/1587/1402 1092/1495/1402
f 1836/1587/1403 344/1581/1403 1121/1588/1403
f 1141/1586/1404 1121/1588/1404 345/1589/1404
f 1100/1499/1405 1142/1590/1405 338/1500/1405
f 337/1492/1406 1837/1591/1406 1100/1499/1406
f 1837/1591/1407 352/1592/1407 1129/1593/1407
f 1142/1590/1408 1129/1593/1408 353/1594/1408
f 1093/1503/1409 1143/1595/1409 331/1504/1409
f 330/1496/1410 1838/1596/1410 1093/1503/1410
f 1838/1596/1411 345/1589/1411 1122/1597/1411
f 1143/1595/1412 1122/1597/1412 346/1598/1412
f 324/1510/1413 1839/1599/1413 1144/1600/1413
f 1451/1601/1414 1449/1602/1414 82/1603/1414
f 339/1604/1415 1839/1599/1415 1451/1601/1415
f 1450/1605/1416 1452/1606/1416 308/1607/1416
f 338/1500/1417 1840/1608/1417 1450/1605/1417
f 353/1594/1418 1840/1608/1418 1142/1590/1418
f 332/1520/1419 1841/1609/1419 1131/1550/1419
f 1094/1519/1420 1143/1595/1420 1841/1609/1420
f 1143/1595/1421 1123/1610/1421 1841/1609/1421
f 1841/1609/1422 347/1611/1422 1131/1550/1422
f 325/1524/1423 1842/1612/1423 1133/1613/1423
f 1087/1523/1424 1144/1600/1424 1842/1612/1424
f 1144/1600/1425 1116/1614/1425 1842/1612/1425
f 1842/1612/1426 340/1615/1426 1133/1613/1426
f 352/1592/1427 1843/1616/1427 1159/1617/1427
f 1128/1618/1428 1160/1619/1428 1843/1616/1428
f 1160/1619/1429 1157/1620/1429 1843/1616/1429
f 1843/1616/1430 367/1621/1430 1159/1617/1430
f 1121/1622/1431 1161/1623/1431 345/1624/1431
f 344/1625/1432 1844/1626/1432 1121/1622/1432
f 1844/1626/1433 359/1627/1433 1150/1628/1433
f 1161/1623/1434 1150/1628/1434 360/1629/1434
f 1129/1593/1435 1163/1630/1435 353/1594/1435
f 352/1592/1436 1845/1631/1436 1129/1593/1436
f 1845/1631/1437 367/1621/1437 1158/1632/1437
f 1163/1630/1438 1158/1632/1438 368/1633/1438
f 1122/1634/1439 1164/1635/1439 346/1636/1439
f 345/1624/1440 1846/1637/1440 1122/1634/1440
f 1846/1637/1441 360/1629/1441 1151/1638/1441
f 1164/1635/1442 1151/1638/1442 361/1639/1442
f 339/1604/1443 1847/1640/1443 1165/1641/1443
f 1453/1642/1444 1451/1643/1444 82/1644/1444
f 354/1645/1445 1847/1640/1445 1453/1642/1445
f 1452/1646/1446 1454/1647/1446 308/1648/1446
f 353/1594/1447 1848/1649/1447 1452/1650/1447
f 368/1633/1448 1848/1649/1448 1163/1630/1448
f 347/1651/1449 1849/1652/1449 1166/1653/1449
f 1123/1610/1450 1164/1635/1450 1849/1652/1450
f 1164/1635/1451 1152/1654/1451 1849/1652/1451
f 1849/1652/1452 362/1655/1452 1166/1653/1452
f 340/1615/1453 1850/1656/1453 1167/1657/1453
f 1116/1614/1454 1165/1641/1454 1850/1656/1454
f 1165/1641/1455 1145/1658/1455 1850/1656/1455
f 1850/1656/1456 355/1659/1456 1167/1657/1456
f 348/1552/1457 1851/1660/1457 1168/1661/1457
f 1124/1662/1458 1166/1653/1458 1851/1660/1458
f 1166/1653/1459 1153/1663/1459 1851/1660/1459
f 1851/1660/1460 363/1664/1460 1168/1661/1460
f 1117/1665/1461 1169/1666/1461 341/1667/1461
f 340/1615/1462 1852/1668/1462 1117/1665/1462
f 1852/1668/1463 355/1659/1463 1146/1669/1463
f 1169/1666/1464 1146/1669/1464 356/1670/1464
f 349/1671/1465 1853/1672/1465 1170/1673/1465
f 1125/1560/1466 1168/1661/1466 1853/1672/1466
f 1168/1661/1467 1154/1674/1467 1853/1672/1467
f 1853/1672/1468 364/1675/1468 1170/1673/1468
f 1118/1676/1469 1171/1677/1469 342/1565/1469
f 341/1667/1470 1854/1678/1470 1118/1676/1470
f 1854/1678/1471 356/1670/1471 1147/1679/1471
f 1171/1677/1472 1147/1679/1472 357/1680/1472
f 350/1681/1473 1855/1682/1473 1172/1683/1473
f 1126/1684/1474 1170/1673/1474 1855/1682/1474
f 1170/1673/1475 1155/1685/1475 1855/1682/1475
f 1855/1682/1476 365/1686/1476 1172/1683/1476
f 1119/1572/1477 1173/1687/1477 343/1688/1477
f 342/1565/1478 1856/1689/1478 1119/1572/1478
f 1856/1689/1479 357/1680/1479 1148/1690/1479
f 1173/1687/1480 1148/1690/1480 358/1691/1480
f 351/1692/1481 1857/1693/1481 1160/1619/1481
f 1127/1576/1482 1172/1683/1482 1857/1693/1482
f 1172/1683/1483 1156/1694/1483 1857/1693/1483
f 1857/1693/1484 366/1695/1484 1160/1619/1484
f 1120/1696/1485 1162/1697/1485 344/1625/1485
f 343/1688/1486 1858/1698/1486 1120/1696/1486
f 1858/1698/1487 358/1691/1487 1149/1699/1487
f 1162/1697/1488 1149/1699/1488 359/1627/1488
f 1146/1700/1489 1188/1701/1489 356/1702/1489
f 355/1703/1490 1859/1704/1490 1146/1700/1490
f 1859/1704/1491 370/1705/1491 1175/1706/1491
f 1188/1701/1492 1175/1706/1492 371/1707/1492
f 364/1708/1493 1860/1709/1493 1190/1710/1493
f 1154/1711/1494 1191/1712/1494 1860/1709/1494
f 1191/1712/1495 1183/1713/1495 1860/1709/1495
f 1860/1709/1496 379/1714/1496 1190/1710/1496
f 1147/1715/1497 1192/1716/1497 357/1717/1497
f 356/1702/1498 1861/1718/1498 1147/1715/1498
f 1861/1718/1499 371/1707/1499 1176/1719/1499
f 1192/1716/1500 1176/1719/1500 372/1720/1500
f 365/1721/1501 1862/1722/1501 1193/1723/1501
f 1155/1724/1502 1190/1710/1502 1862/1722/1502
f 1190/1710/1503 1184/1725/1503 1862/1722/1503
f 1862/1722/1504 380/1726/1504 1193/1723/1504
f 1148/1727/1505 1194/1728/1505 358/1729/1505
f 357/1717/1506 1863/1730/1506 1148/1727/1506
f 1863/1730/1507 372/1720/1507 1177/1731/1507
f 1194/1728/1508 1177/1731/1508 373/1732/1508
f 366/1733/1509 1864/1734/1509 1195/1735/1509
f 1156/1736/1510 1193/1723/1510 1864/1734/1510
f 1193/1723/1511 1185/1737/1511 1864/1734/1511
f 1864/1734/1512 381/1738/1512 1195/1735/1512
f 1149/1739/1513 1196/1740/1513 359/1741/1513
f 358/1729/1514 1865/1742/1514 1149/1739/1514
f 1865/1742/1515 373/1732/1515 1178/1743/1515
f 1196/1740/1516 1178/1743/1516 374/1744/1516
f 367/1745/1517 1866/1746/1517 1197/1747/1517
f 1157/1748/1518 1195/1735/1518 1866/1746/1518
f 1195/1735/1519 1186/1749/1519 1866/1746/1519
f 1866/1746/1520 382/1750/1520 1197/1747/1520
f 1150/1751/1521 1198/1752/1521 360/1753/1521
f 359/1741/1522 1867/1754/1522 1150/1751/1522
f 1867/1754/1523 374/1744/1523 1179/1755/1523
f 1198/1752/1524 1179/1755/1524 375/1756/1524
f 1158/1757/1525 1199/1758/1525 368/1759/1525
f 367/1745/1526 1868/1760/1526 1158/1757/1526
f 1868/1760/1527 382/1750/1527 1187/1761/1527
f 1199/1758/1528 1187/1761/1528 383/1762/1528
f 1151/1763/1529 1200/1764/1529 361/1765/1529
f 360/1753/1530 1869/1766/1530 1151/1763/1530
f 1869/1766/1531 375/1756/1531 1180/1767/1531
f 1200/1764/1532 1180/1767/1532 376/1768/1532
f 354/1769/1533 1870/1770/1533 1201/1771/1533
f 1455/1772/1534 1453/1773/1534 82/1774/1534
f 369/1775/1535 1870/1770/1535 1455/1772/1535
f 1454/1776/1536 1456/1777/1536 308/1778/1536
f 368/1759/1537 1871/1779/1537 1454/1776/1537
f 383/1762/1538 1871/1779/1538 1199/1780/1538
f 362/1781/1539 1872/1782/1539 1202/1783/1539
f 1152/1784/1540 1200/1764/1540 1872/1782/1540
f 1200/1764/1541 1181/1785/1541 1872/1782/1541
f 1872/1782/1542 377/1786/1542 1202/1783/1542
f 355/1703/1543 1873/1787/1543 1189/1788/1543
f 1145/1789/1544 1201/1771/1544 1873/1787/1544
f 1201/1771/1545 1174/1790/1545 1873/1787/1545
f 1873/1787/1546 370/1705/1546 1189/1788/1546
f 363/1791/1547 1874/1792/1547 1191/1712/1547
f 1153/1793/1548 1202/1783/1548 1874/1792/1548
f 1202/1783/1549 1182/1794/1549 1874/1792/1549
f 1874/1792/1550 378/1795/1550 1191/1712/1550
f 1179/1796/1551 1217/1797/1551 375/1798/1551
f 374/1799/1552 1875/1800/1552 1179/1796/1552
f 1875/1800/1553 389/1801/1553 1208/1802/1553
f 1217/1797/1554 1208/1802/1554 390/1803/1554
f 1187/1761/1555 1219/1804/1555 383/1762/1555
f 382/1750/1556 1876/1805/1556 1187/1761/1556
f 1876/1805/1557 397/1806/1557 1216/1807/1557
f 1219/1804/1558 1216/1807/1558 398/1808/1558
f 1180/1809/1559 1221/1810/1559 376/1811/1559
f 375/1798/1560 1877/1812/1560 1180/1809/1560
f 1877/1812/1561 390/1803/1561 1209/1813/1561
f 1221/1810/1562 1209/1813/1562 391/1814/1562
f 369/1775/1563 1878/1815/1563 1222/1816/1563
f 1457/1817/1564 1455/1818/1564 82/1819/1564
f 384/1820/1565 1878/1815/1565 1457/1817/1565
f 1456/1821/1566 1458/1822/1566 308/1823/1566
f 383/1762/1567 1879/1824/1567 1456/1821/1567
f 398/1808/1568 1879/1824/1568 1219/1825/1568
f 377/1826/1569 1880/1827/1569 1223/1828/1569
f 1181/1829/1570 1221/1810/1570 1880/1827/1570
f 1221/1810/1571 1210/1830/1571 1880/1827/1571
f 1880/1827/1572 392/1831/1572 1223/1828/1572
f 370/1705/1573 1881/1832/1573 1224/1833/1573
f 1174/1790/1574 1222/1816/1574 1881/1832/1574
f 1222/1816/1575 1203/1834/1575 1881/1832/1575
f 1881/1832/1576 385/1835/1576 1224/1833/1576
f 378/1836/1577 1882/1837/1577 1225/1838/1577
f 1182/1839/1578 1223/1828/1578 1882/1837/1578
f 1223/1828/1579 1211/1840/1579 1882/1837/1579
f 1882/1837/1580 393/1841/1580 1225/1838/1580
f 1175/1842/1581 1226/1843/1581 371/1844/1581
f 370/1845/1582 1883/1846/1582 1175/1842/1582
f 1883/1846/1583 385/1835/1583 1204/1847/1583
f 1226/1843/1584 1204/1847/1584 386/1848/1584
f 379/1849/1585 1884/1850/1585 1227/1851/1585
f 1183/1852/1586 1225/1838/1586 1884/1850/1586
f 1225/1838/1587 1212/1853/1587 1884/1850/1587
f 1884/1850/1588 394/1854/1588 1227/1851/1588
f 1176/1855/1589 1228/1856/1589 372/1857/1589
f 371/1844/1590 1885/1858/1590 1176/1855/1590
f 1885/1858/1591 386/1848/1591 1205/1859/1591
f 1228/1856/1592 1205/1859/1592 387/1860/1592
f 380/1861/1593 1886/1862/1593 1229/1863/1593
f 1184/1864/1594 1227/1851/1594 1886/1862/1594
f 1227/1851/1595 1213/1865/1595 1886/1862/1595
f 1886/1862/1596 395/1866/1596 1229/1863/1596
f 1177/1867/1597 1230/1868/1597 373/1869/1597
f 372/1857/1598 1887/1870/1598 1177/1867/1598
f 1887/1870/1599 387/1860/1599 1206/1871/1599
f 1230/1868/1600 1206/1871/1600 388/1872/1600
f 381/1873/1601 1888/1874/1601 1231/1875/1601
f 1185/1876/1602 1229/1863/1602 1888/1874/1602
f 1229/1863/1603 1214/1877/1603 1888/1874/1603
f 1888/1874/1604 396/1878/1604 1231/1875/1604
f 1178/1879/1605 1218/1880/1605 374/1799/1605
f 373/1869/1606 1889/1881/1606 1178/1879/1606
f 1889/1881/1607 388/1872/1607 1207/1882/1607
f 1218/1880/1608 1207/1882/1608 389/1801/1608
f 382/1883/1609 1890/1884/1609 1220/1885/1609
f 1186/1886/1610 1231/1875/1610 1890/1884/1610
f 1231/1875/1611 1215/1887/1611 1890/1884/1611
f 1890/1884/1612 397/1806/1612 1220/1885/1612
f 394/1854/1613 1891/1888/1613 1246/1889/1613
f 1212/1853/1614 1247/1890/1614 1891/1888/1614
f 1247/1890/1615 1241/1891/1615 1891/1888/1615
f 1891/1888/1616 409/1892/1616 1246/1889/1616
f 1205/1859/1617 1248/1893/1617 387/1860/1617
f 386/1848/1618 1892/1894/1618 1205/1859/1618
f 1892/1894/1619 401/1895/1619 1234/1896/1619
f 1248/1893/1620 1234/1896/1620 402/1897/1620
f 395/1866/1621 1893/1898/1621 1250/1899/1621
f 1213/1865/1622 1246/1889/1622 1893/1898/1622
f 1246/1889/1623 1242/1900/1623 1893/1898/1623
f 1893/1898/1624 410/1901/1624 1250/1899/1624
f 1206/1871/1625 1251/1902/1625 388/1872/1625
f 387/1860/1626 1894/1903/1626 1206/1871/1626
f 1894/1903/1627 402/1897/1627 1235/1904/1627
f 1251/1902/1628 1235/1904/1628 403/1905/1628
f 396/1878/1629 1895/1906/1629 1252/1907/1629
f 1214/1877/1630 1250/1899/1630 1895/1906/1630
f 1250/1899/1631 1243/1908/1631 1895/1906/1631
f 1895/1906/1632 411/1909/1632 1252/1907/1632
f 1207/1882/1633 1253/1910/1633 389/1801/1633
f 388/1872/1634 1896/1911/1634 1207/1882/1634
f 1896/1911/1635 403/1905/1635 1236/1912/1635
f 1253/1910/1636 1236/1912/1636 404/1913/1636
f 397/1806/1637 1897/1914/1637 1254/1915/1637
f 1215/1887/1638 1252/1907/1638 1897/1914/1638
f 1252/1907/1639 1244/1916/1639 1897/1914/1639
f 1897/1914/1640 412/1917/1640 1254/1915/1640
f 1208/1802/1641 1255/1918/1641 390/1803/1641
f 389/1801/1642 1898/1919/1642 1208/1802/1642
f 1898/1919/1643 404/1913/1643 1237/1920/1643
f 1255/1918/1644 1237/1920/1644 405/1921/1644
f 1216/1807/1645 1256/1922/1645 398/1808/1645
f 397/1806/1646 1899/1923/1646 1216/1807/1646
f 1899/1923/1647 412/1924/1647 1245/1925/1647
f 1256/1922/1648 1245/1925/1648 413/1926/1648
f 1209/1813/1649 1257/1927/1649 391/1814/1649
f 390/1803/1650 1900/1928/1650 1209/1813/1650
f 1900/1928/1651 405/1921/1651 1238/1929/1651
f 1257/1927/1652 1238/1929/1652 406/1930/1652
f 384/1820/1653 1901/1931/1653 1258/1932/1653
f 1459/1933/1654 1457/1934/1654 82/1935/1654
f 399/1936/1655 1901/1931/1655 1459/1933/1655
f 1458/1937/1656 1460/1938/1656 308/1939/1656
f 398/1808/1657 1902/1940/1657 1458/1937/1657
f 413/1926/1658 1902/1940/1658 1256/1941/1658
f 392/1831/1659 1903/1942/1659 1259/1943/1659
f 1210/1830/1660 1257/1927/1660 1903/1942/1660
f 1257/1927/1661 1239/1944/1661 1903/1942/1661
f 1903/1942/1662 407/1945/1662 1259/1943/1662
f 385/1835/1663 1904/1946/1663 1260/1947/1663
f 1203/1834/1664 1258/1932/1664 1904/1946/1664
f 1258/1932/1665 1232/1948/1665 1904/1946/1665
f 1904/1946/1666 400/1949/1666 1260/1947/1666
f 393/1841/1667 1905/1950/1667 1247/1890/1667
f 1211/1840/1668 1259/1943/1668 1905/1950/1668
f 1259/1943/1669 1240/1951/1669 1905/1950/1669
f 1905/1950/1670 408/1952/1670 1247/1890/1670
f 1204/1847/1671 1249/1953/1671 386/1848/1671
f 385/1835/1672 1906/1954/1672 1204/1847/1672
f 1906/1954/1673 400/1955/1673 1233/1956/1673
f 1249/1953/1674 1233/1956/1674 401/1895/1674
f 1245/1925/1675 1275/1957/1675 413/1926/1675
f 412/1924/1676 1907/1958/1676 1245/1925/1676
f 1907/1958/1677 427/1959/1677 1274/1960/1677
f 1275/1957/1678 1274/1960/1678 428/1961/1678
f 1238/1929/1679 1277/1962/1679 406/1930/1679
f 405/1921/1680 1908/1963/1680 1238/1929/1680
f 1908/1963/1681 420/1964/1681 1267/1965/1681
f 1277/1962/1682 1267/1965/1682 421/1966/1682
f 399/1936/1683 1909/1967/1683 1279/1968/1683
f 1461/1969/1684 1459/1970/1684 82/1971/1684
f 414/1972/1685 1909/1967/1685 1461/1969/1685
f 1460/1973/1686 1462/1974/1686 308/1975/1686
f 413/1926/1687 1910/1976/1687 1460/1973/1687
f 428/1961/1688 1910/1976/1688 1275/1957/1688
f 407/1945/1689 1911/1977/1689 1280/1978/1689
f 1239/1944/1690 1277/1962/1690 1911/1977/1690
f 1277/1962/1691 1268/1979/1691 1911/1977/1691
f 1911/1977/1692 422/1980/1692 1280/1978/1692
f 400/1949/1693 1912/1981/1693 1281/1982/1693
f 1232/1948/1694 1279/1968/1694 1912/1981/1694
f 1279/1968/1695 1261/1983/1695 1912/1981/1695
f 1912/1981/1696 415/1984/1696 1281/1982/1696
f 408/1952/1697 1913/1985/1697 1282/1986/1697
f 1240/1951/1698 1280/1978/1698 1913/1985/1698
f 1280/1978/1699 1269/1987/1699 1913/1985/1699
f 1913/1985/1700 423/1988/1700 1282/1986/1700
f 1233/1956/1701 1283/1989/1701 401/1895/1701
f 400/1955/1702 1914/1990/1702 1233/1956/1702
f 1914/1990/1703 415/1991/1703 1262/1992/1703
f 1283/1989/1704 1262/1992/1704 416/1993/1704
f 409/1892/1705 1915/1994/1705 1284/1995/1705
f 1241/1891/1706 1282/1986/1706 1915/1994/1706
f 1282/1986/1707 1270/1996/1707 1915/1994/1707
f 1915/1994/1708 424/1997/1708 1284/1995/1708
f 1234/1896/1709 1285/1998/1709 402/1897/1709
f 401/1895/1710 1916/1999/1710 1234/1896/1710
f 1916/1999/1711 416/1993/1711 1263/2000/1711
f 1285/1998/1712 1263/2000/1712 417/2001/1712
f 410/1901/1713 1917/2002/1713 1286/2003/1713
f 1242/1900/1714 1284/1995/1714 1917/2002/1714
f 1284/1995/1715 1271/2004/1715 1917/2002/1715
f 1917/2002/1716 425/2005/1716 1286/2003/1716
f 1235/1904/1717 1287/2006/1717 403/1905/1717
f 402/1897/1718 1918/2007/1718 1235/1904/1718
f 1918/2007/1719 417/2001/1719 1264/2008/1719
f 1287/2006/1720 1264/2008/1720 418/2009/1720
f 411/1909/1721 1919/2010/1721 1288/2011/1721
f 1243/1908/1722 1286/2003/1722 1919/2010/1722
f 1286/2003/1723 1272/2012/1723 1919/2010/1723
f 1919/2010/1724 426/2013/1724 1288/2011/1724
f 1236/1912/1725 1289/2014/1725 404/1913/1725
f 403/1905/1726 1920/2015/1726 1236/1912/1726
f 1920/2015/1727 418/2009/1727 1265/2016/1727
f 1289/2014/1728 1265/2016/1728 419/2017/1728
f 412/1917/1729 1921/2018/1729 1276/2019/1729
f 1244/1916/1730 1288/2011/1730 1921/2018/1730
f 1288/2011/1731 1273/2020/1731 1921/2018/1731
f 1921/2018/1732 427/1959/1732 1276/2019/1732
f 1237/1920/1733 1278/2021/1733 405/1921/1733
f 404/1913/1734 1922/2022/1734 1237/1920/1734
f 1922/2022/1735 419/2017/1735 1266/2023/1735
f 1278/2021/1736 1266/2023/1736 420/1964/1736
f 1263/2000/1737 1304/2024/1737 417/2001/1737
f 416/1993/1738 1923/2025/1738 1263/2000/1738
f 1923/2025/1739 431/2026/1739 1292/2027/1739
f 1304/2024/1740 1292/2027/1740 432/2028/1740
f 425/2005/1741 1924/2029/1741 1306/2030/1741
f 1271/2004/1742 1307/2031/1742 1924/2029/1742
f 1307/2031/1743 1300/2032/1743 1924/2029/1743
f 1924/2029/1744 440/2033/1744 1306/2030/1744
f 1264/2008/1745 1308/2034/1745 418/2009/1745
f 417/2001/1746 1925/2035/1746 1264/2008/1746
f 1925/2035/1747 432/2028/1747 1293/2036/1747
f 1308/2034/1748 1293/2036/1748 433/2037/1748
f 426/2013/1749 1926/2038/1749 1309/2039/1749
f 1272/2012/1750 1306/2030/1750 1926/2038/1750
f 1306/2030/1751 1301/2040/1751 1926/2038/1751
f 1926/2038/1752 441/2041/1752 1309/2039/1752
f 1265/2016/1753 1310/2042/1753 419/2017/1753
f 418/2009/1754 1927/2043/1754 1265/2016/1754
f 1927/2043/1755 433/2037/1755 1294/2044/1755
f 1310/2042/1756 1294/2044/1756 434/2045/1756
f 427/1959/1757 1928/2046/1757 1311/2047/1757
f 1273/2020/1758 1309/2039/1758 1928/2046/1758
f 1309/2039/1759 1302/2048/1759 1928/2046/1759
f 1928/2046/1760 442/2049/1760 1311/2047/1760
f 1266/2023/1761 1312/2050/1761 420/1964/1761
f 419/2017/1762 1929/2051/1762 1266/2023/1762
f 1929/2051/1763 434/2045/1763 1295/2052/1763
f 1312/2050/1764 1295/2052/1764 435/2053/1764
f 1274/1960/1765 1313/2054/1765 428/1961/1765
f 427/1959/1766 1930/2055/1766 1274/1960/1766
f 1930/2055/1767 442/2056/1767 1303/2057/1767
f 1313/2054/1768 1303/2057/1768 443/2058/1768
f 1267/1965/1769 1314/2059/1769 421/1966/1769
f 420/1964/1770 1931/2060/1770 1267/1965/1770
f 1931/2060/1771 435/2053/1771 1296/2061/1771
f 1314/2059/1772 1296/2061/1772 436/2062/1772
f 414/1972/1773 1932/2063/1773 1315/2064/1773
f 1463/2065/1774 1461/2066/1774 82/2067/1774
f 429/2068/1775 1932/2063/1775 1463/2065/1775
f 1462/2069/1776 1464/2070/1776 308/2071/1776
f 428/1961/1777 1933/2072/1777 1462/2073/1777
f 443/2058/1778 1933/2072/1778 1313/2074/1778
f 422/1980/1779 1934/2075/1779 1316/2076/1779
f 1268/1979/1780 1314/2059/1780 1934/2075/1780
f 1314/2059/1781 1297/2077/1781 1934/2075/1781
f 1934/2075/1782 437/2078/1782 1316/2076/1782
f 415/1984/1783 1935/2079/1783 1317/2080/1783
f 1261/1983/1784 1315/2064/1784 1935/2079/1784
f 1315/2064/1785 1290/2081/1785 1935/2079/1785
f 1935/2079/1786 430/2082/1786 1317/2080/1786
f 423/1988/1787 1936/2083/1787 1318/2084/1787
f 1269/1987/1788 1316/2076/1788 1936/2083/1788
f 1316/2076/1789 1298/2085/1789 1936/2083/1789
f 1936/2083/1790 438/2086/1790 1318/2084/1790
f 1262/1992/1791 1305/2087/1791 416/1993/1791
f 415/1991/1792 1937/2088/1792 1262/1992/1792
f 1937/2088/1793 430/2089/1793 1291/2090/1793
f 1305/2087/1794 1291/2090/1794 431/2026/1794
f 424/1997/1795 1938/2091/1795 1307/2031/1795
f 1270/1996/1796 1318/2084/1796 1938/2091/1796
f 1318/2084/1797 1299/2092/1797 1938/2091/1797
f 1938/2091/1798 439/2093/1798 1307/2031/1798
f 1296/2061/1799 1333/2094/1799 436/2062/1799
f 435/2053/1800 1939/2095/1800 1296/2061/1800
f 1939/2095/1801 450/2096/1801 1325/2097/1801
f 1333/2094/1802 1325/2097/1802 451/2098/1802
f 429/2068/1803 1940/2099/1803 1335/2100/1803
f 1465/2101/1804 1463/2102/1804 82/2103/1804
f 444/2104/1805 1940/2099/1805 1465/2105/1805
f 1464/2106/1806 1466/2107/1806 308/2108/1806
f 443/2058/1807 1941/2109/1807 1464/2106/1807
f 458/2110/1808 1941/2109/1808 1336/2111/1808
f 437/2078/1809 1942/2112/1809 1337/2113/1809
f 1297/2077/1810 1333/2094/1810 1942/2112/1810
f 1333/2094/1811 1326/2114/1811 1942/2112/1811
f 1942/2112/1812 452/2115/1812 1337/2113/1812
f 430/2082/1813 1943/2116/1813 1338/2117/1813
f 1290/2081/1814 1335/2100/1814 1943/2116/1814
f 1335/2100/1815 1319/2118/1815 1943/2116/1815
f 1943/2116/1816 445/2119/1816 1338/2117/1816
f 438/2086/1817 1944/2120/1817 1339/2121/1817
f 1298/2085/1818 1337/2113/1818 1944/2120/1818
f 1337/2113/1819 1327/2122/1819 1944/2120/1819
f 1944/2120/1820 453/2123/1820 1339/2121/1820
f 1291/2090/1821 1340/2124/1821 431/2026/1821
f 430/2089/1822 1945/2125/1822 1291/2090/1822
f 1945/2125/1823 445/2119/1823 1320/2126/1823
f 1340/2124/1824 1320/2126/1824 446/2127/1824
f 439/2093/1825 1946/2128/1825 1341/2129/1825
f 1299/2092/1826 1339/2121/1826 1946/2128/1826
f 1339/2121/1827 1328/2130/1827 1946/2128/1827
f 1946/2128/1828 454/2131/1828 1341/2129/1828
f 1292/2027/1829 1342/2132/1829 432/2028/1829
f 431/2026/1830 1947/2133/1830 1292/2027/1830
f 1947/2133/1831 446/2127/1831 1321/2134/1831
f 1342/2132/1832 1321/2134/1832 447/2135/1832
f 440/2033/1833 1948/2136/1833 1343/2137/1833
f 1300/2032/1834 1341/2129/1834 1948/2136/1834
f 1341/2129/1835 1329/2138/1835 1948/2136/1835
f 1948/2136/1836 455/2139/1836 1343/2137/1836
f 1293/2036/1837 1344/2140/1837 433/2037/1837
f 432/2028/1838 1949/2141/1838 1293/2036/1838
f 1949/2141/1839 447/2135/1839 1322/2142/1839
f 1344/2140/1840 1322/2142/1840 448/2143/1840
f 441/2041/1841 1950/2144/1841 1345/2145/1841
f 1301/2040/1842 1343/2137/1842 1950/2144/1842
f 1343/2137/1843 1330/2146/1843 1950/2144/1843
f 1950/2144/1844 456/2147/1844 1345/2145/1844
f 1294/2044/1845 1346/2148/1845 434/2045/1845
f 433/2037/1846 1951/2149/1846 1294/2044/1846
f 1951/2149/1847 448/2143/1847 1323/2150/1847
f 1346/2148/1848 1323/2150/1848 449/2151/1848
f 442/2049/1849 1952/2152/1849 1347/2153/1849
f 1302/2048/1850 1345/2145/1850 1952/2152/1850
f 1345/2145/1851 1331/2154/1851 1952/2152/1851
f 1952/2152/1852 457/2155/1852 1347/2153/1852
f 1295/2052/1853 1334/2156/1853 435/2053/1853
f 434/2045/1854 1953/2157/1854 1295/2052/1854
f 1953/2157/1855 449/2151/1855 1324/2158/1855
f 1334/2156/1856 1324/2158/1856 450/2096/1856
f 1303/2057/1857 1336/2159/1857 443/2058/1857
f 442/2056/1858 1954/2160/1858 1303/2057/1858
f 1954/2160/1859 457/2161/1859 1332/2162/1859
f 1336/2159/1860 1332/2162/1860 458/2110/1860
f 455/2139/1861 1955/2163/1861 1362/2164/1861
f 1329/2138/1862 1363/2165/1862 1955/2163/1862
f 1363/2165/1863 1358/2166/1863 1955/2163/1863
f 1955/2163/1864 470/2167/1864 1362/2164/1864
f 1322/2142/1865 1364/2168/1865 448/2143/1865
f 447/2135/1866 1956/2169/1866 1322/2142/1866
f 1956/2169/1867 462/2170/1867 1351/2171/1867
f 1364/2168/1868 1351/2171/1868 463/2172/1868
f 456/2147/1869 1957/2173/1869 1366/2174/1869
f 1330/2146/1870 1362/2164/1870 1957/2173/1870
f 1362/2164/1871 1359/2175/1871 1957/2173/1871
f 1957/2173/1872 471/2176/1872 1366/2174/1872
f 1323/2150/1873 1367/2177/1873 449/2151/1873
f 448/2143/1874 1958/2178/1874 1323/2150/1874
f 1958/2178/1875 463/2172/1875 1352/2179/1875
f 1367/2177/1876 1352/2179/1876 464/2180/1876
f 457/2155/1877 1959/2181/1877 1368/2182/1877
f 1331/2154/1878 1366/2174/1878 1959/2181/1878
f 1366/2174/1879 1360/2183/1879 1959/2181/1879
f 1959/2181/1880 472/2184/1880 1368/2182/1880
f 1324/2158/1881 1369/2185/1881 450/2096/1881
f 449/2151/1882 1960/2186/1882 1324/2158/1882
f 1960/2186/1883 464/2180/1883 1353/2187/1883
f 1369/2185/1884 1353/2187/1884 465/2188/1884
f 1332/2162/1885 1370/2189/1885 458/2110/1885
f 457/2161/1886 1961/2190/1886 1332/2162/1886
f 1961/2190/1887 472/2191/1887 1361/2192/1887
f 1370/2189/1888 1361/2192/1888 473/2193/1888
f 1325/2097/1889 1371/2194/1889 451/2098/1889
f 450/2096/1890 1962/2195/1890 1325/2097/1890
f 1962/2195/1891 465/2188/1891 1354/2196/1891
f 1371/2194/1892 1354/2196/1892 466/2197/1892
f 444/2104/1893 1963/2198/1893 1372/2199/1893
f 1467/2200/1894 1465/2201/1894 82/2202/1894
f 459/2203/1895 1963/2198/1895 1467/2200/1895
f 1466/2204/1896 1468/2205/1896 308/2206/1896
f 458/2110/1897 1964/2207/1897 1466/2208/1897
f 473/2193/1898 1964/2207/1898 1370/2209/1898
f 452/2115/1899 1965/2210/1899 1373/2211/1899
f 1326/2114/1900 1371/2194/1900 1965/2210/1900
f 1371/2194/1901 1355/2212/1901 1965/2210/1901
f 1965/2210/1902 467/2213/1902 1373/2211/1902
f 445/2119/1903 1966/2214/1903 1374/2215/1903
f 1319/2118/1904 1372/2199/1904 1966/2214/1904
f 1372/2199/1905 1348/2216/1905 1966/2214/1905
f 1966/2214/1906 460/2217/1906 1374/2215/1906
f 453/2123/1907 1967/2218/1907 1375/2219/1907
f 1327/2122/1908 1373/2211/1908 1967/2218/1908
f 1373/2211/1909 1356/2220/1909 1967/2218/1909
f 1967/2218/1910 468/2221/1910 1375/2219/1910
f 1320/2126/1911 1376/2222/1911 446/2127/1911
f 445/2119/1912 1968/2223/1912 1320/2126/1912
f 1968/2223/1913 460/2224/1913 1349/2225/1913
f 1376/2222/1914 1349/2225/1914 461/2226/1914
f 454/2131/1915 1969/2227/1915 1363/2165/1915
f 1328/2130/1916 1375/2219/1916 1969/2227/1916
f 1375/2219/1917 1357/2228/1917 1969/2227/1917
f 1969/2227/1918 469/2229/1918 1363/2165/1918
f 1321/2134/1919 1365/2230/1919 447/2135/1919
f 446/2127/1920 1970/2231/1920 1321/2134/1920
f 1970/2231/1921 461/2226/1921 1350/2232/1921
f 1365/2230/1922 1350/2232/1922 462/2170/1922
f 1468/2233/1923 1399/2234/1923 308/2235/1923
f 473/2193/1924 1971/2236/1924 1468/2237/1924
f 482/11/1925 1971/2236/1925 1381/2238/1925
f 467/2213/1926 1972/2239/1926 1469/2240/1926
f 1355/2212/1927 1470/2241/1927 1972/2239/1927
f 1470/2241/1928 484/19/1928 1972/2239/1928
f 1972/2239/1929 5/16/1929 1469/2240/1929
f 460/2217/1930 1973/2242/1930 1382/2243/1930
f 1348/2216/1931 1383/2244/1931 1973/2242/1931
f 1383/2244/1932 1377/26/1932 1973/2242/1932
f 1973/2242/1933 475/23/1933 1382/2243/1933
f 468/2221/1934 1974/2245/1934 1384/2246/1934
f 1356/2220/1935 1469/2240/1935 1974/2245/1935
f 1469/2240/1936 1396/32/1936 1974/2245/1936
f 1974/2245/1937 478/29/1937 1384/2246/1937
f 1349/2225/1938 1471/2247/1938 461/2226/1938
f 460/2224/1939 1975/2248/1939 1349/2225/1939
f 1975/2248/1940 475/38/1940 1391/35/1940
f 1471/2247/1941 1391/35/1941 1/37/1941
f 469/2229/1942 1976/2249/1942 1472/2250/1942
f 1357/2228/1943 1384/2246/1943 1976/2249/1943
f 1384/2246/1944 1397/46/1944 1976/2249/1944
f 1976/2249/1945 6/43/1945 1472/2250/1945
f 1350/2232/1946 1385/2251/1946 462/2170/1946
f 461/2226/1947 1977/2252/1947 1350/2232/1947
f 1977/2252/1948 1/37/1948 1392/49/1948
f 1385/2251/1949 1392/49/1949 476/51/1949
f 470/2167/1950 1978/2253/1950 1386/2254/1950
f 1358/2166/1951 1472/2250/1951 1978/2253/1951
f 1472/2250/1952 1398/58/1952 1978/2253/1952
f 1978/2253/1953 479/55/1953 1386/2254/1953
f 1351/2171/1954 1473/2255/1954 463/2172/1954
f 462/2170/1955 1979/2256/1955 1351/2171/1955
f 1979/2256/1956 476/51/1956 1393/61/1956
f 1473/2255/1957 1393/61/1957 2/63/1957
f 471/2176/1958 1980/2257/1958 1387/2258/1958
f 1359/2175/1959 1386/2254/1959 1980/2257/1959
f 1386/2254/1960 1378/70/1960 1980/2257/1960
f 1980/2257/1961 480/67/1961 1387/2258/1961
f 1352/2179/1962 1388/2259/1962 464/2180/1962
f 463/2172/1963 1981/2260/1963 1352/2179/1963
f 1981/2260/1964 2/63/1964 1394/73/1964
f 1388/2259/1965 1394/73/1965 477/75/1965
f 472/2184/1966 1982/2261/1966 1389/2262/1966
f 1360/2183/1967 1387/2258/1967 1982/2261/1967
f 1387/2258/1968 1379/82/1968 1982/2261/1968
f 1982/2261/1969 481/79/1969 1389/2262/1969
f 1353/2187/1970 1474/2263/1970 465/2188/1970
f 464/2180/1971 1983/2264/1971 1353/2187/1971
f 1983/2264/1972 477/75/1972 1395/85/1972
f 1474/2263/1973 1395/85/1973 3/87/1973
f 1361/2192/1974 1381/2265/1974 473/2193/1974
f 472/2191/1975 1984/2266/1975 1361/2192/1975
f 1984/2266/1976 481/93/1976 1380/91/1976
f 1381/2265/1977 1380/91/1977 482/11/1977
f 1354/2196/1978 1470/2241/1978 466/2197/1978
f 465/2188/1979 1985/2267/1979 1354/2196/1979
f 1985/2267/1980 3/87/1980 483/97/1980
f 1470/2241/1981 483/97/1981 4/98/1981
f 459/2203/1982 1986/2268/1982 1383/2244/1982
f 1390/2269/1983 1467/2270/1983 82/2271/1983
f 474/1/1984 1986/2268/1984 1390/2269/1984
f 474/1/1985 1390/2272/1985 1475/2/1985
f 1400/4/1986 1475/2/1986 1390/5/1986
f 7/7/1987 1402/2273/1987 1475/2/1987
f 1399/8/1988 1476/12/1988 1401/9/1988
f 482/11/1989 1403/2274/1989 1476/12/1989
f 21/14/1990 1401/9/1990 1476/12/1990
f 5/16/7 484/19/7 1477/17/7
f 484/19/1991 4/98/1991 500/20/1991
f 500/20/1992 14/101/1992 492/21/1992
f 1477/17/10 492/21/10 15/22/10
f 475/23/1993 1377/26/1993 1478/24/1993
f 1377/26/1994 474/1/1994 1402/3/1994
f 1402/3/1995 7/7/1995 485/27/1995
f 1478/24/1996 485/27/1996 8/28/1996
f 478/29/15 1396/32/15 1479/30/15
f 1396/32/1997 5/16/1997 499/18/1997
f 499/18/17 15/22/17 493/33/17
f 1479/30/18 493/33/18 16/34/18
f 1391/35/19 1480/39/19 501/36/19
f 475/38/20 1404/25/20 1480/39/20
f 1480/39/21 1404/25/21 8/40/21
f 501/36/22 1480/39/22 486/41/22
f 6/43/23 1397/46/23 1481/44/23
f 1397/46/24 478/29/24 1405/31/24
f 1405/31/25 16/34/25 494/47/25
f 1481/44/26 494/47/26 17/48/26
f 1392/49/27 1482/52/27 1406/50/27
f 1/37/28 501/36/28 1482/52/28
f 1482/52/29 501/36/29 9/42/29
f 1406/50/30 1482/52/30 487/53/30
f 479/55/31 1398/58/31 1483/56/31
f 1398/58/1998 6/43/1998 502/45/1998
f 502/45/33 17/48/33 495/59/33
f 1483/56/34 495/59/34 18/60/34
f 1393/61/35 1484/64/35 503/62/35
f 476/51/36 1406/50/36 1484/64/36
f 1484/64/37 1406/50/37 10/54/37
f 503/62/38 1484/64/38 488/65/38
f 480/67/39 1378/70/39 1485/68/39
f 1378/70/40 479/55/40 1407/57/40
f 1407/57/41 18/60/41 496/71/41
f 1485/68/42 496/71/42 19/72/42
f 1394/73/43 1486/76/43 1409/74/43
f 2/63/44 503/62/44 1486/76/44
f 1486/76/45 503/62/45 11/66/45
f 1409/74/46 1486/76/46 489/77/46
f 481/79/47 1379/82/47 1487/80/47
f 1379/82/48 480/67/48 1408/69/48
f 1408/69/49 19/72/49 497/83/49
f 1487/80/50 497/83/50 20/84/50
f 1395/85/51 1488/88/51 504/86/51
f 477/75/52 1409/74/52 1488/88/52
f 1488/88/53 1409/74/53 12/78/53
f 504/86/54 1488/88/54 490/89/54
f 1380/91/1999 1489/94/1999 1403/92/1999
f 481/93/2000 1410/2275/2000 1489/94/2000
f 1489/94/2001 1410/2275/2001 20/95/2001
f 1403/92/2002 1489/94/2002 498/96/2002
f 483/97/2003 1490/99/2003 500/20/2003
f 3/87/60 504/86/60 1490/99/60
f 1490/99/61 504/86/61 13/90/61
f 500/20/2004 1490/99/2004 491/100/2004
f 490/89/63 1491/103/63 519/102/63
f 12/78/64 520/165/64 1491/103/64
f 1491/103/65 520/165/65 27/104/65
f 519/102/66 1491/103/66 510/105/66
f 498/96/2005 1492/108/2005 521/107/2005
f 20/95/2006 522/2276/2006 1492/108/2006
f 1492/108/2007 522/2276/2007 35/109/2007
f 521/107/2008 1492/108/2008 518/110/2008
f 491/100/2009 1493/113/2009 523/112/2009
f 13/90/72 519/102/72 1493/113/72
f 1493/113/2010 519/102/2010 28/106/2010
f 523/112/74 1493/113/74 511/114/74
f 7/7/2011 1400/2277/2011 1494/116/2011
f 1411/118/2012 1494/116/2012 1400/119/2012
f 22/121/2013 524/2278/2013 1494/116/2013
f 1401/123/2014 1495/126/2014 1412/124/2014
f 21/14/2015 521/107/2015 1495/126/2015
f 36/111/2016 1412/2279/2016 1495/126/2016
f 15/22/81 492/21/81 1496/128/81
f 492/21/82 14/101/82 523/112/82
f 523/112/83 29/115/83 512/130/83
f 1496/128/84 512/130/84 30/131/84
f 8/28/2017 485/27/2017 1497/132/2017
f 485/27/2018 7/7/2018 524/117/2018
f 524/117/2019 22/121/2019 505/134/2019
f 1497/132/2020 505/134/2020 23/135/2020
f 16/34/89 493/33/89 1498/136/89
f 493/33/90 15/22/90 525/129/90
f 525/129/91 30/131/91 513/138/91
f 1498/136/92 513/138/92 31/139/92
f 486/41/93 1499/141/93 528/140/93
f 8/40/94 526/2280/94 1499/141/94
f 1499/141/95 526/2280/95 23/142/95
f 528/140/96 1499/141/96 506/143/96
f 17/48/97 494/47/97 1500/145/97
f 494/47/98 16/34/98 527/137/98
f 527/137/99 31/139/99 514/147/99
f 1500/145/2021 514/147/2021 32/148/2021
f 487/53/101 1501/150/101 530/149/101
f 9/42/102 528/140/102 1501/150/102
f 1501/150/103 528/140/103 24/144/103
f 530/149/104 1501/150/104 507/151/104
f 18/60/105 495/59/105 1502/153/105
f 495/59/106 17/48/106 529/146/106
f 529/146/107 32/148/107 515/155/107
f 1502/153/108 515/155/108 33/156/108
f 488/65/109 1503/158/109 532/157/109
f 10/54/110 530/149/110 1503/158/110
f 1503/158/111 530/149/111 25/152/111
f 532/157/112 1503/158/112 508/159/112
f 19/72/113 496/71/113 1504/161/113
f 496/71/114 18/60/114 531/154/114
f 531/154/115 33/156/115 516/163/115
f 1504/161/116 516/163/116 34/164/116
f 489/77/117 1505/166/117 520/165/117
f 11/66/118 532/157/118 1505/166/118
f 1505/166/119 532/157/119 26/160/119
f 520/165/120 1505/166/120 509/167/120
f 20/84/121 497/83/121 1506/168/121
f 497/83/122 19/72/122 533/162/122
f 533/162/123 34/164/123 517/170/123
f 1506/168/124 517/170/124 35/171/124
f 32/148/125 514/147/125 1507/172/125
f 514/147/126 31/139/126 549/174/126
f 549/174/127 46/236/127 543/175/127
f 1507/172/2022 543/175/2022 47/176/2022
f 507/151/129 1508/178/129 550/177/129
f 24/144/130 551/237/130 1508/178/130
f 1508/178/131 551/237/131 39/179/131
f 550/177/132 1508/178/132 536/180/132
f 33/156/133 515/155/133 1509/182/133
f 515/155/134 32/148/134 548/173/134
f 548/173/135 47/176/135 544/184/135
f 1509/182/136 544/184/136 48/185/136
f 508/159/137 1510/187/137 553/186/137
f 25/152/138 550/177/138 1510/187/138
f 1510/187/139 550/177/139 40/181/139
f 553/186/140 1510/187/140 537/188/140
f 34/164/141 516/163/141 1511/190/141
f 516/163/142 33/156/142 552/183/142
f 552/183/143 48/185/143 545/192/143
f 1511/190/144 545/192/144 49/193/144
f 509/167/145 1512/195/145 555/194/145
f 26/160/146 553/186/146 1512/195/146
f 1512/195/147 553/186/147 41/189/147
f 555/194/148 1512/195/148 538/196/148
f 35/171/149 517/170/149 1513/198/149
f 517/170/150 34/164/150 554/191/150
f 554/191/151 49/193/151 546/200/151
f 1513/198/152 546/200/152 50/201/152
f 510/105/153 1514/203/153 557/202/153
f 27/104/154 555/194/154 1514/203/154
f 1514/203/155 555/194/155 42/197/155
f 557/202/156 1514/203/156 539/204/156
f 518/110/2023 1515/207/2023 558/206/2023
f 35/109/2024 556/199/2024 1515/207/2024
f 1515/207/2025 556/199/2025 50/201/2025
f 558/206/2026 1515/207/2026 547/208/2026
f 511/114/2027 1516/211/2027 559/210/2027
f 28/106/162 557/202/162 1516/211/162
f 1516/211/163 557/202/163 43/205/163
f 559/210/2028 1516/211/2028 540/212/2028
f 22/121/2029 1411/2281/2029 1517/214/2029
f 1413/216/2030 1517/214/2030 1411/217/2030
f 37/219/2031 560/2282/2031 1517/214/2031
f 1412/220/2032 1518/223/2032 1414/221/2032
f 36/111/2033 558/2283/2033 1518/223/2033
f 51/209/2034 1414/221/2034 1518/223/2034
f 30/131/171 512/130/171 1519/226/171
f 512/130/172 29/115/172 559/210/172
f 559/210/173 44/213/173 541/228/173
f 1519/226/174 541/228/174 45/229/174
f 23/135/2035 505/134/2035 1520/230/2035
f 505/134/2036 22/121/2036 560/215/2036
f 560/215/2037 37/219/2037 534/232/2037
f 1520/230/2038 534/232/2038 38/233/2038
f 31/139/179 513/138/179 1521/234/179
f 513/138/180 30/131/180 561/227/180
f 561/227/2039 45/229/2039 542/235/2039
f 1521/234/182 542/235/182 46/236/182
f 506/143/183 1522/238/183 551/237/183
f 23/142/184 562/2284/184 1522/238/184
f 1522/238/185 562/2284/185 38/233/185
f 551/237/186 1522/238/186 535/239/186
f 547/208/2040 1523/241/2040 577/240/2040
f 50/201/2041 578/2285/2041 1523/241/2041
f 1523/241/2042 578/2285/2042 65/242/2042
f 577/240/2043 1523/241/2043 576/243/2043
f 540/212/191 1524/246/191 579/245/191
f 43/205/192 580/308/192 1524/246/192
f 1524/246/193 580/308/193 58/247/193
f 579/245/194 1524/246/194 569/248/194
f 37/219/2044 1413/2286/2044 1525/250/2044
f 1415/252/2045 1525/250/2045 1413/253/2045
f 52/255/2046 581/2287/2046 1525/250/2046
f 1414/257/2047 1526/260/2047 1416/258/2047
f 51/209/2048 577/2288/2048 1526/260/2048
f 66/244/2049 1416/2289/2049 1526/260/2049
f 45/229/201 541/228/201 1527/263/201
f 541/228/202 44/213/202 579/245/202
f 579/245/203 59/249/203 570/265/203
f 1527/263/204 570/265/204 60/266/204
f 38/233/2050 534/232/2050 1528/267/2050
f 534/232/2051 37/219/2051 581/251/2051
f 581/251/2052 52/255/2052 563/269/2052
f 1528/267/2053 563/269/2053 53/270/2053
f 46/236/209 542/235/209 1529/271/209
f 542/235/210 45/229/210 582/264/210
f 582/264/211 60/266/211 571/273/211
f 1529/271/212 571/273/212 61/274/212
f 535/239/2054 1530/276/2054 585/275/2054
f 38/233/214 583/2290/214 1530/276/214
f 1530/276/215 583/2290/215 53/277/215
f 585/275/216 1530/276/216 564/278/216
f 47/176/217 543/175/217 1531/280/217
f 543/175/218 46/236/218 584/272/218
f 584/272/219 61/274/219 572/282/219
f 1531/280/220 572/282/220 62/283/220
f 536/180/221 1532/285/221 587/284/221
f 39/179/222 585/275/222 1532/285/222
f 1532/285/223 585/275/223 54/279/223
f 587/284/224 1532/285/224 565/286/224
f 48/185/225 544/184/225 1533/288/225
f 544/184/226 47/176/226 586/281/226
f 586/281/227 62/283/227 573/290/227
f 1533/288/228 573/290/228 63/291/228
f 537/188/229 1534/293/229 589/292/229
f 40/181/230 587/284/230 1534/293/230
f 1534/293/231 587/284/231 55/287/231
f 589/292/232 1534/293/232 566/294/232
f 49/193/233 545/192/233 1535/296/233
f 545/192/234 48/185/234 588/289/234
f 588/289/235 63/291/235 574/298/235
f 1535/296/236 574/298/236 64/299/236
f 538/196/237 1536/301/237 591/300/237
f 41/189/238 589/292/238 1536/301/238
f 1536/301/239 589/292/239 56/295/239
f 591/300/240 1536/301/240 567/302/240
f 50/201/241 546/200/241 1537/304/241
f 546/200/242 49/193/242 590/297/242
f 590/297/243 64/299/243 575/306/243
f 1537/304/244 575/306/244 65/307/244
f 539/204/245 1538/309/245 580/308/245
f 42/197/246 591/300/246 1538/309/246
f 1538/309/247 591/300/247 57/303/247
f 580/308/248 1538/309/248 568/310/248
f 63/291/249 573/290/249 1539/311/249
f 573/290/250 62/283/250 607/313/250
f 607/313/251 77/376/251 602/314/251
f 1539/311/252 602/314/252 78/315/252
f 566/294/253 1540/317/253 608/316/253
f 55/287/254 609/377/254 1540/317/254
f 1540/317/255 609/377/255 70/318/255
f 608/316/256 1540/317/256 595/319/256
f 64/299/257 574/298/257 1541/321/257
f 574/298/2055 63/291/2055 606/312/2055
f 606/312/259 78/315/259 603/323/259
f 1541/321/260 603/323/260 79/324/260
f 567/302/261 1542/326/261 611/325/261
f 56/295/262 608/316/262 1542/326/262
f 1542/326/263 608/316/263 71/320/263
f 611/325/2056 1542/326/2056 596/327/2056
f 65/307/265 575/306/265 1543/329/265
f 575/306/266 64/299/266 610/322/266
f 610/322/267 79/324/267 604/331/267
f 1543/329/268 604/331/268 80/332/268
f 568/310/269 1544/334/269 613/333/269
f 57/303/270 611/325/270 1544/334/270
f 1544/334/271 611/325/271 72/328/271
f 613/333/272 1544/334/272 597/335/272
f 576/243/2057 1545/338/2057 614/337/2057
f 65/242/2058 612/330/2058 1545/338/2058
f 1545/338/2059 612/330/2059 80/339/2059
f 614/337/2060 1545/338/2060 605/340/2060
f 569/248/277 1546/343/277 615/342/277
f 58/247/278 613/333/278 1546/343/278
f 1546/343/279 613/333/279 73/336/279
f 615/342/280 1546/343/280 598/344/280
f 52/255/2061 1415/349/2061 1547/346/2061
f 1417/348/2062 1547/346/2062 1415/349/2062
f 67/351/2063 616/2291/2063 1547/346/2063
f 1416/353/2064 1548/356/2064 1418/354/2064
f 66/244/2065 614/2292/2065 1548/356/2065
f 81/341/2066 1418/2293/2066 1548/356/2066
f 60/266/287 570/265/287 1549/357/287
f 570/265/288 59/249/288 615/342/288
f 615/342/289 74/345/289 599/359/289
f 1549/357/290 599/359/290 75/360/290
f 53/270/2067 563/269/2067 1550/361/2067
f 563/269/2068 52/255/2068 616/347/2068
f 616/347/2069 67/351/2069 592/363/2069
f 1550/361/2070 592/363/2070 68/364/2070
f 61/274/295 571/273/295 1551/365/295
f 571/273/296 60/266/296 617/358/296
f 617/358/297 75/360/297 600/367/297
f 1551/365/298 600/367/298 76/368/298
f 564/278/299 1552/370/299 620/369/299
f 53/277/2071 618/2294/2071 1552/370/2071
f 1552/370/301 618/2294/301 68/371/301
f 620/369/302 1552/370/302 593/372/302
f 62/283/303 572/282/303 1553/374/303
f 572/282/304 61/274/304 619/366/304
f 619/366/305 76/368/305 601/375/305
f 1553/374/306 601/375/306 77/376/306
f 565/286/2072 1554/378/2072 609/377/2072
f 54/279/308 620/369/308 1554/378/308
f 1554/378/309 620/369/309 69/373/309
f 609/377/310 1554/378/310 594/379/310
f 67/351/2073 1417/2295/2073 1555/380/2073
f 621/382/2074 1555/380/2074 1417/383/2074
f 83/385/2075 636/2296/2075 1555/380/2075
f 1418/386/2076 1556/389/2076 1419/387/2076
f 81/341/2077 637/442/2077 1556/389/2077
f 97/391/2078 1419/387/2078 1556/389/2078
f 75/360/317 599/359/317 1557/393/317
f 599/359/318 74/345/318 639/395/318
f 639/395/319 90/448/319 629/396/319
f 1557/393/320 629/396/320 91/397/320
f 68/364/2079 592/363/2079 1558/398/2079
f 592/363/2080 67/351/2080 636/381/2080
f 636/381/2081 83/385/2081 622/400/2081
f 1558/398/2082 622/400/2082 84/401/2082
f 76/368/325 600/367/325 1559/402/325
f 600/367/326 75/360/326 638/394/326
f 638/394/327 91/397/327 630/404/327
f 1559/402/328 630/404/328 92/405/328
f 593/372/329 1560/407/329 642/406/329
f 68/371/330 640/2297/330 1560/407/330
f 1560/407/331 640/2297/331 84/401/331
f 642/406/332 1560/407/332 623/408/332
f 77/376/333 601/375/333 1561/410/333
f 601/375/334 76/368/334 641/403/334
f 641/403/335 92/405/335 631/412/335
f 1561/410/336 631/412/336 93/413/336
f 594/379/337 1562/415/337 644/414/337
f 69/373/338 642/406/338 1562/415/338
f 1562/415/339 642/406/339 85/409/339
f 644/414/340 1562/415/340 624/416/340
f 78/315/341 602/314/341 1563/418/341
f 602/314/342 77/376/342 643/411/342
f 643/411/343 93/413/343 632/420/343
f 1563/418/344 632/420/344 94/421/344
f 595/319/345 1564/423/345 646/422/345
f 70/318/346 644/414/346 1564/423/346
f 1564/423/347 644/414/347 86/417/347
f 646/422/348 1564/423/348 625/424/348
f 79/324/349 603/323/349 1565/426/349
f 603/323/350 78/315/350 645/419/350
f 645/419/351 94/421/351 633/428/351
f 1565/426/352 633/428/352 95/429/352
f 596/327/353 1566/431/353 648/430/353
f 71/320/354 646/422/354 1566/431/354
f 1566/431/355 646/422/355 87/425/355
f 648/430/356 1566/431/356 626/432/356
f 80/332/357 604/331/357 1567/434/357
f 604/331/358 79/324/358 647/427/358
f 647/427/359 95/429/359 634/436/359
f 1567/434/360 634/436/360 96/437/360
f 597/335/361 1568/439/361 650/438/361
f 72/328/362 648/430/362 1568/439/362
f 1568/439/363 648/430/363 88/433/363
f 650/438/364 1568/439/364 627/440/364
f 605/340/2083 1569/443/2083 637/442/2083
f 80/339/2084 649/2298/2084 1569/443/2084
f 1569/443/2085 649/2298/2085 96/444/2085
f 637/442/2086 1569/443/2086 635/445/2086
f 598/344/369 1570/446/369 639/395/369
f 73/336/370 650/438/370 1570/446/370
f 1570/446/371 650/438/371 89/441/371
f 639/395/372 1570/446/372 628/447/372
f 625/424/373 1571/450/373 665/449/373
f 86/417/374 666/510/374 1571/450/374
f 1571/450/375 666/510/375 101/451/375
f 665/449/376 1571/450/376 654/452/376
f 95/429/377 633/428/377 1572/454/377
f 633/428/378 94/421/378 668/456/378
f 668/456/379 109/515/379 662/457/379
f 1572/454/380 662/457/380 110/458/380
f 626/432/381 1573/460/381 669/459/381
f 87/425/382 665/449/382 1573/460/382
f 1573/460/383 665/449/383 102/453/383
f 669/459/384 1573/460/384 655/461/384
f 96/437/385 634/436/385 1574/463/385
f 634/436/386 95/429/386 667/455/386
f 667/455/387 110/458/387 663/465/387
f 1574/463/388 663/465/388 111/466/388
f 627/440/389 1575/468/389 671/467/389
f 88/433/390 669/459/390 1575/468/390
f 1575/468/391 669/459/391 103/462/391
f 671/467/392 1575/468/392 656/469/392
f 635/445/2087 1576/472/2087 672/471/2087
f 96/444/2088 670/464/2088 1576/472/2088
f 1576/472/2089 670/464/2089 111/473/2089
f 672/471/2090 1576/472/2090 664/474/2090
f 628/447/397 1577/477/397 673/476/397
f 89/441/398 671/467/398 1577/477/398
f 1577/477/399 671/467/399 104/470/399
f 673/476/400 1577/477/400 657/478/400
f 83/385/2091 621/483/2091 1578/480/2091
f 1420/482/2092 1578/480/2092 621/483/2092
f 98/485/2093 674/2299/2093 1578/480/2093
f 1419/486/2094 1579/489/2094 1421/487/2094
f 97/391/2095 672/2300/2095 1579/489/2095
f 112/475/2096 1421/487/2096 1579/489/2096
f 91/397/407 629/396/407 1580/490/407
f 629/396/408 90/448/408 673/476/408
f 673/476/409 105/479/409 658/492/409
f 1580/490/410 658/492/410 106/493/410
f 84/401/2097 622/400/2097 1581/494/2097
f 622/400/2098 83/385/2098 674/481/2098
f 674/481/2099 98/485/2099 651/496/2099
f 1581/494/2100 651/496/2100 99/497/2100
f 92/405/415 630/404/415 1582/498/415
f 630/404/416 91/397/416 675/491/416
f 675/491/417 106/493/417 659/500/417
f 1582/498/418 659/500/418 107/501/418
f 623/408/419 1583/503/419 678/502/419
f 84/401/420 676/2301/420 1583/503/420
f 1583/503/421 676/2301/421 99/497/421
f 678/502/422 1583/503/422 652/504/422
f 93/413/423 631/412/423 1584/506/423
f 631/412/424 92/405/424 677/499/424
f 677/499/425 107/501/425 660/508/425
f 1584/506/426 660/508/426 108/509/426
f 624/416/427 1585/511/427 666/510/427
f 85/409/428 678/502/428 1585/511/428
f 1585/511/429 678/502/429 100/505/429
f 666/510/430 1585/511/430 653/512/430
f 94/421/431 632/420/431 1586/513/431
f 632/420/432 93/413/432 679/507/432
f 679/507/433 108/509/433 661/514/433
f 1586/513/434 661/514/434 109/515/434
f 106/493/435 658/492/435 1587/516/435
f 658/492/436 105/479/436 695/518/436
f 695/518/437 120/573/437 687/519/437
f 1587/516/438 687/519/438 121/520/438
f 99/497/2101 651/496/2101 1588/521/2101
f 651/496/2102 98/485/2102 697/523/2102
f 697/523/2103 113/578/2103 680/524/2103
f 1588/521/2104 680/524/2104 114/525/2104
f 107/501/443 659/500/443 1589/526/443
f 659/500/444 106/493/444 694/517/444
f 694/517/445 121/520/445 688/528/445
f 1589/526/446 688/528/446 122/529/446
f 652/504/447 1590/531/447 699/530/447
f 99/497/448 696/2302/448 1590/531/448
f 1590/531/449 696/2302/449 114/525/449
f 699/530/450 1590/531/450 681/532/450
f 108/509/451 660/508/451 1591/534/451
f 660/508/452 107/501/452 698/527/452
f 698/527/453 122/529/453 689/536/453
f 1591/534/454 689/536/454 123/537/454
f 653/512/455 1592/539/455 701/538/455
f 100/505/456 699/530/456 1592/539/456
f 1592/539/457 699/530/457 115/533/457
f 701/538/458 1592/539/458 682/540/458
f 109/515/459 661/514/459 1593/542/459
f 661/514/460 108/509/460 700/535/460
f 700/535/461 123/537/461 690/544/461
f 1593/542/462 690/544/462 124/545/462
f 654/452/463 1594/547/463 703/546/463
f 101/451/464 701/538/464 1594/547/464
f 1594/547/465 701/538/465 116/541/465
f 703/546/466 1594/547/466 683/548/466
f 110/458/467 662/457/467 1595/550/467
f 662/457/468 109/515/468 702/543/468
f 702/543/469 124/545/469 691/552/469
f 1595/550/470 691/552/470 125/553/470
f 655/461/471 1596/555/471 705/554/471
f 102/453/472 703/546/472 1596/555/472
f 1596/555/473 703/546/473 117/549/473
f 705/554/474 1596/555/474 684/556/474
f 111/466/475 663/465/475 1597/558/475
f 663/465/476 110/458/476 704/551/476
f 704/551/477 125/553/477 692/560/477
f 1597/558/478 692/560/478 126/561/478
f 656/469/479 1598/563/479 707/562/479
f 103/462/480 705/554/480 1598/563/480
f 1598/563/481 705/554/481 118/557/481
f 707/562/482 1598/563/482 685/564/482
f 664/474/2105 1599/567/2105 708/566/2105
f 111/473/2106 706/2303/2106 1599/567/2106
f 1599/567/2107 706/2303/2107 126/568/2107
f 708/566/2108 1599/567/2108 693/569/2108
f 657/478/487 1600/571/487 695/518/487
f 104/470/488 707/562/488 1600/571/488
f 1600/571/489 707/562/489 119/565/489
f 695/518/490 1600/571/490 686/572/490
f 98/485/2109 1420/576/2109 1601/574/2109
f 1422/575/2110 1601/574/2110 1420/576/2110
f 113/578/2111 697/2304/2111 1601/574/2111
f 1421/579/2112 1602/582/2112 1423/580/2112
f 112/475/2113 708/566/2113 1602/582/2113
f 127/570/2114 1423/580/2114 1602/582/2114
f 125/553/497 691/552/497 1603/583/497
f 691/552/498 124/545/498 724/585/498
f 724/585/499 139/647/499 720/586/499
f 1603/583/500 720/586/500 140/587/500
f 684/556/501 1604/589/501 725/588/501
f 117/549/502 726/648/502 1604/589/502
f 1604/589/503 726/648/503 132/590/503
f 725/588/504 1604/589/504 713/591/504
f 126/561/505 692/560/505 1605/593/505
f 692/560/506 125/553/506 723/584/506
f 723/584/507 140/587/507 721/595/507
f 1605/593/508 721/595/508 141/596/508
f 685/564/509 1606/598/509 728/597/509
f 118/557/510 725/588/510 1606/598/510
f 1606/598/511 725/588/511 133/592/511
f 728/597/512 1606/598/512 714/599/512
f 693/569/2115 1607/602/2115 729/601/2115
f 126/568/2116 727/2305/2116 1607/602/2116
f 1607/602/2117 727/2305/2117 141/603/2117
f 729/601/2118 1607/602/2118 722/604/2118
f 686/572/517 1608/607/517 730/606/517
f 119/565/518 728/597/518 1608/607/518
f 1608/607/519 728/597/519 134/600/519
f 730/606/520 1608/607/520 715/608/520
f 113/578/2119 1422/613/2119 1609/610/2119
f 1424/612/2120 1609/610/2120 1422/613/2120
f 128/615/2121 731/2306/2121 1609/610/2121
f 1423/616/2122 1610/619/2122 1425/617/2122
f 127/570/2123 729/620/2123 1610/619/2123
f 142/605/2124 1425/617/2124 1610/619/2124
f 121/520/527 687/519/527 1611/621/527
f 687/519/528 120/573/528 730/606/528
f 730/606/529 135/609/529 716/623/529
f 1611/621/530 716/623/530 136/624/530
f 114/525/2125 680/524/2125 1612/625/2125
f 680/524/2126 113/578/2126 731/611/2126
f 731/611/2127 128/615/2127 709/627/2127
f 1612/625/2128 709/627/2128 129/628/2128
f 122/529/535 688/528/535 1613/629/535
f 688/528/536 121/520/536 732/622/536
f 732/622/537 136/624/537 717/631/537
f 1613/629/538 717/631/538 137/632/538
f 681/532/539 1614/634/539 735/633/539
f 114/525/540 733/2307/540 1614/634/540
f 1614/634/541 733/2307/541 129/628/541
f 735/633/542 1614/634/542 710/635/542
f 123/537/543 689/536/543 1615/637/543
f 689/536/544 122/529/544 734/630/544
f 734/630/545 137/632/545 718/639/545
f 1615/637/546 718/639/546 138/640/546
f 682/540/547 1616/642/547 737/641/547
f 115/533/548 735/633/548 1616/642/548
f 1616/642/549 735/633/549 130/636/549
f 737/641/550 1616/642/550 711/643/550
f 124/545/551 690/544/551 1617/645/551
f 690/544/552 123/537/552 736/638/552
f 736/638/553 138/640/553 719/646/553
f 1617/645/554 719/646/554 139/647/554
f 683/548/555 1618/649/555 726/648/555
f 116/541/556 737/641/556 1618/649/556
f 1618/649/557 737/641/557 131/644/557
f 726/648/558 1618/649/558 712/650/558
f 129/628/2129 709/627/2129 1619/651/2129
f 709/627/2130 128/615/2130 753/653/2130
f 753/653/2131 143/711/2131 738/654/2131
f 1619/651/2132 738/654/2132 144/655/2132
f 137/632/563 717/631/563 1620/656/563
f 717/631/564 136/624/564 755/658/564
f 755/658/565 151/718/565 746/659/565
f 1620/656/566 746/659/566 152/660/566
f 710/635/567 1621/662/567 756/661/567
f 129/628/568 752/2308/568 1621/662/568
f 1621/662/569 752/2308/569 144/663/569
f 756/661/570 1621/662/570 739/664/570
f 138/640/571 718/639/571 1622/666/571
f 718/639/572 137/632/572 754/657/572
f 754/657/573 152/660/573 747/668/573
f 1622/666/574 747/668/574 153/669/574
f 711/643/575 1623/671/575 758/670/575
f 130/636/576 756/661/576 1623/671/576
f 1623/671/577 756/661/577 145/665/577
f 758/670/578 1623/671/578 740/672/578
f 139/647/579 719/646/579 1624/674/579
f 719/646/580 138/640/580 757/667/580
f 757/667/581 153/669/581 748/676/581
f 1624/674/582 748/676/582 154/677/582
f 712/650/583 1625/679/583 760/678/583
f 131/644/584 758/670/584 1625/679/584
f 1625/679/585 758/670/585 146/673/585
f 760/678/586 1625/679/586 741/680/586
f 140/587/587 720/586/587 1626/682/587
f 720/586/588 139/647/588 759/675/588
f 759/675/589 154/677/589 749/684/589
f 1626/682/590 749/684/590 155/685/590
f 713/591/591 1627/687/591 762/686/591
f 132/590/592 760/678/592 1627/687/592
f 1627/687/593 760/678/593 147/681/593
f 762/686/594 1627/687/594 742/688/594
f 141/596/595 721/595/595 1628/690/595
f 721/595/596 140/587/596 761/683/596
f 761/683/597 155/685/597 750/692/597
f 1628/690/598 750/692/598 156/693/598
f 714/599/599 1629/695/599 764/694/599
f 133/592/600 762/686/600 1629/695/600
f 1629/695/601 762/686/601 148/689/601
f 764/694/602 1629/695/602 743/696/602
f 722/604/2133 1630/699/2133 765/698/2133
f 141/603/2134 763/2309/2134 1630/699/2134
f 1630/699/2135 763/2309/2135 156/700/2135
f 765/698/2136 1630/699/2136 751/701/2136
f 715/608/607 1631/704/607 766/703/607
f 134/600/608 764/694/608 1631/704/608
f 1631/704/609 764/694/609 149/697/609
f 766/703/610 1631/704/610 744/705/610
f 128/615/2137 1424/709/2137 1632/707/2137
f 1426/708/2138 1632/707/2138 1424/709/2138
f 143/711/2139 753/2310/2139 1632/707/2139
f 1425/712/2140 1633/715/2140 1427/713/2140
f 142/605/2141 765/2311/2141 1633/715/2141
f 157/702/2142 1427/713/2142 1633/715/2142
f 136/624/617 716/623/617 1634/716/617
f 716/623/618 135/609/618 766/703/618
f 766/703/619 150/706/619 745/717/619
f 1634/716/620 745/717/620 151/718/620
f 742/688/621 1635/720/621 781/719/621
f 147/681/622 782/782/622 1635/720/622
f 1635/720/623 782/782/623 162/721/623
f 781/719/624 1635/720/624 771/722/624
f 156/693/625 750/692/625 1636/724/625
f 750/692/626 155/685/626 784/726/626
f 784/726/627 170/787/627 779/727/627
f 1636/724/628 779/727/628 171/728/628
f 743/696/629 1637/730/629 785/729/629
f 148/689/630 781/719/630 1637/730/630
f 1637/730/631 781/719/631 163/723/631
f 785/729/632 1637/730/632 772/731/632
f 751/701/2143 1638/734/2143 786/733/2143
f 156/700/2144 783/2312/2144 1638/734/2144
f 1638/734/2145 783/2312/2145 171/735/2145
f 786/733/2146 1638/734/2146 780/736/2146
f 744/705/637 1639/739/637 787/738/637
f 149/697/638 785/729/638 1639/739/638
f 1639/739/639 785/729/639 164/732/639
f 787/738/640 1639/739/640 773/740/640
f 143/711/2147 1426/745/2147 1640/742/2147
f 1428/744/2148 1640/742/2148 1426/745/2148
f 158/747/2149 788/2313/2149 1640/742/2149
f 1427/748/2150 1641/751/2150 1429/749/2150
f 157/702/2151 786/2314/2151 1641/751/2151
f 172/737/2152 1429/749/2152 1641/751/2152
f 151/718/647 745/717/647 1642/753/647
f 745/717/648 150/706/648 787/738/648
f 787/738/649 165/741/649 774/755/649
f 1642/753/650 774/755/650 166/756/650
f 144/655/2153 738/654/2153 1643/757/2153
f 738/654/2154 143/711/2154 788/743/2154
f 788/743/2155 158/747/2155 767/759/2155
f 1643/757/2156 767/759/2156 159/760/2156
f 152/660/655 746/659/655 1644/761/655
f 746/659/656 151/718/656 789/754/656
f 789/754/657 166/756/657 775/763/657
f 1644/761/658 775/763/658 167/764/658
f 739/664/659 1645/766/659 792/765/659
f 144/663/660 790/2315/660 1645/766/660
f 1645/766/661 790/2315/661 159/767/661
f 792/765/662 1645/766/662 768/768/662
f 153/669/663 747/668/663 1646/770/663
f 747/668/664 152/660/664 791/762/664
f 791/762/665 167/764/665 776/772/665
f 1646/770/666 776/772/666 168/773/666
f 740/672/667 1647/775/667 794/774/667
f 145/665/668 792/765/668 1647/775/668
f 1647/775/669 792/765/669 160/769/669
f 794/774/670 1647/775/670 769/776/670
f 154/677/671 748/676/671 1648/778/671
f 748/676/672 153/669/672 793/771/672
f 793/771/673 168/773/673 777/780/673
f 1648/778/674 777/780/674 169/781/674
f 741/680/675 1649/783/675 782/782/675
f 146/673/676 794/774/676 1649/783/676
f 1649/783/677 794/774/677 161/777/677
f 782/782/678 1649/783/678 770/784/678
f 155/685/679 749/684/679 1650/785/679
f 749/684/2157 154/677/2157 795/779/2157
f 795/779/681 169/781/681 778/786/681
f 1650/785/682 778/786/682 170/787/682
f 167/764/683 775/763/683 1651/788/683
f 775/763/684 166/756/684 811/790/684
f 811/790/685 181/852/685 804/791/685
f 1651/788/686 804/791/686 182/792/686
f 768/768/687 1652/794/687 812/793/687
f 159/767/688 813/2316/688 1652/794/688
f 1652/794/689 813/2316/689 174/795/689
f 812/793/690 1652/794/690 797/796/690
f 168/773/691 776/772/691 1653/798/691
f 776/772/2158 167/764/2158 810/789/2158
f 810/789/693 182/792/693 805/800/693
f 1653/798/694 805/800/694 183/801/694
f 769/776/695 1654/803/695 815/802/695
f 160/769/696 812/793/696 1654/803/696
f 1654/803/697 812/793/697 175/797/697
f 815/802/698 1654/803/698 798/804/698
f 169/781/699 777/780/699 1655/806/699
f 777/780/700 168/773/700 814/799/700
f 814/799/701 183/801/701 806/808/701
f 1655/806/702 806/808/702 184/809/702
f 770/784/703 1656/811/703 817/810/703
f 161/777/704 815/802/704 1656/811/704
f 1656/811/705 815/802/705 176/805/705
f 817/810/706 1656/811/706 799/812/706
f 170/787/707 778/786/707 1657/814/707
f 778/786/708 169/781/708 816/807/708
f 816/807/709 184/809/709 807/816/709
f 1657/814/710 807/816/710 185/817/710
f 771/722/711 1658/819/711 819/818/711
f 162/721/712 817/810/712 1658/819/712
f 1658/819/713 817/810/713 177/813/713
f 819/818/714 1658/819/714 800/820/714
f 171/728/715 779/727/715 1659/822/715
f 779/727/716 170/787/716 818/815/716
f 818/815/717 185/817/717 808/824/717
f 1659/822/2159 808/824/2159 186/825/2159
f 772/731/719 1660/827/719 821/826/719
f 163/723/720 819/818/720 1660/827/720
f 1660/827/721 819/818/721 178/821/721
f 821/826/722 1660/827/722 801/828/722
f 780/736/2160 1661/831/2160 822/830/2160
f 171/735/2161 820/823/2161 1661/831/2161
f 1661/831/2162 820/823/2162 186/832/2162
f 822/830/2163 1661/831/2163 809/833/2163
f 773/740/727 1662/836/727 823/835/727
f 164/732/728 821/826/728 1662/836/728
f 1662/836/729 821/826/729 179/829/729
f 823/835/730 1662/836/730 802/837/730
f 158/747/2164 1428/2317/2164 1663/839/2164
f 1430/841/2165 1663/839/2165 1428/842/2165
f 173/844/2166 824/2318/2166 1663/839/2166
f 1429/845/2167 1664/848/2167 1431/846/2167
f 172/737/2168 822/2319/2168 1664/848/2168
f 187/834/2169 1431/846/2169 1664/848/2169
f 166/756/737 774/755/737 1665/850/737
f 774/755/738 165/741/738 823/835/738
f 823/835/739 180/838/739 803/851/739
f 1665/850/740 803/851/740 181/852/740
f 159/760/2170 767/759/2170 1666/853/2170
f 767/759/2171 158/747/2171 824/840/2171
f 824/840/2172 173/844/2172 796/855/2172
f 1666/853/2173 796/855/2173 174/795/2173
f 186/825/745 808/824/745 1667/856/745
f 808/824/746 185/817/746 840/858/746
f 840/858/747 200/922/747 837/859/747
f 1667/856/748 837/859/748 201/860/748
f 801/828/749 1668/862/749 841/861/749
f 178/821/750 842/923/750 1668/862/750
f 1668/862/751 842/923/751 193/863/751
f 841/861/752 1668/862/752 830/864/752
f 809/833/2174 1669/867/2174 843/866/2174
f 186/832/2175 839/2320/2175 1669/867/2175
f 1669/867/2176 839/2320/2176 201/868/2176
f 843/866/2177 1669/867/2177 838/869/2177
f 802/837/2178 1670/872/2178 844/871/2178
f 179/829/758 841/861/758 1670/872/758
f 1670/872/759 841/861/759 194/865/759
f 844/871/760 1670/872/760 831/873/760
f 173/844/2179 1430/2321/2179 1671/875/2179
f 1432/877/2180 1671/875/2180 1430/878/2180
f 188/880/2181 845/2322/2181 1671/875/2181
f 1431/881/2182 1672/884/2182 1433/882/2182
f 187/834/2183 843/866/2183 1672/884/2183
f 202/870/2184 1433/882/2184 1672/884/2184
f 181/852/767 803/851/767 1673/887/767
f 803/851/2185 180/838/2185 844/871/2185
f 844/871/769 195/874/769 832/889/769
f 1673/887/770 832/889/770 196/890/770
f 174/795/2186 796/855/2186 1674/891/2186
f 796/855/2187 173/844/2187 845/876/2187
f 845/876/2188 188/880/2188 825/893/2188
f 1674/891/2189 825/893/2189 189/894/2189
f 182/792/775 804/791/775 1675/895/775
f 804/791/776 181/852/776 846/888/776
f 846/888/777 196/890/777 833/897/777
f 1675/895/778 833/897/778 197/898/778
f 797/796/779 1676/900/779 849/899/779
f 174/795/780 847/2323/780 1676/900/780
f 1676/900/781 847/2323/781 189/901/781
f 849/899/2190 1676/900/2190 826/902/2190
f 183/801/783 805/800/783 1677/904/783
f 805/800/784 182/792/784 848/896/784
f 848/896/785 197/898/785 834/906/785
f 1677/904/786 834/906/786 198/907/786
f 798/804/787 1678/909/787 851/908/787
f 175/797/788 849/899/788 1678/909/788
f 1678/909/789 849/899/789 190/903/789
f 851/908/790 1678/909/790 827/910/790
f 184/809/791 806/808/791 1679/912/791
f 806/808/792 183/801/792 850/905/792
f 850/905/793 198/907/793 835/914/793
f 1679/912/794 835/914/794 199/915/794
f 799/812/795 1680/917/795 853/916/795
f 176/805/796 851/908/796 1680/917/796
f 1680/917/797 851/908/797 191/911/797
f 853/916/798 1680/917/798 828/918/798
f 185/817/799 807/816/799 1681/920/799
f 807/816/800 184/809/800 852/913/800
f 852/913/801 199/915/801 836/921/801
f 1681/920/802 836/921/802 200/922/802
f 800/820/803 1682/924/803 842/923/803
f 177/813/804 853/916/804 1682/924/804
f 1682/924/805 853/916/805 192/919/805
f 842/923/806 1682/924/806 829/925/806
f 198/907/807 834/906/807 1683/926/807
f 834/906/808 197/898/808 869/928/808
f 869/928/809 212/990/809 863/929/809
f 1683/926/810 863/929/810 213/930/810
f 827/910/811 1684/932/811 870/931/811
f 190/903/812 871/991/812 1684/932/812
f 1684/932/813 871/991/813 205/933/813
f 870/931/814 1684/932/814 856/934/814
f 199/915/815 835/914/815 1685/936/815
f 835/914/816 198/907/816 868/927/816
f 868/927/817 213/930/817 864/938/817
f 1685/936/818 864/938/818 214/939/818
f 828/918/819 1686/941/819 873/940/819
f 191/911/820 870/931/820 1686/941/820
f 1686/941/821 870/931/821 206/935/821
f 873/940/822 1686/941/822 857/942/822
f 200/922/823 836/921/823 1687/944/823
f 836/921/824 199/915/824 872/937/824
f 872/937/825 214/939/825 865/946/825
f 1687/944/826 865/946/826 215/947/826
f 829/925/827 1688/949/827 875/948/827
f 192/919/828 873/940/828 1688/949/828
f 1688/949/829 873/940/829 207/943/829
f 875/948/830 1688/949/830 858/950/830
f 201/860/831 837/859/831 1689/952/831
f 837/859/832 200/922/832 874/945/832
f 874/945/833 215/947/833 866/954/833
f 1689/952/834 866/954/834 216/955/834
f 830/864/2191 1690/957/2191 877/956/2191
f 193/863/836 875/948/836 1690/957/836
f 1690/957/837 875/948/837 208/951/837
f 877/956/838 1690/957/838 859/958/838
f 838/869/2192 1691/961/2192 878/960/2192
f 201/868/2193 876/2324/2193 1691/961/2193
f 1691/961/2194 876/2324/2194 216/962/2194
f 878/960/2195 1691/961/2195 867/963/2195
f 831/873/2196 1692/966/2196 879/965/2196
f 194/865/844 877/956/844 1692/966/844
f 1692/966/845 877/956/845 209/959/845
f 879/965/846 1692/966/846 860/967/846
f 188/880/2197 1432/2325/2197 1693/969/2197
f 1434/971/2198 1693/969/2198 1432/972/2198
f 203/974/2199 880/2326/2199 1693/969/2199
f 1433/975/2200 1694/978/2200 1435/976/2200
f 202/870/2201 878/2327/2201 1694/978/2201
f 217/964/2202 1435/976/2202 1694/978/2202
f 196/890/853 832/889/853 1695/980/853
f 832/889/2203 195/874/2203 879/965/2203
f 879/965/2204 210/968/2204 861/982/2204
f 1695/980/856 861/982/856 211/983/856
f 189/894/2205 825/893/2205 1696/984/2205
f 825/893/2206 188/880/2206 880/970/2206
f 880/970/2207 203/974/2207 854/986/2207
f 1696/984/2208 854/986/2208 204/987/2208
f 197/898/861 833/897/861 1697/988/861
f 833/897/2209 196/890/2209 881/981/2209
f 881/981/863 211/983/863 862/989/863
f 1697/988/864 862/989/864 212/990/864
f 826/902/865 1698/992/865 871/991/865
f 189/901/866 882/2328/866 1698/992/866
f 1698/992/867 882/2328/867 204/993/867
f 871/991/868 1698/992/868 855/994/868
f 867/963/2210 1699/996/2210 897/995/2210
f 216/962/2211 898/1060/2211 1699/996/2211
f 1699/996/2212 898/1060/2212 231/997/2212
f 897/995/2213 1699/996/2213 896/998/2213
f 860/967/873 1700/1001/873 899/1000/873
f 209/959/874 900/1063/874 1700/1001/874
f 1700/1001/875 900/1063/875 224/1002/875
f 899/1000/876 1700/1001/876 889/1003/876
f 203/974/2214 1434/2329/2214 1701/1005/2214
f 1436/1007/2215 1701/1005/2215 1434/1008/2215
f 218/1010/2216 901/2330/2216 1701/1005/2216
f 1435/1012/2217 1702/1015/2217 1437/1013/2217
f 217/964/2218 897/1017/2218 1702/1015/2218
f 232/999/2219 1437/2331/2219 1702/1015/2219
f 211/983/2220 861/982/2220 1703/1018/2220
f 861/982/884 210/968/884 899/1000/884
f 899/1000/885 225/1004/885 890/1020/885
f 1703/1018/886 890/1020/886 226/1021/886
f 204/987/2221 854/986/2221 1704/1022/2221
f 854/986/2222 203/974/2222 901/1006/2222
f 901/1006/2223 218/1010/2223 883/1024/2223
f 1704/1022/2224 883/1024/2224 219/1025/2224
f 212/990/891 862/989/891 1705/1026/891
f 862/989/892 211/983/892 902/1019/892
f 902/1019/893 226/1021/893 891/1028/893
f 1705/1026/894 891/1028/894 227/1029/894
f 855/994/895 1706/1031/895 905/1030/895
f 204/993/896 903/2332/896 1706/1031/896
f 1706/1031/897 903/2332/897 219/1032/897
f 905/1030/898 1706/1031/898 884/1033/898
f 213/930/899 863/929/899 1707/1035/899
f 863/929/900 212/990/900 904/1027/900
f 904/1027/901 227/1029/901 892/1037/901
f 1707/1035/902 892/1037/902 228/1038/902
f 856/934/903 1708/1040/903 907/1039/903
f 205/933/904 905/1030/904 1708/1040/904
f 1708/1040/905 905/1030/905 220/1034/905
f 907/1039/906 1708/1040/906 885/1041/906
f 214/939/907 864/938/907 1709/1043/907
f 864/938/908 213/930/908 906/1036/908
f 906/1036/909 228/1038/909 893/1045/909
f 1709/1043/910 893/1045/910 229/1046/910
f 857/942/911 1710/1048/911 909/1047/911
f 206/935/912 907/1039/912 1710/1048/912
f 1710/1048/913 907/1039/913 221/1042/913
f 909/1047/914 1710/1048/914 886/1049/914
f 215/947/915 865/946/915 1711/1051/915
f 865/946/916 214/939/916 908/1044/916
f 908/1044/917 229/1046/917 894/1053/917
f 1711/1051/918 894/1053/918 230/1054/918
f 858/950/919 1712/1056/919 911/1055/919
f 207/943/920 909/1047/920 1712/1056/920
f 1712/1056/921 909/1047/921 222/1050/921
f 911/1055/922 1712/1056/922 887/1057/922
f 216/955/923 866/954/923 1713/1059/923
f 866/954/2225 215/947/2225 910/1052/2225
f 910/1052/925 230/1054/925 895/1061/925
f 1713/1059/926 895/1061/926 231/1062/926
f 859/958/927 1714/1064/927 900/1063/927
f 208/951/928 911/1055/928 1714/1064/928
f 1714/1064/929 911/1055/929 223/1058/929
f 900/1063/930 1714/1064/930 888/1065/930
f 885/1041/931 1715/1067/931 926/1066/931
f 220/1034/932 927/1127/932 1715/1067/932
f 1715/1067/933 927/1127/933 235/1068/933
f 926/1066/934 1715/1067/934 914/1069/934
f 229/1046/935 893/1045/935 1716/1071/935
f 893/1045/936 228/1038/936 929/1073/936
f 929/1073/2226 243/1132/2226 922/1074/2226
f 1716/1071/938 922/1074/938 244/1075/938
f 886/1049/939 1717/1077/939 930/1076/939
f 221/1042/940 926/1066/940 1717/1077/940
f 1717/1077/941 926/1066/941 236/1070/941
f 930/1076/942 1717/1077/942 915/1078/942
f 230/1054/943 894/1053/943 1718/1080/943
f 894/1053/944 229/1046/944 928/1072/944
f 928/1072/2227 244/1075/2227 923/1082/2227
f 1718/1080/946 923/1082/946 245/1083/946
f 887/1057/947 1719/1085/947 932/1084/947
f 222/1050/948 930/1076/948 1719/1085/948
f 1719/1085/949 930/1076/949 237/1079/949
f 932/1084/950 1719/1085/950 916/1086/950
f 231/1062/951 895/1061/951 1720/1088/951
f 895/1061/2228 230/1054/2228 931/1081/2228
f 931/1081/953 245/1083/953 924/1090/953
f 1720/1088/954 924/1090/954 246/1091/954
f 888/1065/955 1721/1093/955 934/1092/955
f 223/1058/956 932/1084/956 1721/1093/956
f 1721/1093/957 932/1084/957 238/1087/957
f 934/1092/958 1721/1093/958 917/1094/958
f 896/998/2229 1722/1097/2229 935/1096/2229
f 231/997/2230 933/2333/2230 1722/1097/2230
f 1722/1097/2231 933/2333/2231 246/1098/2231
f 935/1096/2232 1722/1097/2232 925/1099/2232
f 889/1003/963 1723/1102/963 936/1101/963
f 224/1002/964 934/1092/964 1723/1102/964
f 1723/1102/965 934/1092/965 239/1095/965
f 936/1101/966 1723/1102/966 918/1103/966
f 218/1010/2233 1436/1108/2233 1724/1105/2233
f 1438/1107/2234 1724/1105/2234 1436/1108/2234
f 233/1110/2235 937/2334/2235 1724/1105/2235
f 1437/1111/2236 1725/1114/2236 1439/1112/2236
f 232/999/2237 935/1096/2237 1725/1114/2237
f 247/1100/2238 1439/1112/2238 1725/1114/2238
f 226/1021/973 890/1020/973 1726/1115/973
f 890/1020/974 225/1004/974 936/1101/974
f 936/1101/975 240/1104/975 919/1117/975
f 1726/1115/976 919/1117/976 241/1118/976
f 219/1025/2239 883/1024/2239 1727/1119/2239
f 883/1024/2240 218/1010/2240 937/1106/2240
f 937/1106/2241 233/1110/2241 912/1121/2241
f 1727/1119/2242 912/1121/2242 234/1122/2242
f 227/1029/981 891/1028/981 1728/1123/981
f 891/1028/982 226/1021/982 938/1116/982
f 938/1116/983 241/1118/983 920/1125/983
f 1728/1123/984 920/1125/984 242/1126/984
f 884/1033/2243 1729/1128/2243 927/1127/2243
f 219/1032/986 939/2335/986 1729/1128/986
f 1729/1128/987 939/2335/987 234/1122/987
f 927/1127/988 1729/1128/988 913/1129/988
f 228/1038/989 892/1037/989 1730/1130/989
f 892/1037/990 227/1029/990 940/1124/990
f 940/1124/991 242/1126/991 921/1131/991
f 1730/1130/992 921/1131/992 243/1132/992
f 918/1103/993 1731/1134/993 955/1133/993
f 239/1095/994 956/1195/994 1731/1134/994
f 1731/1134/995 956/1195/995 254/1135/995
f 955/1133/996 1731/1134/996 947/1136/996
f 233/1110/2244 1438/1141/2244 1732/1138/2244
f 1440/1140/2245 1732/1138/2245 1438/1141/2245
f 248/1143/2246 957/2336/2246 1732/1138/2246
f 1439/1144/2247 1733/1147/2247 1441/1145/2247
f 247/1100/2248 958/2337/2248 1733/1147/2248
f 262/1148/2249 1441/1145/2249 1733/1147/2249
f 241/1118/1003 919/1117/1003 1734/1150/1003
f 919/1117/1004 240/1104/1004 955/1133/1004
f 955/1133/1005 255/1137/1005 948/1152/1005
f 1734/1150/1006 948/1152/1006 256/1153/1006
f 234/1122/2250 912/1121/2250 1735/1154/2250
f 912/1121/2251 233/1110/2251 957/1139/2251
f 957/1139/2252 248/1143/2252 941/1156/2252
f 1735/1154/2253 941/1156/2253 249/1157/2253
f 242/1126/1011 920/1125/1011 1736/1158/1011
f 920/1125/1012 241/1118/1012 959/1151/1012
f 959/1151/1013 256/1153/1013 949/1160/1013
f 1736/1158/1014 949/1160/1014 257/1161/1014
f 913/1129/1015 1737/1163/1015 962/1162/1015
f 234/1122/1016 960/2338/1016 1737/1163/1016
f 1737/1163/1017 960/2338/1017 249/1164/1017
f 962/1162/1018 1737/1163/1018 942/1165/1018
f 243/1132/1019 921/1131/1019 1738/1167/1019
f 921/1131/1020 242/1126/1020 961/1159/1020
f 961/1159/1021 257/1161/1021 950/1169/1021
f 1738/1167/1022 950/1169/1022 258/1170/1022
f 914/1069/1023 1739/1172/1023 964/1171/1023
f 235/1068/1024 962/1162/1024 1739/1172/1024
f 1739/1172/1025 962/1162/1025 250/1166/1025
f 964/1171/1026 1739/1172/1026 943/1173/1026
f 244/1075/1027 922/1074/1027 1740/1175/1027
f 922/1074/2254 243/1132/2254 963/1168/2254
f 963/1168/1029 258/1170/1029 951/1177/1029
f 1740/1175/1030 951/1177/1030 259/1178/1030
f 915/1078/2255 1741/1180/2255 966/1179/2255
f 236/1070/1032 964/1171/1032 1741/1180/1032
f 1741/1180/1033 964/1171/1033 251/1174/1033
f 966/1179/1034 1741/1180/1034 944/1181/1034
f 245/1083/1035 923/1082/1035 1742/1183/1035
f 923/1082/2256 244/1075/2256 965/1176/2256
f 965/1176/1037 259/1178/1037 952/1185/1037
f 1742/1183/1038 952/1185/1038 260/1186/1038
f 916/1086/1039 1743/1188/1039 968/1187/1039
f 237/1079/1040 966/1179/1040 1743/1188/1040
f 1743/1188/1041 966/1179/1041 252/1182/1041
f 968/1187/1042 1743/1188/1042 945/1189/1042
f 246/1091/1043 924/1090/1043 1744/1191/1043
f 924/1090/1044 245/1083/1044 967/1184/1044
f 967/1184/2257 260/1186/2257 953/1193/2257
f 1744/1191/1046 953/1193/1046 261/1194/1046
f 917/1094/1047 1745/1196/1047 956/1195/1047
f 238/1087/1048 968/1187/1048 1745/1196/1048
f 1745/1196/1049 968/1187/1049 253/1190/1049
f 956/1195/1050 1745/1196/1050 946/1197/1050
f 925/1099/2258 1746/1199/2258 958/1198/2258
f 246/1098/2259 969/1192/2259 1746/1199/2259
f 1746/1199/2260 969/1192/2260 261/1200/2260
f 958/1198/2261 1746/1199/2261 954/1201/2261
f 259/1178/1055 951/1177/1055 1747/1202/1055
f 951/1177/1056 258/1170/1056 985/1204/1056
f 985/1204/1057 273/1268/1057 980/1205/1057
f 1747/1202/1058 980/1205/1058 274/1206/1058
f 944/1181/1059 1748/1208/1059 986/1207/1059
f 251/1174/1060 987/1269/1060 1748/1208/1060
f 1748/1208/1061 987/1269/1061 266/1209/1061
f 986/1207/1062 1748/1208/1062 973/1210/1062
f 260/1186/1063 952/1185/1063 1749/1212/1063
f 952/1185/1064 259/1178/1064 984/1203/1064
f 984/1203/1065 274/1206/1065 981/1214/1065
f 1749/1212/1066 981/1214/1066 275/1215/1066
f 945/1189/1067 1750/1217/1067 989/1216/1067
f 252/1182/1068 986/1207/1068 1750/1217/1068
f 1750/1217/1069 986/1207/1069 267/1211/1069
f 989/1216/1070 1750/1217/1070 974/1218/1070
f 261/1194/1071 953/1193/1071 1751/1220/1071
f 953/1193/1072 260/1186/1072 988/1213/1072
f 988/1213/1073 275/1215/1073 982/1222/1073
f 1751/1220/1074 982/1222/1074 276/1223/1074
f 946/1197/1075 1752/1225/1075 991/1224/1075
f 253/1190/1076 989/1216/1076 1752/1225/1076
f 1752/1225/1077 989/1216/1077 268/1219/1077
f 991/1224/1078 1752/1225/1078 975/1226/1078
f 954/1201/2262 1753/1229/2262 992/1228/2262
f 261/1200/2263 990/2339/2263 1753/1229/2263
f 1753/1229/2264 990/2339/2264 276/1230/2264
f 992/1228/2265 1753/1229/2265 983/1231/2265
f 947/1136/2266 1754/1234/2266 993/1233/2266
f 254/1135/1084 991/1224/1084 1754/1234/1084
f 1754/1234/1085 991/1224/1085 269/1227/1085
f 993/1233/1086 1754/1234/1086 976/1235/1086
f 248/1143/2267 1440/2340/2267 1755/1237/2267
f 1442/1239/2268 1755/1237/2268 1440/1240/2268
f 263/1242/2269 994/2341/2269 1755/1237/2269
f 1441/1243/2270 1756/1246/2270 1443/1244/2270
f 262/1148/2271 992/1228/2271 1756/1246/2271
f 277/1232/2272 1443/1244/2272 1756/1246/2272
f 256/1153/1093 948/1152/1093 1757/1249/1093
f 948/1152/1094 255/1137/1094 993/1233/1094
f 993/1233/1095 270/1236/1095 977/1251/1095
f 1757/1249/1096 977/1251/1096 271/1252/1096
f 249/1157/2273 941/1156/2273 1758/1253/2273
f 941/1156/2274 248/1143/2274 994/1238/2274
f 994/1238/2275 263/1242/2275 970/1255/2275
f 1758/1253/2276 970/1255/2276 264/1256/2276
f 257/1161/1101 949/1160/1101 1759/1257/1101
f 949/1160/1102 256/1153/1102 995/1250/1102
f 995/1250/1103 271/1252/1103 978/1259/1103
f 1759/1257/1104 978/1259/1104 272/1260/1104
f 942/1165/1105 1760/1262/1105 998/1261/1105
f 249/1164/1106 996/2342/1106 1760/1262/1106
f 1760/1262/1107 996/2342/1107 264/1263/1107
f 998/1261/1108 1760/1262/1108 971/1264/1108
f 258/1170/1109 950/1169/1109 1761/1266/1109
f 950/1169/1110 257/1161/1110 997/1258/1110
f 997/1258/1111 272/1260/1111 979/1267/1111
f 1761/1266/2277 979/1267/2277 273/1268/2277
f 943/1173/1113 1762/1270/1113 987/1269/1113
f 250/1166/1114 998/1261/1114 1762/1270/1114
f 1762/1270/1115 998/1261/1115 265/1265/1115
f 987/1269/1116 1762/1270/1116 972/1271/1116
f 263/1242/2278 1442/1275/2278 1763/1272/2278
f 1444/1274/2279 1763/1272/2279 1442/1275/2279
f 278/1277/2280 1013/2343/2280 1763/1272/2280
f 1443/1278/2281 1764/1281/2281 1445/1279/2281
f 277/1232/2282 1014/1283/2282 1764/1281/2282
f 292/1282/2283 1445/1279/2283 1764/1281/2283
f 271/1252/1123 977/1251/1123 1765/1284/1123
f 977/1251/2284 270/1236/2284 1016/1286/2284
f 1016/1286/1125 285/1340/1125 1006/1287/1125
f 1765/1284/2285 1006/1287/2285 286/1288/2285
f 264/1256/2286 970/1255/2286 1766/1289/2286
f 970/1255/2287 263/1242/2287 1013/1273/2287
f 1013/1273/2288 278/1277/2288 999/1291/2288
f 1766/1289/2289 999/1291/2289 279/1292/2289
f 272/1260/1131 978/1259/1131 1767/1293/1131
f 978/1259/1132 271/1252/1132 1015/1285/1132
f 1015/1285/1133 286/1288/1133 1007/1295/1133
f 1767/1293/1134 1007/1295/1134 287/1296/1134
f 971/1264/1135 1768/1298/1135 1019/1297/1135
f 264/1263/1136 1017/2344/1136 1768/1298/1136
f 1768/1298/1137 1017/2344/1137 279/1299/1137
f 1019/1297/1138 1768/1298/1138 1000/1300/1138
f 273/1268/1139 979/1267/1139 1769/1302/1139
f 979/1267/1140 272/1260/1140 1018/1294/1140
f 1018/1294/1141 287/1296/1141 1008/1304/1141
f 1769/1302/1142 1008/1304/1142 288/1305/1142
f 972/1271/1143 1770/1307/1143 1021/1306/1143
f 265/1265/1144 1019/1297/1144 1770/1307/1144
f 1770/1307/1145 1019/1297/1145 280/1301/1145
f 1021/1306/1146 1770/1307/1146 1001/1308/1146
f 274/1206/1147 980/1205/1147 1771/1310/1147
f 980/1205/1148 273/1268/1148 1020/1303/1148
f 1020/1303/1149 288/1305/1149 1009/1312/1149
f 1771/1310/1150 1009/1312/1150 289/1313/1150
f 973/1210/1151 1772/1315/1151 1023/1314/1151
f 266/1209/1152 1021/1306/1152 1772/1315/1152
f 1772/1315/1153 1021/1306/1153 281/1309/1153
f 1023/1314/1154 1772/1315/1154 1002/1316/1154
f 275/1215/1155 981/1214/1155 1773/1318/1155
f 981/1214/1156 274/1206/1156 1022/1311/1156
f 1022/1311/1157 289/1313/1157 1010/1320/1157
f 1773/1318/1158 1010/1320/1158 290/1321/1158
f 974/1218/1159 1774/1323/1159 1025/1322/1159
f 267/1211/1160 1023/1314/1160 1774/1323/1160
f 1774/1323/1161 1023/1314/1161 282/1317/1161
f 1025/1322/1162 1774/1323/1162 1003/1324/1162
f 276/1223/1163 982/1222/1163 1775/1326/1163
f 982/1222/1164 275/1215/1164 1024/1319/1164
f 1024/1319/1165 290/1321/1165 1011/1328/1165
f 1775/1326/1166 1011/1328/1166 291/1329/1166
f 975/1226/1167 1776/1331/1167 1027/1330/1167
f 268/1219/1168 1025/1322/1168 1776/1331/1168
f 1776/1331/1169 1025/1322/1169 283/1325/1169
f 1027/1330/1170 1776/1331/1170 1004/1332/1170
f 983/1231/2290 1777/1335/2290 1014/1334/2290
f 276/1230/2291 1026/2345/2291 1777/1335/2291
f 1777/1335/2292 1026/2345/2292 291/1336/2292
f 1014/1334/2293 1777/1335/2293 1012/1337/2293
f 976/1235/1175 1778/1338/1175 1016/1286/1175
f 269/1227/1176 1027/1330/1176 1778/1338/1176
f 1778/1338/1177 1027/1330/1177 284/1333/1177
f 1016/1286/1178 1778/1338/1178 1005/1339/1178
f 1002/1316/1179 1779/1342/1179 1043/1341/1179
f 281/1309/1180 1044/1405/1180 1779/1342/1180
f 1779/1342/1181 1044/1405/1181 296/1343/1181
f 1043/1341/1182 1779/1342/1182 1031/1344/1182
f 290/1321/1183 1010/1320/1183 1780/1346/1183
f 1010/1320/1184 289/1313/1184 1046/1348/1184
f 1046/1348/1185 304/1410/1185 1039/1349/1185
f 1780/1346/1186 1039/1349/1186 305/1350/1186
f 1003/1324/1187 1781/1352/1187 1047/1351/1187
f 282/1317/1188 1043/1341/1188 1781/1352/1188
f 1781/1352/1189 1043/1341/1189 297/1345/1189
f 1047/1351/1190 1781/1352/1190 1032/1353/1190
f 291/1329/1191 1011/1328/1191 1782/1355/1191
f 1011/1328/1192 290/1321/1192 1045/1347/1192
f 1045/1347/1193 305/1350/1193 1040/1357/1193
f 1782/1355/1194 1040/1357/1194 306/1358/1194
f 1004/1332/1195 1783/1360/1195 1049/1359/1195
f 283/1325/1196 1047/1351/1196 1783/1360/1196
f 1783/1360/1197 1047/1351/1197 298/1354/1197
f 1049/1359/1198 1783/1360/1198 1033/1361/1198
f 1012/1337/2294 1784/1364/2294 1050/1363/2294
f 291/1336/2295 1048/2346/2295 1784/1364/2295
f 1784/1364/2296 1048/2346/2296 306/1365/2296
f 1050/1363/2297 1784/1364/2297 1041/1366/2297
f 1005/1339/1203 1785/1369/1203 1051/1368/1203
f 284/1333/1204 1049/1359/1204 1785/1369/1204
f 1785/1369/1205 1049/1359/1205 299/1362/1205
f 1051/1368/1206 1785/1369/1206 1034/1370/1206
f 278/1277/2298 1444/2347/2298 1786/1372/2298
f 1446/1374/2299 1786/1372/2299 1444/1375/2299
f 293/1377/2300 1052/2348/2300 1786/1372/2300
f 1445/1378/2301 1787/1381/2301 1042/1379/2301
f 292/1282/2302 1050/1363/2302 1787/1381/2302
f 307/1367/2303 1042/1379/2303 1787/1381/2303
f 286/1288/1213 1006/1287/1213 1788/1384/1213
f 1006/1287/1214 285/1340/1214 1051/1368/1214
f 1051/1368/1215 300/1371/1215 1035/1386/1215
f 1788/1384/1216 1035/1386/1216 301/1387/1216
f 279/1292/2304 999/1291/2304 1789/1388/2304
f 999/1291/2305 278/1277/2305 1052/1373/2305
f 1052/1373/2306 293/1377/2306 1028/1390/2306
f 1789/1388/2307 1028/1390/2307 294/1391/2307
f 287/1296/1221 1007/1295/1221 1790/1392/1221
f 1007/1295/1222 286/1288/1222 1053/1385/1222
f 1053/1385/1223 301/1387/1223 1036/1394/1223
f 1790/1392/1224 1036/1394/1224 302/1395/1224
f 1000/1300/1225 1791/1397/1225 1056/1396/1225
f 279/1299/1226 1054/2349/1226 1791/1397/1226
f 1791/1397/1227 1054/2349/1227 294/1398/1227
f 1056/1396/1228 1791/1397/1228 1029/1399/1228
f 288/1305/1229 1008/1304/1229 1792/1401/1229
f 1008/1304/1230 287/1296/1230 1055/1393/1230
f 1055/1393/1231 302/1395/1231 1037/1403/1231
f 1792/1401/1232 1037/1403/1232 303/1404/1232
f 1001/1308/1233 1793/1406/1233 1044/1405/1233
f 280/1301/1234 1056/1396/1234 1793/1406/1234
f 1793/1406/1235 1056/1396/1235 295/1400/1235
f 1044/1405/1236 1793/1406/1236 1030/1407/1236
f 289/1313/1237 1009/1312/1237 1794/1408/1237
f 1009/1312/1238 288/1305/1238 1057/1402/1238
f 1057/1402/1239 303/1404/1239 1038/1409/1239
f 1794/1408/1240 1038/1409/1240 304/1410/1240
f 301/1387/1241 1035/1386/1241 1795/1411/1241
f 1035/1386/1242 300/1371/1242 1073/1413/1242
f 1073/1413/1243 316/1468/1243 1065/1414/1243
f 1795/1411/1244 1065/1414/1244 317/1415/1244
f 294/1391/2308 1028/1390/2308 1796/1416/2308
f 1028/1390/2309 293/1377/2309 1075/1418/2309
f 1075/1418/2310 309/1473/2310 1058/1419/2310
f 1796/1416/2311 1058/1419/2311 310/1420/2311
f 302/1395/1249 1036/1394/1249 1797/1421/1249
f 1036/1394/1250 301/1387/1250 1072/1412/1250
f 1072/1412/1251 317/1415/1251 1066/1423/1251
f 1797/1421/1252 1066/1423/1252 318/1424/1252
f 1029/1399/1253 1798/1426/1253 1077/1425/1253
f 294/1398/1254 1074/2350/1254 1798/1426/1254
f 1798/1426/1255 1074/2350/1255 310/1427/1255
f 1077/1425/1256 1798/1426/1256 1059/1428/1256
f 303/1404/1257 1037/1403/1257 1799/1430/1257
f 1037/1403/1258 302/1395/1258 1076/1422/1258
f 1076/1422/2312 318/1424/2312 1067/1432/2312
f 1799/1430/1260 1067/1432/1260 319/1433/1260
f 1030/1407/2313 1800/1435/2313 1079/1434/2313
f 295/1400/1262 1077/1425/1262 1800/1435/1262
f 1800/1435/1263 1077/1425/1263 311/1429/1263
f 1079/1434/1264 1800/1435/1264 1060/1436/1264
f 304/1410/1265 1038/1409/1265 1801/1438/1265
f 1038/1409/1266 303/1404/1266 1078/1431/1266
f 1078/1431/1267 319/1433/1267 1068/1440/1267
f 1801/1438/1268 1068/1440/1268 320/1441/1268
f 1031/1344/1269 1802/1443/1269 1081/1442/1269
f 296/1343/1270 1079/1434/1270 1802/1443/1270
f 1802/1443/1271 1079/1434/1271 312/1437/1271
f 1081/1442/1272 1802/1443/1272 1061/1444/1272
f 305/1350/1273 1039/1349/1273 1803/1446/1273
f 1039/1349/1274 304/1410/1274 1080/1439/1274
f 1080/1439/1275 320/1441/1275 1069/1448/1275
f 1803/1446/1276 1069/1448/1276 321/1449/1276
f 1032/1353/1277 1804/1451/1277 1083/1450/1277
f 297/1345/1278 1081/1442/1278 1804/1451/1278
f 1804/1451/1279 1081/1442/1279 313/1445/1279
f 1083/1450/1280 1804/1451/1280 1062/1452/1280
f 306/1358/1281 1040/1357/1281 1805/1454/1281
f 1040/1357/1282 305/1350/1282 1082/1447/1282
f 1082/1447/1283 321/1449/1283 1070/1456/1283
f 1805/1454/1284 1070/1456/1284 322/1457/1284
f 1033/1361/1285 1806/1459/1285 1085/1458/1285
f 298/1354/1286 1083/1450/1286 1806/1459/1286
f 1806/1459/1287 1083/1450/1287 314/1453/1287
f 1085/1458/1288 1806/1459/1288 1063/1460/1288
f 1041/1366/2314 1807/1463/2314 1086/1462/2314
f 306/1365/2315 1084/2351/2315 1807/1463/2315
f 1807/1463/2316 1084/2351/2316 322/1457/2316
f 1086/1462/2317 1807/1463/2317 1071/1464/2317
f 1034/1370/1293 1808/1466/1293 1073/1413/1293
f 299/1362/1294 1085/1458/1294 1808/1466/1294
f 1808/1466/1295 1085/1458/1295 315/1461/1295
f 1073/1413/1296 1808/1466/1296 1064/1467/1296
f 293/1377/2318 1446/1471/2318 1809/1469/2318
f 1447/1470/2319 1809/1469/2319 1446/1471/2319
f 309/1473/2320 1075/2352/2320 1809/1469/2320
f 1042/1474/2321 1810/1477/2321 1448/1475/2321
f 307/1367/2322 1086/1478/2322 1810/1477/2322
f 323/1465/2323 1448/1475/2323 1810/1477/2323
f 321/1449/1303 1069/1448/1303 1811/1479/1303
f 1069/1448/1304 320/1441/1304 1102/1481/1304
f 1102/1481/2324 335/1544/2324 1098/1482/2324
f 1811/1479/1306 1098/1482/1306 336/1483/1306
f 1062/1452/1307 1812/1485/1307 1103/1484/1307
f 313/1445/1308 1104/1545/1308 1812/1485/1308
f 1812/1485/1309 1104/1545/1309 328/1486/1309
f 1103/1484/1310 1812/1485/1310 1091/1487/1310
f 322/1457/1311 1070/1456/1311 1813/1489/1311
f 1070/1456/1312 321/1449/1312 1101/1480/1312
f 1101/1480/1313 336/1483/1313 1099/1491/1313
f 1813/1489/1314 1099/1491/1314 337/1492/1314
f 1063/1460/1315 1814/1494/1315 1106/1493/1315
f 314/1453/1316 1103/1484/1316 1814/1494/1316
f 1814/1494/1317 1103/1484/1317 329/1488/1317
f 1106/1493/1318 1814/1494/1318 1092/1495/1318
f 1071/1464/2325 1815/1498/2325 1107/1497/2325
f 322/1457/2326 1105/2353/2326 1815/1498/2326
f 1815/1498/2327 1105/2353/2327 337/1492/2327
f 1107/1497/2328 1815/1498/2328 1100/1499/2328
f 1064/1467/1323 1816/1502/1323 1108/1501/1323
f 315/1461/1324 1106/1493/1324 1816/1502/1324
f 1816/1502/1325 1106/1493/1325 330/1496/1325
f 1108/1501/1326 1816/1502/1326 1093/1503/1326
f 309/1473/2329 1447/1508/2329 1817/1505/2329
f 1449/1507/2330 1817/1505/2330 1447/1508/2330
f 324/1510/2331 1109/2354/2331 1817/1505/2331
f 1448/1512/2332 1818/1515/2332 1450/1513/2332
f 323/1465/2333 1107/2355/2333 1818/1515/2333
f 338/1500/2334 1450/2356/2334 1818/1515/2334
f 317/1415/1333 1065/1414/1333 1819/1517/1333
f 1065/1414/1334 316/1468/1334 1108/1501/1334
f 1108/1501/1335 331/1504/1335 1094/1519/1335
f 1819/1517/1336 1094/1519/1336 332/1520/1336
f 310/1420/2335 1058/1419/2335 1820/1521/2335
f 1058/1419/2336 309/1473/2336 1109/1506/2336
f 1109/1506/2337 324/1510/2337 1087/1523/2337
f 1820/1521/2338 1087/1523/2338 325/1524/2338
f 318/1424/1341 1066/1423/1341 1821/1525/1341
f 1066/1423/1342 317/1415/1342 1110/1518/1342
f 1110/1518/1343 332/1520/1343 1095/1527/1343
f 1821/1525/1344 1095/1527/1344 333/1528/1344
f 1059/1428/1345 1822/1530/1345 1113/1529/1345
f 310/1427/1346 1111/2357/1346 1822/1530/1346
f 1822/1530/1347 1111/2357/1347 325/1531/1347
f 1113/1529/1348 1822/1530/1348 1088/1532/1348
f 319/1433/1349 1067/1432/1349 1823/1534/1349
f 1067/1432/1350 318/1424/1350 1112/1526/1350
f 1112/1526/1351 333/1528/1351 1096/1536/1351
f 1823/1534/1352 1096/1536/1352 334/1537/1352
f 1060/1436/1353 1824/1539/1353 1115/1538/1353
f 311/1429/1354 1113/1529/1354 1824/1539/1354
f 1824/1539/1355 1113/1529/1355 326/1533/1355
f 1115/1538/2339 1824/1539/2339 1089/1540/2339
f 320/1441/1357 1068/1440/1357 1825/1542/1357
f 1068/1440/1358 319/1433/1358 1114/1535/1358
f 1114/1535/1359 334/1537/1359 1097/1543/1359
f 1825/1542/1360 1097/1543/1360 335/1544/1360
f 1061/1444/1361 1826/1546/1361 1104/1545/1361
f 312/1437/1362 1115/1538/1362 1826/1546/1362
f 1826/1546/1363 1115/1538/1363 327/1541/1363
f 1104/1545/1364 1826/1546/1364 1090/1547/1364
f 333/1528/1365 1095/1527/1365 1827/1548/1365
f 1095/1527/1366 332/1520/1366 1131/1550/1366
f 1131/1550/1367 347/1611/1367 1124/1551/1367
f 1827/1548/1368 1124/1551/1368 348/1552/1368
f 1088/1532/1369 1828/1554/1369 1132/1553/1369
f 325/1531/1370 1133/1613/1370 1828/1554/1370
f 1828/1554/1371 1133/1613/1371 340/1555/1371
f 1132/1553/1372 1828/1554/1372 1117/1556/1372
f 334/1537/1373 1096/1536/1373 1829/1558/1373
f 1096/1536/1374 333/1528/1374 1130/1549/1374
f 1130/1549/1375 348/1552/1375 1125/1560/1375
f 1829/1558/1376 1125/1560/1376 349/1561/1376
f 1089/1540/1377 1830/1563/1377 1135/1562/1377
f 326/1533/1378 1132/1553/1378 1830/1563/1378
f 1830/1563/1379 1132/1553/1379 341/1557/1379
f 1135/1562/1380 1830/1563/1380 1118/1564/1380
f 335/1544/1381 1097/1543/1381 1831/1566/1381
f 1097/1543/1382 334/1537/1382 1134/1559/1382
f 1134/1559/1383 349/1561/1383 1126/1568/1383
f 1831/1566/1384 1126/1568/1384 350/1569/1384
f 1090/1547/1385 1832/1571/1385 1137/1570/1385
f 327/1541/1386 1135/1562/1386 1832/1571/1386
f 1832/1571/1387 1135/1562/1387 342/1565/1387
f 1137/1570/1388 1832/1571/1388 1119/1572/1388
f 336/1483/1389 1098/1482/1389 1833/1574/1389
f 1098/1482/1390 335/1544/1390 1136/1567/1390
f 1136/1567/1391 350/1569/1391 1127/1576/1391
f 1833/1574/1392 1127/1576/1392 351/1577/1392
f 1091/1487/1393 1834/1579/1393 1139/1578/1393
f 328/1486/1394 1137/1570/1394 1834/1579/1394
f 1834/1579/1395 1137/1570/1395 343/1573/1395
f 1139/1578/1396 1834/1579/1396 1120/1580/1396
f 337/1492/1397 1099/1491/1397 1835/1582/1397
f 1099/1491/1398 336/1483/1398 1138/1575/1398
f 1138/1575/1399 351/1577/1399 1128/1584/1399
f 1835/1582/1400 1128/1584/1400 352/1585/1400
f 1092/1495/1401 1836/1587/1401 1141/1586/1401
f 329/1488/1402 1139/1578/1402 1836/1587/1402
f 1836/1587/1403 1139/1578/1403 344/1581/1403
f 1141/1586/1404 1836/1587/1404 1121/1588/1404
f 1100/1499/2340 1837/1591/2340 1142/1590/2340
f 337/1492/2341 1140/2358/2341 1837/1591/2341
f 1837/1591/2342 1140/2358/2342 352/1592/2342
f 1142/1590/2343 1837/1591/2343 1129/1593/2343
f 1093/1503/1409 1838/1596/1409 1143/1595/1409
f 330/1496/1410 1141/1586/1410 1838/1596/1410
f 1838/1596/1411 1141/1586/1411 345/1589/1411
f 1143/1595/1412 1838/1596/1412 1122/1597/1412
f 324/1510/2344 1449/1602/2344 1839/1599/2344
f 1451/1601/2345 1839/1599/2345 1449/1602/2345
f 339/1604/2346 1144/2359/2346 1839/1599/2346
f 1450/1605/2347 1840/1608/2347 1452/1606/2347
f 338/1500/2348 1142/1590/2348 1840/1608/2348
f 353/1594/2349 1452/1606/2349 1840/1608/2349
f 332/1520/1419 1094/1519/1419 1841/1609/1419
f 1094/1519/1420 331/1504/1420 1143/1595/1420
f 1143/1595/1421 346/1598/1421 1123/1610/1421
f 1841/1609/1422 1123/1610/1422 347/1611/1422
f 325/1524/2350 1087/1523/2350 1842/1612/2350
f 1087/1523/2351 324/1510/2351 1144/1600/2351
f 1144/1600/2352 339/1604/2352 1116/1614/2352
f 1842/1612/2353 1116/1614/2353 340/1615/2353
f 352/1592/1427 1128/1618/1427 1843/1616/1427
f 1128/1618/1428 351/1692/1428 1160/1619/1428
f 1160/1619/1429 366/1695/1429 1157/1620/1429
f 1843/1616/1430 1157/1620/1430 367/1621/1430
f 1121/1622/1431 1844/1626/1431 1161/1623/1431
f 344/1625/1432 1162/1697/1432 1844/1626/1432
f 1844/1626/1433 1162/1697/1433 359/1627/1433
f 1161/1623/1434 1844/1626/1434 1150/1628/1434
f 1129/1593/2354 1845/1631/2354 1163/1630/2354
f 352/1592/2355 1159/1617/2355 1845/1631/2355
f 1845/1631/2356 1159/1617/2356 367/1621/2356
f 1163/1630/2357 1845/1631/2357 1158/1632/2357
f 1122/1634/1439 1846/1637/1439 1164/1635/1439
f 345/1624/1440 1161/1623/1440 1846/1637/1440
f 1846/1637/1441 1161/1623/1441 360/1629/1441
f 1164/1635/1442 1846/1637/1442 1151/1638/1442
f 339/1604/2358 1451/2360/2358 1847/1640/2358
f 1453/1642/2359 1847/1640/2359 1451/1643/2359
f 354/1645/2360 1165/2361/2360 1847/1640/2360
f 1452/1646/2361 1848/1649/2361 1454/1647/2361
f 353/1594/2362 1163/1630/2362 1848/1649/2362
f 368/1633/2363 1454/1647/2363 1848/1649/2363
f 347/1651/1449 1123/1610/1449 1849/1652/1449
f 1123/1610/1450 346/1636/1450 1164/1635/1450
f 1164/1635/1451 361/1639/1451 1152/1654/1451
f 1849/1652/1452 1152/1654/1452 362/1655/1452
f 340/1615/2364 1116/1614/2364 1850/1656/2364
f 1116/1614/2365 339/1604/2365 1165/1641/2365
f 1165/1641/2366 354/1645/2366 1145/1658/2366
f 1850/1656/2367 1145/1658/2367 355/1659/2367
f 348/1552/1457 1124/1662/1457 1851/1660/1457
f 1124/1662/1458 347/1651/1458 1166/1653/1458
f 1166/1653/1459 362/1655/1459 1153/1663/1459
f 1851/1660/1460 1153/1663/1460 363/1664/1460
f 1117/1665/1461 1852/1668/1461 1169/1666/1461
f 340/1615/1462 1167/1657/1462 1852/1668/1462
f 1852/1668/1463 1167/1657/1463 355/1659/1463
f 1169/1666/1464 1852/1668/1464 1146/1669/1464
f 349/1671/1465 1125/1560/1465 1853/1672/1465
f 1125/1560/1466 348/1552/1466 1168/1661/1466
f 1168/1661/1467 363/1664/1467 1154/1674/1467
f 1853/1672/1468 1154/1674/1468 364/1675/1468
f 1118/1676/1469 1854/1678/1469 1171/1677/1469
f 341/1667/1470 1169/1666/1470 1854/1678/1470
f 1854/1678/1471 1169/1666/1471 356/1670/1471
f 1171/1677/1472 1854/1678/1472 1147/1679/1472
f 350/1681/1473 1126/1684/1473 1855/1682/1473
f 1126/1684/1474 349/1671/1474 1170/1673/1474
f 1170/1673/1475 364/1675/1475 1155/1685/1475
f 1855/1682/1476 1155/1685/1476 365/1686/1476
f 1119/1572/1477 1856/1689/1477 1173/1687/1477
f 342/1565/1478 1171/1677/1478 1856/1689/1478
f 1856/1689/1479 1171/1677/1479 357/1680/1479
f 1173/1687/1480 1856/1689/1480 1148/1690/1480
f 351/1692/1481 1127/1576/1481 1857/1693/1481
f 1127/1576/1482 350/1681/1482 1172/1683/1482
f 1172/1683/1483 365/1686/1483 1156/1694/1483
f 1857/1693/1484 1156/1694/1484 366/1695/1484
f 1120/1696/1485 1858/1698/1485 1162/1697/1485
f 343/1688/1486 1173/1687/1486 1858/1698/1486
f 1858/1698/1487 1173/1687/1487 358/1691/1487
f 1162/1697/1488 1858/1698/1488 1149/1699/1488
f 1146/1700/1489 1859/1704/1489 1188/1701/1489
f 355/1703/1490 1189/1788/1490 1859/1704/1490
f 1859/1704/1491 1189/1788/1491 370/1705/1491
f 1188/1701/1492 1859/1704/1492 1175/1706/1492
f 364/1708/1493 1154/1711/1493 1860/1709/1493
f 1154/1711/1494 363/1791/1494 1191/1712/1494
f 1191/1712/1495 378/1795/1495 1183/1713/1495
f 1860/1709/1496 1183/1713/1496 379/1714/1496
f 1147/1715/1497 1861/1718/1497 1192/1716/1497
f 356/1702/1498 1188/1701/1498 1861/1718/1498
f 1861/1718/1499 1188/1701/1499 371/1707/1499
f 1192/1716/1500 1861/1718/1500 1176/1719/1500
f 365/1721/1501 1155/1724/1501 1862/1722/1501
f 1155/1724/1502 364/1708/1502 1190/1710/1502
f 1190/1710/1503 379/1714/1503 1184/1725/1503
f 1862/1722/1504 1184/1725/1504 380/1726/1504
f 1148/1727/1505 1863/1730/1505 1194/1728/1505
f 357/1717/1506 1192/1716/1506 1863/1730/1506
f 1863/1730/1507 1192/1716/1507 372/1720/1507
f 1194/1728/1508 1863/1730/1508 1177/1731/1508
f 366/1733/1509 1156/1736/1509 1864/1734/1509
f 1156/1736/1510 365/1721/1510 1193/1723/1510
f 1193/1723/2368 380/1726/2368 1185/1737/2368
f 1864/1734/1512 1185/1737/1512 381/1738/1512
f 1149/1739/1513 1865/1742/1513 1196/1740/1513
f 358/1729/1514 1194/1728/1514 1865/1742/1514
f 1865/1742/1515 1194/1728/1515 373/1732/1515
f 1196/1740/1516 1865/1742/1516 1178/1743/1516
f 367/1745/1517 1157/1748/1517 1866/1746/1517
f 1157/1748/1518 366/1733/1518 1195/1735/1518
f 1195/1735/1519 381/1738/1519 1186/1749/1519
f 1866/1746/1520 1186/1749/1520 382/1750/1520
f 1150/1751/1521 1867/1754/1521 1198/1752/1521
f 359/1741/1522 1196/1740/1522 1867/1754/1522
f 1867/1754/1523 1196/1740/1523 374/1744/1523
f 1198/1752/1524 1867/1754/1524 1179/1755/1524
f 1158/1757/2369 1868/1760/2369 1199/1758/2369
f 367/1745/2370 1197/1747/2370 1868/1760/2370
f 1868/1760/2371 1197/1747/2371 382/1750/2371
f 1199/1758/2372 1868/1760/2372 1187/1761/2372
f 1151/1763/1529 1869/1766/1529 1200/1764/1529
f 360/1753/1530 1198/1752/1530 1869/1766/1530
f 1869/1766/1531 1198/1752/1531 375/1756/1531
f 1200/1764/1532 1869/1766/1532 1180/1767/1532
f 354/1769/2373 1453/1773/2373 1870/1770/2373
f 1455/1772/2374 1870/1770/2374 1453/1773/2374
f 369/1775/2375 1201/2362/2375 1870/1770/2375
f 1454/1776/2376 1871/1779/2376 1456/1777/2376
f 368/1759/2377 1199/1758/2377 1871/1779/2377
f 383/1762/2378 1456/1777/2378 1871/1779/2378
f 362/1781/1539 1152/1784/1539 1872/1782/1539
f 1152/1784/1540 361/1765/1540 1200/1764/1540
f 1200/1764/1541 376/1768/1541 1181/1785/1541
f 1872/1782/1542 1181/1785/1542 377/1786/1542
f 355/1703/2379 1145/1789/2379 1873/1787/2379
f 1145/1789/2380 354/1769/2380 1201/1771/2380
f 1201/1771/2381 369/1775/2381 1174/1790/2381
f 1873/1787/2382 1174/1790/2382 370/1705/2382
f 363/1791/1547 1153/1793/1547 1874/1792/1547
f 1153/1793/1548 362/1781/1548 1202/1783/1548
f 1202/1783/1549 377/1786/1549 1182/1794/1549
f 1874/1792/1550 1182/1794/1550 378/1795/1550
f 1179/1796/1551 1875/1800/1551 1217/1797/1551
f 374/1799/1552 1218/1880/1552 1875/1800/1552
f 1875/1800/1553 1218/1880/1553 389/1801/1553
f 1217/1797/1554 1875/1800/1554 1208/1802/1554
f 1187/1761/2383 1876/1805/2383 1219/1804/2383
f 382/1750/2384 1220/2363/2384 1876/1805/2384
f 1876/1805/2385 1220/2363/2385 397/1806/2385
f 1219/1804/2386 1876/1805/2386 1216/1807/2386
f 1180/1809/1559 1877/1812/1559 1221/1810/1559
f 375/1798/1560 1217/1797/1560 1877/1812/1560
f 1877/1812/2387 1217/1797/2387 390/1803/2387
f 1221/1810/1562 1877/1812/1562 1209/1813/1562
f 369/1775/2388 1455/1818/2388 1878/1815/2388
f 1457/1817/2389 1878/1815/2389 1455/1818/2389
f 384/1820/2390 1222/2364/2390 1878/1815/2390
f 1456/1821/2391 1879/1824/2391 1458/1822/2391
f 383/1762/2392 1219/1804/2392 1879/1824/2392
f 398/1808/2393 1458/1822/2393 1879/1824/2393
f 377/1826/1569 1181/1829/1569 1880/1827/1569
f 1181/1829/1570 376/1811/1570 1221/1810/1570
f 1221/1810/1571 391/1814/1571 1210/1830/1571
f 1880/1827/1572 1210/1830/1572 392/1831/1572
f 370/1705/2394 1174/1790/2394 1881/1832/2394
f 1174/1790/2395 369/1775/2395 1222/1816/2395
f 1222/1816/2396 384/1820/2396 1203/1834/2396
f 1881/1832/2397 1203/1834/2397 385/1835/2397
f 378/1836/1577 1182/1839/1577 1882/1837/1577
f 1182/1839/1578 377/1826/1578 1223/1828/1578
f 1223/1828/1579 392/1831/1579 1211/1840/1579
f 1882/1837/1580 1211/1840/1580 393/1841/1580
f 1175/1842/1581 1883/1846/1581 1226/1843/1581
f 370/1845/1582 1224/2365/1582 1883/1846/1582
f 1883/1846/1583 1224/2365/1583 385/1835/1583
f 1226/1843/1584 1883/1846/1584 1204/1847/1584
f 379/1849/1585 1183/1852/1585 1884/1850/1585
f 1183/1852/1586 378/1836/1586 1225/1838/1586
f 1225/1838/1587 393/1841/1587 1212/1853/1587
f 1884/1850/1588 1212/1853/1588 394/1854/1588
f 1176/1855/1589 1885/1858/1589 1228/1856/1589
f 371/1844/1590 1226/1843/1590 1885/1858/1590
f 1885/1858/1591 1226/1843/1591 386/1848/1591
f 1228/1856/1592 1885/1858/1592 1205/1859/1592
f 380/1861/1593 1184/1864/1593 1886/1862/1593
f 1184/1864/1594 379/1849/1594 1227/1851/1594
f 1227/1851/1595 394/1854/1595 1213/1865/1595
f 1886/1862/1596 1213/1865/1596 395/1866/1596
f 1177/1867/1597 1887/1870/1597 1230/1868/1597
f 372/1857/1598 1228/1856/1598 1887/1870/1598
f 1887/1870/1599 1228/1856/1599 387/1860/1599
f 1230/1868/1600 1887/1870/1600 1206/1871/1600
f 381/1873/1601 1185/1876/1601 1888/1874/1601
f 1185/1876/1602 380/1861/1602 1229/1863/1602
f 1229/1863/1603 395/1866/1603 1214/1877/1603
f 1888/1874/1604 1214/1877/1604 396/1878/1604
f 1178/1879/1605 1889/1881/1605 1218/1880/1605
f 373/1869/1606 1230/1868/1606 1889/1881/1606
f 1889/1881/1607 1230/1868/1607 388/1872/1607
f 1218/1880/1608 1889/1881/1608 1207/1882/1608
f 382/1883/1609 1186/1886/1609 1890/1884/1609
f 1186/1886/1610 381/1873/1610 1231/1875/1610
f 1231/1875/1611 396/1878/1611 1215/1887/1611
f 1890/1884/1612 1215/1887/1612 397/1806/1612
f 394/1854/1613 1212/1853/1613 1891/1888/1613
f 1212/1853/1614 393/1841/1614 1247/1890/1614
f 1247/1890/1615 408/1952/1615 1241/1891/1615
f 1891/1888/1616 1241/1891/1616 409/1892/1616
f 1205/1859/1617 1892/1894/1617 1248/1893/1617
f 386/1848/1618 1249/1953/1618 1892/1894/1618
f 1892/1894/1619 1249/1953/1619 401/1895/1619
f 1248/1893/1620 1892/1894/1620 1234/1896/1620
f 395/1866/1621 1213/1865/1621 1893/1898/1621
f 1213/1865/1622 394/1854/1622 1246/1889/1622
f 1246/1889/1623 409/1892/1623 1242/1900/1623
f 1893/1898/1624 1242/1900/1624 410/1901/1624
f 1206/1871/1625 1894/1903/1625 1251/1902/1625
f 387/1860/1626 1248/1893/1626 1894/1903/1626
f 1894/1903/1627 1248/1893/1627 402/1897/1627
f 1251/1902/1628 1894/1903/1628 1235/1904/1628
f 396/1878/1629 1214/1877/1629 1895/1906/1629
f 1214/1877/2398 395/1866/2398 1250/1899/2398
f 1250/1899/1631 410/1901/1631 1243/1908/1631
f 1895/1906/1632 1243/1908/1632 411/1909/1632
f 1207/1882/1633 1896/1911/1633 1253/1910/1633
f 388/1872/1634 1251/1902/1634 1896/1911/1634
f 1896/1911/1635 1251/1902/1635 403/1905/1635
f 1253/1910/1636 1896/1911/1636 1236/1912/1636
f 397/1806/1637 1215/1887/1637 1897/1914/1637
f 1215/1887/1638 396/1878/1638 1252/1907/1638
f 1252/1907/1639 411/1909/1639 1244/1916/1639
f 1897/1914/1640 1244/1916/1640 412/1917/1640
f 1208/1802/1641 1898/1919/1641 1255/1918/1641
f 389/1801/1642 1253/1910/1642 1898/1919/1642
f 1898/1919/1643 1253/1910/1643 404/1913/1643
f 1255/1918/1644 1898/1919/1644 1237/1920/1644
f 1216/1807/2399 1899/1923/2399 1256/1922/2399
f 397/1806/2400 1254/2366/2400 1899/1923/2400
f 1899/1923/2401 1254/2366/2401 412/1924/2401
f 1256/1922/2402 1899/1923/2402 1245/1925/2402
f 1209/1813/1649 1900/1928/1649 1257/1927/1649
f 390/1803/1650 1255/1918/1650 1900/1928/1650
f 1900/1928/1651 1255/1918/1651 405/1921/1651
f 1257/1927/1652 1900/1928/1652 1238/1929/1652
f 384/1820/2403 1457/1934/2403 1901/1931/2403
f 1459/1933/2404 1901/1931/2404 1457/1934/2404
f 399/1936/2405 1258/2367/2405 1901/1931/2405
f 1458/1937/2406 1902/1940/2406 1460/1938/2406
f 398/1808/2407 1256/1941/2407 1902/1940/2407
f 413/1926/2408 1460/1938/2408 1902/1940/2408
f 392/1831/1659 1210/1830/1659 1903/1942/1659
f 1210/1830/1660 391/1814/1660 1257/1927/1660
f 1257/1927/1661 406/1930/1661 1239/1944/1661
f 1903/1942/1662 1239/1944/1662 407/1945/1662
f 385/1835/2409 1203/1834/2409 1904/1946/2409
f 1203/1834/2410 384/1820/2410 1258/1932/2410
f 1258/1932/2411 399/1936/2411 1232/1948/2411
f 1904/1946/2412 1232/1948/2412 400/1949/2412
f 393/1841/1667 1211/1840/1667 1905/1950/1667
f 1211/1840/1668 392/1831/1668 1259/1943/1668
f 1259/1943/1669 407/1945/1669 1240/1951/1669
f 1905/1950/1670 1240/1951/1670 408/1952/1670
f 1204/1847/1671 1906/1954/1671 1249/1953/1671
f 385/1835/1672 1260/2368/1672 1906/1954/1672
f 1906/1954/1673 1260/2368/1673 400/1955/1673
f 1249/1953/1674 1906/1954/1674 1233/1956/1674
f 1245/1925/2413 1907/1958/2413 1275/1957/2413
f 412/1924/2414 1276/2369/2414 1907/1958/2414
f 1907/1958/2415 1276/2369/2415 427/1959/2415
f 1275/1957/2416 1907/1958/2416 1274/1960/2416
f 1238/1929/1679 1908/1963/1679 1277/1962/1679
f 405/1921/1680 1278/2021/1680 1908/1963/1680
f 1908/1963/1681 1278/2021/1681 420/1964/1681
f 1277/1962/1682 1908/1963/1682 1267/1965/1682
f 399/1936/2417 1459/1970/2417 1909/1967/2417
f 1461/1969/2418 1909/1967/2418 1459/1970/2418
f 414/1972/2419 1279/2370/2419 1909/1967/2419
f 1460/1973/2420 1910/1976/2420 1462/1974/2420
f 413/1926/2421 1275/1957/2421 1910/1976/2421
f 428/1961/2422 1462/1974/2422 1910/1976/2422
f 407/1945/1689 1239/1944/1689 1911/1977/1689
f 1239/1944/1690 406/1930/1690 1277/1962/1690
f 1277/1962/1691 421/1966/1691 1268/1979/1691
f 1911/1977/1692 1268/1979/1692 422/1980/1692
f 400/1949/2423 1232/1948/2423 1912/1981/2423
f 1232/1948/2424 399/1936/2424 1279/1968/2424
f 1279/1968/2425 414/1972/2425 1261/1983/2425
f 1912/1981/2426 1261/1983/2426 415/1984/2426
f 408/1952/1697 1240/1951/1697 1913/1985/1697
f 1240/1951/1698 407/1945/1698 1280/1978/1698
f 1280/1978/1699 422/1980/1699 1269/1987/1699
f 1913/1985/1700 1269/1987/1700 423/1988/1700
f 1233/1956/1701 1914/1990/1701 1283/1989/1701
f 400/1955/1702 1281/2371/1702 1914/1990/1702
f 1914/1990/2427 1281/2371/2427 415/1991/2427
f 1283/1989/1704 1914/1990/1704 1262/1992/1704
f 409/1892/1705 1241/1891/1705 1915/1994/1705
f 1241/1891/1706 408/1952/1706 1282/1986/1706
f 1282/1986/1707 423/1988/1707 1270/1996/1707
f 1915/1994/1708 1270/1996/1708 424/1997/1708
f 1234/1896/1709 1916/1999/1709 1285/1998/1709
f 401/1895/1710 1283/1989/1710 1916/1999/1710
f 1916/1999/1711 1283/1989/1711 416/1993/1711
f 1285/1998/2428 1916/1999/2428 1263/2000/2428
f 410/1901/1713 1242/1900/1713 1917/2002/1713
f 1242/1900/1714 409/1892/1714 1284/1995/1714
f 1284/1995/1715 424/1997/1715 1271/2004/1715
f 1917/2002/1716 1271/2004/1716 425/2005/1716
f 1235/1904/1717 1918/2007/1717 1287/2006/1717
f 402/1897/1718 1285/1998/1718 1918/2007/1718
f 1918/2007/1719 1285/1998/1719 417/2001/1719
f 1287/2006/1720 1918/2007/1720 1264/2008/1720
f 411/1909/1721 1243/1908/1721 1919/2010/1721
f 1243/1908/1722 410/1901/1722 1286/2003/1722
f 1286/2003/1723 425/2005/1723 1272/2012/1723
f 1919/2010/1724 1272/2012/1724 426/2013/1724
f 1236/1912/1725 1920/2015/1725 1289/2014/1725
f 403/1905/1726 1287/2006/1726 1920/2015/1726
f 1920/2015/1727 1287/2006/1727 418/2009/1727
f 1289/2014/1728 1920/2015/1728 1265/2016/1728
f 412/1917/1729 1244/1916/1729 1921/2018/1729
f 1244/1916/1730 411/1909/1730 1288/2011/1730
f 1288/2011/1731 426/2013/1731 1273/2020/1731
f 1921/2018/1732 1273/2020/1732 427/1959/1732
f 1237/1920/1733 1922/2022/1733 1278/2021/1733
f 404/1913/1734 1289/2014/1734 1922/2022/1734
f 1922/2022/1735 1289/2014/1735 419/2017/1735
f 1278/2021/1736 1922/2022/1736 1266/2023/1736
f 1263/2000/1737 1923/2025/1737 1304/2024/1737
f 416/1993/1738 1305/2087/1738 1923/2025/1738
f 1923/2025/1739 1305/2087/1739 431/2026/1739
f 1304/2024/1740 1923/2025/1740 1292/2027/1740
f 425/2005/1741 1271/2004/1741 1924/2029/1741
f 1271/2004/1742 424/1997/1742 1307/2031/1742
f 1307/2031/1743 439/2093/1743 1300/2032/1743
f 1924/2029/1744 1300/2032/1744 440/2033/1744
f 1264/2008/1745 1925/2035/1745 1308/2034/1745
f 417/2001/1746 1304/2024/1746 1925/2035/1746
f 1925/2035/1747 1304/2024/1747 432/2028/1747
f 1308/2034/1748 1925/2035/1748 1293/2036/1748
f 426/2013/1749 1272/2012/1749 1926/2038/1749
f 1272/2012/1750 425/2005/1750 1306/2030/1750
f 1306/2030/1751 440/2033/1751 1301/2040/1751
f 1926/2038/1752 1301/2040/1752 441/2041/1752
f 1265/2016/1753 1927/2043/1753 1310/2042/1753
f 418/2009/1754 1308/2034/1754 1927/2043/1754
f 1927/2043/1755 1308/2034/1755 433/2037/1755
f 1310/2042/1756 1927/2043/1756 1294/2044/1756
f 427/1959/1757 1273/2020/1757 1928/2046/1757
f 1273/2020/1758 426/2013/1758 1309/2039/1758
f 1309/2039/2429 441/2041/2429 1302/2048/2429
f 1928/2046/1760 1302/2048/1760 442/2049/1760
f 1266/2023/1761 1929/2051/1761 1312/2050/1761
f 419/2017/1762 1310/2042/1762 1929/2051/1762
f 1929/2051/1763 1310/2042/1763 434/2045/1763
f 1312/2050/1764 1929/2051/1764 1295/2052/1764
f 1274/1960/2430 1930/2055/2430 1313/2054/2430
f 427/1959/2431 1311/2372/2431 1930/2055/2431
f 1930/2055/2432 1311/2372/2432 442/2056/2432
f 1313/2054/2433 1930/2055/2433 1303/2057/2433
f 1267/1965/2434 1931/2060/2434 1314/2059/2434
f 420/1964/1770 1312/2050/1770 1931/2060/1770
f 1931/2060/1771 1312/2050/1771 435/2053/1771
f 1314/2059/1772 1931/2060/1772 1296/2061/1772
f 414/1972/2435 1461/2373/2435 1932/2063/2435
f 1463/2065/2436 1932/2063/2436 1461/2066/2436
f 429/2068/2437 1315/2374/2437 1932/2063/2437
f 1462/2069/2438 1933/2072/2438 1464/2070/2438
f 428/1961/2439 1313/2375/2439 1933/2072/2439
f 443/2058/2440 1464/2070/2440 1933/2072/2440
f 422/1980/1779 1268/1979/1779 1934/2075/1779
f 1268/1979/2441 421/1966/2441 1314/2059/2441
f 1314/2059/1781 436/2062/1781 1297/2077/1781
f 1934/2075/1782 1297/2077/1782 437/2078/1782
f 415/1984/2442 1261/1983/2442 1935/2079/2442
f 1261/1983/2443 414/1972/2443 1315/2064/2443
f 1315/2064/2444 429/2068/2444 1290/2081/2444
f 1935/2079/2445 1290/2081/2445 430/2082/2445
f 423/1988/1787 1269/1987/1787 1936/2083/1787
f 1269/1987/1788 422/1980/1788 1316/2076/1788
f 1316/2076/1789 437/2078/1789 1298/2085/1789
f 1936/2083/1790 1298/2085/1790 438/2086/1790
f 1262/1992/1791 1937/2088/1791 1305/2087/1791
f 415/1991/1792 1317/2376/1792 1937/2088/1792
f 1937/2088/1793 1317/2376/1793 430/2089/1793
f 1305/2087/2446 1937/2088/2446 1291/2090/2446
f 424/1997/1795 1270/1996/1795 1938/2091/1795
f 1270/1996/1796 423/1988/1796 1318/2084/1796
f 1318/2084/1797 438/2086/1797 1299/2092/1797
f 1938/2091/1798 1299/2092/1798 439/2093/1798
f 1296/2061/2447 1939/2095/2447 1333/2094/2447
f 435/2053/1800 1334/2156/1800 1939/2095/1800
f 1939/2095/1801 1334/2156/1801 450/2096/1801
f 1333/2094/1802 1939/2095/1802 1325/2097/1802
f 429/2068/2448 1463/2102/2448 1940/2099/2448
f 1465/2101/2449 1940/2099/2449 1463/2102/2449
f 444/2104/2450 1335/2377/2450 1940/2099/2450
f 1464/2106/2451 1941/2109/2451 1466/2107/2451
f 443/2058/2452 1336/2378/2452 1941/2109/2452
f 458/2110/2453 1466/2379/2453 1941/2109/2453
f 437/2078/1809 1297/2077/1809 1942/2112/1809
f 1297/2077/2454 436/2062/2454 1333/2094/2454
f 1333/2094/1811 451/2098/1811 1326/2114/1811
f 1942/2112/1812 1326/2114/1812 452/2115/1812
f 430/2082/2455 1290/2081/2455 1943/2116/2455
f 1290/2081/2456 429/2068/2456 1335/2100/2456
f 1335/2100/2457 444/2104/2457 1319/2118/2457
f 1943/2116/2458 1319/2118/2458 445/2119/2458
f 438/2086/1817 1298/2085/1817 1944/2120/1817
f 1298/2085/1818 437/2078/1818 1337/2113/1818
f 1337/2113/1819 452/2115/1819 1327/2122/1819
f 1944/2120/1820 1327/2122/1820 453/2123/1820
f 1291/2090/1821 1945/2125/1821 1340/2124/1821
f 430/2089/1822 1338/2380/1822 1945/2125/1822
f 1945/2125/1823 1338/2380/1823 445/2119/1823
f 1340/2124/1824 1945/2125/1824 1320/2126/1824
f 439/2093/1825 1299/2092/1825 1946/2128/1825
f 1299/2092/1826 438/2086/1826 1339/2121/1826
f 1339/2121/1827 453/2123/1827 1328/2130/1827
f 1946/2128/1828 1328/2130/1828 454/2131/1828
f 1292/2027/1829 1947/2133/1829 1342/2132/1829
f 431/2026/1830 1340/2124/1830 1947/2133/1830
f 1947/2133/1831 1340/2124/1831 446/2127/1831
f 1342/2132/1832 1947/2133/1832 1321/2134/1832
f 440/2033/1833 1300/2032/1833 1948/2136/1833
f 1300/2032/1834 439/2093/1834 1341/2129/1834
f 1341/2129/1835 454/2131/1835 1329/2138/1835
f 1948/2136/1836 1329/2138/1836 455/2139/1836
f 1293/2036/1837 1949/2141/1837 1344/2140/1837
f 432/2028/1838 1342/2132/1838 1949/2141/1838
f 1949/2141/1839 1342/2132/1839 447/2135/1839
f 1344/2140/1840 1949/2141/1840 1322/2142/1840
f 441/2041/1841 1301/2040/1841 1950/2144/1841
f 1301/2040/1842 440/2033/1842 1343/2137/1842
f 1343/2137/1843 455/2139/1843 1330/2146/1843
f 1950/2144/1844 1330/2146/1844 456/2147/1844
f 1294/2044/1845 1951/2149/1845 1346/2148/1845
f 433/2037/1846 1344/2140/1846 1951/2149/1846
f 1951/2149/1847 1344/2140/1847 448/2143/1847
f 1346/2148/1848 1951/2149/1848 1323/2150/1848
f 442/2049/1849 1302/2048/1849 1952/2152/1849
f 1302/2048/1850 441/2041/1850 1345/2145/1850
f 1345/2145/1851 456/2147/1851 1331/2154/1851
f 1952/2152/1852 1331/2154/1852 457/2155/1852
f 1295/2052/2459 1953/2157/2459 1334/2156/2459
f 434/2045/1854 1346/2148/1854 1953/2157/1854
f 1953/2157/1855 1346/2148/1855 449/2151/1855
f 1334/2156/1856 1953/2157/1856 1324/2158/1856
f 1303/2057/2460 1954/2160/2460 1336/2159/2460
f 442/2056/2461 1347/2153/2461 1954/2160/2461
f 1954/2160/2462 1347/2153/2462 457/2161/2462
f 1336/2159/2463 1954/2160/2463 1332/2162/2463
f 455/2139/1861 1329/2138/1861 1955/2163/1861
f 1329/2138/1862 454/2131/1862 1363/2165/1862
f 1363/2165/1863 469/2229/1863 1358/2166/1863
f 1955/2163/1864 1358/2166/1864 470/2167/1864
f 1322/2142/1865 1956/2169/1865 1364/2168/1865
f 447/2135/1866 1365/2230/1866 1956/2169/1866
f 1956/2169/1867 1365/2230/1867 462/2170/1867
f 1364/2168/1868 1956/2169/1868 1351/2171/1868
f 456/2147/1869 1330/2146/1869 1957/2173/1869
f 1330/2146/1870 455/2139/1870 1362/2164/1870
f 1362/2164/1871 470/2167/1871 1359/2175/1871
f 1957/2173/1872 1359/2175/1872 471/2176/1872
f 1323/2150/1873 1958/2178/1873 1367/2177/1873
f 448/2143/1874 1364/2168/1874 1958/2178/1874
f 1958/2178/1875 1364/2168/1875 463/2172/1875
f 1367/2177/1876 1958/2178/1876 1352/2179/1876
f 457/2155/1877 1331/2154/1877 1959/2181/1877
f 1331/2154/2464 456/2147/2464 1366/2174/2464
f 1366/2174/1879 471/2176/1879 1360/2183/1879
f 1959/2181/1880 1360/2183/1880 472/2184/1880
f 1324/2158/1881 1960/2186/1881 1369/2185/1881
f 449/2151/1882 1367/2177/1882 1960/2186/1882
f 1960/2186/1883 1367/2177/1883 464/2180/1883
f 1369/2185/1884 1960/2186/1884 1353/2187/1884
f 1332/2162/2465 1961/2190/2465 1370/2189/2465
f 457/2161/2466 1368/2381/2466 1961/2190/2466
f 1961/2190/2467 1368/2381/2467 472/2191/2467
f 1370/2189/2468 1961/2190/2468 1361/2192/2468
f 1325/2097/1889 1962/2195/1889 1371/2194/1889
f 450/2096/1890 1369/2185/1890 1962/2195/1890
f 1962/2195/1891 1369/2185/1891 465/2188/1891
f 1371/2194/1892 1962/2195/1892 1354/2196/1892
f 444/2104/2469 1465/2201/2469 1963/2198/2469
f 1467/2200/2470 1963/2198/2470 1465/2201/2470
f 459/2203/2471 1372/2382/2471 1963/2198/2471
f 1466/2204/2472 1964/2207/2472 1468/2205/2472
f 458/2110/2473 1370/2383/2473 1964/2207/2473
f 473/2193/2474 1468/2384/2474 1964/2207/2474
f 452/2115/1899 1326/2114/1899 1965/2210/1899
f 1326/2114/1900 451/2098/1900 1371/2194/1900
f 1371/2194/2475 466/2197/2475 1355/2212/2475
f 1965/2210/1902 1355/2212/1902 467/2213/1902
f 445/2119/2476 1319/2118/2476 1966/2214/2476
f 1319/2118/2477 444/2104/2477 1372/2199/2477
f 1372/2199/2478 459/2203/2478 1348/2216/2478
f 1966/2214/2479 1348/2216/2479 460/2217/2479
f 453/2123/1907 1327/2122/1907 1967/2218/1907
f 1327/2122/1908 452/2115/1908 1373/2211/1908
f 1373/2211/1909 467/2213/1909 1356/2220/1909
f 1967/2218/1910 1356/2220/1910 468/2221/1910
f 1320/2126/1911 1968/2223/1911 1376/2222/1911
f 445/2119/1912 1374/2385/1912 1968/2223/1912
f 1968/2223/1913 1374/2385/1913 460/2224/1913
f 1376/2222/1914 1968/2223/1914 1349/2225/1914
f 454/2131/2480 1328/2130/2480 1969/2227/2480
f 1328/2130/1916 453/2123/1916 1375/2219/1916
f 1375/2219/1917 468/2221/1917 1357/2228/1917
f 1969/2227/1918 1357/2228/1918 469/2229/1918
f 1321/2134/1919 1970/2231/1919 1365/2230/1919
f 446/2127/1920 1376/2222/1920 1970/2231/1920
f 1970/2231/1921 1376/2222/1921 461/2226/1921
f 1365/2230/1922 1970/2231/1922 1350/2232/1922
f 1468/2233/2481 1971/2236/2481 1399/2234/2481
f 473/2193/2482 1381/2386/2482 1971/2236/2482
f 482/11/2483 1399/2387/2483 1971/2236/2483
f 467/2213/1926 1355/2212/1926 1972/2239/1926
f 1355/2212/1927 466/2197/1927 1470/2241/1927
f 1470/2241/1928 4/98/1928 484/19/1928
f 1972/2239/2484 484/19/2484 5/16/2484
f 460/2217/2485 1348/2216/2485 1973/2242/2485
f 1348/2216/2486 459/2203/2486 1383/2244/2486
f 1383/2244/2487 474/1/2487 1377/26/2487
f 1973/2242/2488 1377/26/2488 475/23/2488
f 468/2221/1934 1356/2220/1934 1974/2245/1934
f 1356/2220/1935 467/2213/1935 1469/2240/1935
f 1469/2240/1936 5/16/1936 1396/32/1936
f 1974/2245/1937 1396/32/1937 478/29/1937
f 1349/2225/2489 1975/2248/2489 1471/2247/2489
f 460/2224/1939 1382/2388/1939 1975/2248/1939
f 1975/2248/1940 1382/2388/1940 475/38/1940
f 1471/2247/1941 1975/2248/1941 1391/35/1941
f 469/2229/1942 1357/2228/1942 1976/2249/1942
f 1357/2228/1943 468/2221/1943 1384/2246/1943
f 1384/2246/1944 478/29/1944 1397/46/1944
f 1976/2249/1945 1397/46/1945 6/43/1945
f 1350/2232/1946 1977/2252/1946 1385/2251/1946
f 461/2226/1947 1471/2247/1947 1977/2252/1947
f 1977/2252/1948 1471/2247/1948 1/37/1948
f 1385/2251/1949 1977/2252/1949 1392/49/1949
f 470/2167/1950 1358/2166/1950 1978/2253/1950
f 1358/2166/1951 469/2229/1951 1472/2250/1951
f 1472/2250/1952 6/43/1952 1398/58/1952
f 1978/2253/1953 1398/58/1953 479/55/1953
f 1351/2171/1954 1979/2256/1954 1473/2255/1954
f 462/2170/1955 1385/2251/1955 1979/2256/1955
f 1979/2256/1956 1385/2251/1956 476/51/1956
f 1473/2255/1957 1979/2256/1957 1393/61/1957
f 471/2176/1958 1359/2175/1958 1980/2257/1958
f 1359/2175/1959 470/2167/1959 1386/2254/1959
f 1386/2254/2490 479/55/2490 1378/70/2490
f 1980/2257/1961 1378/70/1961 480/67/1961
f 1352/2179/1962 1981/2260/1962 1388/2259/1962
f 463/2172/1963 1473/2255/1963 1981/2260/1963
f 1981/2260/1964 1473/2255/1964 2/63/1964
f 1388/2259/1965 1981/2260/1965 1394/73/1965
f 472/2184/1966 1360/2183/1966 1982/2261/1966
f 1360/2183/1967 471/2176/1967 1387/2258/1967
f 1387/2258/1968 480/67/1968 1379/82/1968
f 1982/2261/1969 1379/82/1969 481/79/1969
f 1353/2187/1970 1983/2264/1970 1474/2263/1970
f 464/2180/1971 1388/2259/1971 1983/2264/1971
f 1983/2264/1972 1388/2259/1972 477/75/1972
f 1474/2263/1973 1983/2264/1973 1395/85/1973
f 1361/2192/2491 1984/2266/2491 1381/2265/2491
f 472/2191/2492 1389/2389/2492 1984/2266/2492
f 1984/2266/2493 1389/2389/2493 481/93/2493
f 1381/2265/2494 1984/2266/2494 1380/91/2494
f 1354/2196/1978 1985/2267/1978 1470/2241/1978
f 465/2188/1979 1474/2263/1979 1985/2267/1979
f 1985/2267/1980 1474/2263/1980 3/87/1980
f 1470/2241/1981 1985/2267/1981 483/97/1981
f 459/2203/2495 1467/2390/2495 1986/2268/2495
f 1390/2269/2496 1986/2268/2496 1467/2270/2496
f 474/1/2497 1383/2391/2497 1986/2268/2497
