# Blender 4.2.2 LTS
# www.blender.org
mtllib trench.mtl
o Cube
v 161.181839 481.393616 -97.162727
v 161.181839 481.393616 -117.362724
v 161.181839 -398.860962 -97.162727
v 161.181839 -398.860962 -117.362724
v -161.181839 481.393616 -97.162727
v -161.181839 481.393616 -117.362724
v -161.181839 -398.860962 -97.162727
v -161.181839 -398.860962 -117.362724
v -161.181839 41.266331 -117.362724
v 0.000000 481.393616 -117.362724
v 161.181839 481.393616 -107.262726
v -161.181839 -398.860962 -107.262726
v 161.181839 -398.860962 -107.262726
v -161.181839 481.393616 -107.262726
v 0.000000 -398.860962 -97.162727
v 161.181839 41.266331 -97.162727
v 0.000000 -398.860962 -117.362724
v -161.181839 41.266331 -97.162727
v 0.000000 481.393616 -97.162727
v 161.181839 41.266331 -117.362724
v 0.000000 481.393616 -107.262726
v 161.181839 41.266331 -107.262726
v 0.000000 41.266331 -117.362724
v -161.181839 41.266331 -107.262726
v 0.000000 -398.860962 -107.262726
v 0.000000 41.266331 -97.162727
v -161.181839 -178.797318 -117.362724
v -80.590919 481.393616 -117.362724
v 161.181839 481.393616 -112.312729
v -161.181839 -398.860962 -102.212723
v 161.181839 -398.860962 -112.312729
v -161.181839 481.393616 -112.312729
v -80.590919 -398.860962 -97.162727
v 161.181839 -178.797318 -97.162727
v 80.590919 -398.860962 -117.362724
v -161.181839 261.329987 -97.162727
v 80.590919 481.393616 -97.162727
v 161.181839 261.329987 -117.362724
v -161.181839 261.329987 -117.362724
v 80.590919 481.393616 -117.362724
v 161.181839 481.393616 -102.212723
v -161.181839 -398.860962 -112.312729
v 161.181839 -398.860962 -102.212723
v -161.181839 481.393616 -102.212723
v 80.590919 -398.860962 -97.162727
v 161.181839 261.329987 -97.162727
v -80.590919 -398.860962 -117.362724
v -161.181839 -178.797318 -97.162727
v -80.590919 481.393616 -97.162727
v 161.181839 -178.797318 -117.362724
v 80.590919 481.393616 -107.262726
v -80.590919 481.393616 -107.262726
v 0.000000 481.393616 -112.312729
v 0.000000 481.393616 -102.212723
v 161.181839 -178.797318 -107.262726
v 161.181839 261.329987 -107.262726
v 161.181839 41.266331 -112.312729
v 161.181839 41.266331 -102.212723
v 0.000000 -178.797318 -117.362724
v 0.000000 261.329987 -117.362724
v -80.590919 41.266331 -117.362724
v 80.590919 41.266331 -117.362724
v -161.181839 261.329987 -107.262726
v -161.181839 -178.797318 -107.262726
v -161.181839 41.266331 -112.312729
v -161.181839 41.266331 -102.212723
v -80.590919 -398.860962 -107.262726
v 80.590919 -398.860962 -107.262726
v 0.000000 -398.860962 -112.312729
v 0.000000 -398.860962 -102.212723
v 0.000000 -178.797318 -97.162727
v 0.000000 261.329987 -97.162727
v 80.590919 41.266331 -97.162727
v -80.590919 41.266331 -97.162727
v -80.590919 261.329987 -97.162727
v 80.590919 261.329987 -97.162727
v 80.590919 -178.797318 -97.162727
v 80.590919 -398.860962 -102.212723
v 80.590919 -398.860962 -112.312729
v -80.590919 -398.860962 -112.312729
v -161.181839 -178.797318 -102.212723
v -161.181839 -178.797318 -112.312729
v -161.181839 261.329987 -112.312729
v 80.590919 261.329987 -117.362724
v -80.590919 261.329987 -117.362724
v -80.590919 -178.797318 -117.362724
v 161.181839 261.329987 -102.212723
v 161.181839 261.329987 -112.312729
v 161.181839 -178.797318 -112.312729
v -80.590919 481.393616 -102.212723
v -80.590919 481.393616 -112.312729
v 80.590919 481.393616 -112.312729
v 80.590919 481.393616 -102.212723
v 161.181839 -178.797318 -102.212723
v 80.590919 -178.797318 -117.362724
v -161.181839 261.329987 -102.212723
v -80.590919 -398.860962 -102.212723
v -80.590919 -178.797318 -97.162727
v -161.181839 -288.829132 -117.362724
v -120.886383 481.393616 -117.362724
v 161.181839 481.393616 -114.837723
v -161.181839 -398.860962 -99.687729
v 161.181839 -398.860962 -114.837723
v -161.181839 481.393616 -114.837723
v -120.886383 -398.860962 -97.162727
v 161.181839 -288.829132 -97.162727
v 120.886383 -398.860962 -117.362724
v -161.181839 371.361786 -97.162727
v 120.886383 481.393616 -97.162727
v 161.181839 371.361786 -117.362724
v -161.181839 151.298157 -117.362724
v 40.295460 481.393616 -117.362724
v 161.181839 481.393616 -104.737724
v -161.181839 -398.860962 -109.787727
v 161.181839 -398.860962 -104.737724
v -161.181839 481.393616 -104.737724
v 40.295460 -398.860962 -97.162727
v 161.181839 151.298157 -97.162727
v -40.295460 -398.860962 -117.362724
v -161.181839 -68.765488 -97.162727
v -40.295460 481.393616 -97.162727
v 161.181839 -68.765488 -117.362724
v 120.886383 481.393616 -107.262726
v -40.295460 481.393616 -107.262726
v 0.000000 481.393616 -114.837723
v 0.000000 481.393616 -104.737724
v 161.181839 -288.829132 -107.262726
v 161.181839 151.298157 -107.262726
v 161.181839 41.266331 -114.837723
v 161.181839 41.266331 -104.737724
v 0.000000 -288.829132 -117.362724
v 0.000000 151.298157 -117.362724
v -120.886383 41.266331 -117.362724
v 40.295460 41.266331 -117.362724
v -161.181839 371.361786 -107.262726
v -161.181839 -68.765488 -107.262726
v -161.181839 41.266331 -114.837723
v -161.181839 41.266331 -104.737724
v -120.886383 -398.860962 -107.262726
v 40.295460 -398.860962 -107.262726
v 0.000000 -398.860962 -114.837723
v 0.000000 -398.860962 -104.737724
v 0.000000 -288.829132 -97.162727
v 0.000000 151.298157 -97.162727
v -40.295460 41.266331 -97.162727
v -161.181839 -68.765488 -117.362724
v -40.295460 481.393616 -117.362724
v 161.181839 481.393616 -109.787727
v -161.181839 -398.860962 -104.737724
v 161.181839 -398.860962 -109.787727
v -161.181839 481.393616 -109.787727
v -40.295460 -398.860962 -97.162727
v 161.181839 -68.765488 -97.162727
v 40.295460 -398.860962 -117.362724
v -161.181839 151.298157 -97.162727
v 40.295460 481.393616 -97.162727
v 161.181839 151.298157 -117.362724
v -161.181839 371.361786 -117.362724
v 120.886383 481.393616 -117.362724
v 161.181839 481.393616 -99.687729
v -161.181839 -398.860962 -114.837723
v 161.181839 -398.860962 -99.687729
v -161.181839 481.393616 -99.687729
v 120.886383 -398.860962 -97.162727
v 161.181839 371.361786 -97.162727
v -120.886383 -398.860962 -117.362724
v -161.181839 -288.829132 -97.162727
v -120.886383 481.393616 -97.162727
v 161.181839 -288.829132 -117.362724
v 40.295460 481.393616 -107.262726
v -120.886383 481.393616 -107.262726
v 0.000000 481.393616 -109.787727
v 0.000000 481.393616 -99.687729
v 161.181839 -68.765488 -107.262726
v 161.181839 371.361786 -107.262726
v 161.181839 41.266331 -109.787727
v 161.181839 41.266331 -99.687729
v 0.000000 -68.765488 -117.362724
v 0.000000 371.361786 -117.362724
v -40.295460 41.266331 -117.362724
v 120.886383 41.266331 -117.362724
v -161.181839 151.298157 -107.262726
v -161.181839 -288.829132 -107.262726
v -161.181839 41.266331 -109.787727
v -161.181839 41.266331 -99.687729
v -40.295460 -398.860962 -107.262726
v 120.886383 -398.860962 -107.262726
v 0.000000 -398.860962 -109.787727
v 0.000000 -398.860962 -99.687729
v 0.000000 -68.765488 -97.162727
v 0.000000 371.361786 -97.162727
v 40.295460 41.266331 -97.162727
v -80.590919 151.298157 -97.162727
v -80.590919 371.361786 -97.162727
v -40.295460 261.329987 -97.162727
v 80.590919 151.298157 -97.162727
v 80.590919 371.361786 -97.162727
v 40.295460 261.329987 -97.162727
v 80.590919 -288.829132 -97.162727
v 80.590919 -68.765488 -97.162727
v 40.295460 -178.797318 -97.162727
v 40.295460 -398.860962 -102.212723
v 120.886383 -398.860962 -102.212723
v 80.590919 -398.860962 -104.737724
v 80.590919 -398.860962 -99.687729
v 40.295460 -398.860962 -112.312729
v 120.886383 -398.860962 -112.312729
v 80.590919 -398.860962 -114.837723
v 80.590919 -398.860962 -109.787727
v -120.886383 -398.860962 -112.312729
v -40.295460 -398.860962 -112.312729
v -80.590919 -398.860962 -114.837723
v -80.590919 -398.860962 -109.787727
v -161.181839 -68.765488 -102.212723
v -161.181839 -288.829132 -102.212723
v -161.181839 -178.797318 -104.737724
v -161.181839 -178.797318 -99.687729
v -161.181839 -68.765488 -112.312729
v -161.181839 -288.829132 -112.312729
v -161.181839 -178.797318 -114.837723
v -161.181839 -178.797318 -109.787727
v -161.181839 371.361786 -112.312729
v -161.181839 151.298157 -112.312729
v -161.181839 261.329987 -114.837723
v -161.181839 261.329987 -109.787727
v 80.590919 151.298157 -117.362724
v 80.590919 371.361786 -117.362724
v 40.295460 261.329987 -117.362724
v 120.886383 261.329987 -117.362724
v -80.590919 151.298157 -117.362724
v -80.590919 371.361786 -117.362724
v -120.886383 261.329987 -117.362724
v -40.295460 261.329987 -117.362724
v -80.590919 -288.829132 -117.362724
v -80.590919 -68.765488 -117.362724
v -120.886383 -178.797318 -117.362724
v -40.295460 -178.797318 -117.362724
v 161.181839 151.298157 -102.212723
v 161.181839 371.361786 -102.212723
v 161.181839 261.329987 -104.737724
v 161.181839 261.329987 -99.687729
v 161.181839 151.298157 -112.312729
v 161.181839 371.361786 -112.312729
v 161.181839 261.329987 -114.837723
v 161.181839 261.329987 -109.787727
v 161.181839 -288.829132 -112.312729
v 161.181839 -68.765488 -112.312729
v 161.181839 -178.797318 -114.837723
v 161.181839 -178.797318 -109.787727
v -40.295460 481.393616 -102.212723
v -120.886383 481.393616 -102.212723
v -80.590919 481.393616 -104.737724
v -80.590919 481.393616 -99.687729
v -40.295460 481.393616 -112.312729
v -120.886383 481.393616 -112.312729
v -80.590919 481.393616 -114.837723
v -80.590919 481.393616 -109.787727
v 120.886383 481.393616 -112.312729
v 40.295460 481.393616 -112.312729
v 80.590919 481.393616 -114.837723
v 80.590919 481.393616 -109.787727
v 120.886383 481.393616 -102.212723
v 40.295460 481.393616 -102.212723
v 80.590919 481.393616 -104.737724
v 80.590919 481.393616 -99.687729
v 161.181839 -288.829132 -102.212723
v 161.181839 -68.765488 -102.212723
v 161.181839 -178.797318 -104.737724
v 161.181839 -178.797318 -99.687729
v 80.590919 -288.829132 -117.362724
v 80.590919 -68.765488 -117.362724
v 40.295460 -178.797318 -117.362724
v 120.886383 -178.797318 -117.362724
v -161.181839 371.361786 -102.212723
v -161.181839 151.298157 -102.212723
v -161.181839 261.329987 -104.737724
v -161.181839 261.329987 -99.687729
v -120.886383 -398.860962 -102.212723
v -40.295460 -398.860962 -102.212723
v -80.590919 -398.860962 -104.737724
v -80.590919 -398.860962 -99.687729
v -80.590919 -288.829132 -97.162727
v -80.590919 -68.765488 -97.162727
v -40.295460 -178.797318 -97.162727
v -40.295460 -68.765488 -97.162727
v -40.295460 -288.829132 -97.162727
v -40.295460 -398.860962 -99.687729
v -40.295460 -398.860962 -104.737724
v -120.886383 -398.860962 -104.737724
v -161.181839 151.298157 -99.687729
v -161.181839 151.298157 -104.737724
v -161.181839 371.361786 -104.737724
v 120.886383 -68.765488 -117.362724
v 40.295460 -68.765488 -117.362724
v 40.295460 -288.829132 -117.362724
v 161.181839 -68.765488 -99.687729
v 161.181839 -68.765488 -104.737724
v 161.181839 -288.829132 -104.737724
v 40.295460 481.393616 -99.687729
v 40.295460 481.393616 -104.737724
v 120.886383 481.393616 -104.737724
v 40.295460 481.393616 -109.787727
v 40.295460 481.393616 -114.837723
v 120.886383 481.393616 -114.837723
v -120.886383 481.393616 -109.787727
v -120.886383 481.393616 -114.837723
v -40.295460 481.393616 -114.837723
v -120.886383 481.393616 -99.687729
v -120.886383 481.393616 -104.737724
v -40.295460 481.393616 -104.737724
v 161.181839 -68.765488 -109.787727
v 161.181839 -68.765488 -114.837723
v 161.181839 -288.829132 -114.837723
v 161.181839 371.361786 -109.787727
v 161.181839 371.361786 -114.837723
v 161.181839 151.298157 -114.837723
v 161.181839 371.361786 -99.687729
v 161.181839 371.361786 -104.737724
v 161.181839 151.298157 -104.737724
v -40.295460 -68.765488 -117.362724
v -120.886383 -68.765488 -117.362724
v -120.886383 -288.829132 -117.362724
v -40.295460 371.361786 -117.362724
v -120.886383 371.361786 -117.362724
v -120.886383 151.298157 -117.362724
v 120.886383 371.361786 -117.362724
v 40.295460 371.361786 -117.362724
v 40.295460 151.298157 -117.362724
v -161.181839 151.298157 -109.787727
v -161.181839 151.298157 -114.837723
v -161.181839 371.361786 -114.837723
v -161.181839 -288.829132 -109.787727
v -161.181839 -288.829132 -114.837723
v -161.181839 -68.765488 -114.837723
v -161.181839 -288.829132 -99.687729
v -161.181839 -288.829132 -104.737724
v -161.181839 -68.765488 -104.737724
v -40.295460 -398.860962 -109.787727
v -40.295460 -398.860962 -114.837723
v -120.886383 -398.860962 -114.837723
v 120.886383 -398.860962 -109.787727
v 120.886383 -398.860962 -114.837723
v 40.295460 -398.860962 -114.837723
v 120.886383 -398.860962 -99.687729
v 120.886383 -398.860962 -104.737724
v 40.295460 -398.860962 -104.737724
v 40.295460 -68.765488 -97.162727
v 40.295460 371.361786 -97.162727
v -40.295460 371.361786 -97.162727
v -40.295460 151.298157 -97.162727
v 40.295460 151.298157 -97.162727
v 40.295460 -288.829132 -97.162727
v 40.295460 -398.860962 -99.687729
v 40.295460 -398.860962 -109.787727
v -120.886383 -398.860962 -109.787727
v -161.181839 -68.765488 -99.687729
v -161.181839 -68.765488 -109.787727
v -161.181839 371.361786 -109.787727
v 120.886383 151.298157 -117.362724
v -40.295460 151.298157 -117.362724
v -40.295460 -288.829132 -117.362724
v 161.181839 151.298157 -99.687729
v 161.181839 151.298157 -109.787727
v 161.181839 -288.829132 -109.787727
v -40.295460 481.393616 -99.687729
v -40.295460 481.393616 -109.787727
v 120.886383 481.393616 -109.787727
v 120.886383 481.393616 -99.687729
v 161.181839 -288.829132 -99.687729
v 120.886383 -288.829132 -117.362724
v -161.181839 371.361786 -99.687729
v -120.886383 -398.860962 -99.687729
v -161.181839 -343.845062 -117.362724
v -141.034103 481.393616 -117.362724
v 161.181839 481.393616 -116.100227
v -161.181839 -398.860962 -98.425224
v 161.181839 -398.860962 -116.100227
v -161.181839 481.393616 -116.100227
v -141.034103 -398.860962 -97.162727
v 161.181839 -343.845062 -97.162727
v 141.034103 -398.860962 -117.362724
v -161.181839 426.377716 -97.162727
v 141.034103 481.393616 -97.162727
v 161.181839 426.377716 -117.362724
v -161.181839 96.282242 -117.362724
v 20.147730 481.393616 -117.362724
v 161.181839 481.393616 -106.000229
v -161.181839 -398.860962 -108.525223
v 161.181839 -398.860962 -106.000229
v -161.181839 481.393616 -106.000229
v 20.147730 -398.860962 -97.162727
v 161.181839 96.282242 -97.162727
v -20.147730 -398.860962 -117.362724
v -151.734787 -13.749580 -97.162727
v -20.147730 481.393616 -97.162727
v 161.181839 -13.749580 -117.362724
v 141.034103 481.393616 -107.262726
v -20.147730 481.393616 -107.262726
v 0.000000 481.393616 -116.100227
v 0.000000 481.393616 -106.000229
v 161.181839 -343.845062 -107.262726
v 161.181839 96.282242 -107.262726
v 161.181839 41.266331 -116.100227
v 161.181839 41.266331 -106.000229
v 0.000000 -343.845062 -117.362724
v 0.000000 96.282242 -117.362724
v -141.034103 41.266331 -117.362724
v 20.147730 41.266331 -117.362724
v -161.181839 426.377716 -107.262726
v -161.181839 -13.749580 -107.262726
v -161.181839 41.266331 -116.100227
v -161.181839 41.266331 -106.000229
v -141.034103 -398.860962 -107.262726
v 20.147730 -398.860962 -107.262726
v 0.000000 -398.860962 -116.100227
v 0.000000 -398.860962 -106.000229
v 0.000000 -343.845062 -97.162727
v 0.000000 96.282242 -97.162727
v -20.147730 41.266331 -97.162727
v -161.181839 -123.781403 -117.362724
v -60.443192 481.393616 -117.362724
v 161.181839 481.393616 -111.050224
v -161.181839 -398.860962 -103.475227
v 161.181839 -398.860962 -111.050224
v -161.181839 481.393616 -111.050224
v -60.443192 -398.860962 -97.162727
v 161.181839 -123.781403 -97.162727
v 60.443192 -398.860962 -117.362724
v -182.129654 206.314056 -97.162727
v 60.443192 481.393616 -97.162727
v 161.181839 206.314056 -117.362724
v -161.181839 316.345886 -117.362724
v 100.738647 481.393616 -117.362724
v 161.181839 481.393616 -100.950226
v -161.181839 -398.860962 -113.575226
v 161.181839 -398.860962 -100.950226
v -161.181839 481.393616 -100.950226
v 100.738647 -398.860962 -97.162727
v 161.181839 316.345886 -97.162727
v -100.738647 -398.860962 -117.362724
v -161.181839 -233.813232 -97.162727
v -100.738647 481.393616 -97.162727
v 161.181839 -233.813232 -117.362724
v 60.443192 481.393616 -107.262726
v -100.738647 481.393616 -107.262726
v 0.000000 481.393616 -111.050224
v 0.000000 481.393616 -100.950226
v 161.181839 -123.781403 -107.262726
v 161.181839 316.345886 -107.262726
v 161.181839 41.266331 -111.050224
v 161.181839 41.266331 -100.950226
v 0.000000 -123.781403 -117.362724
v 0.000000 316.345886 -117.362724
v -60.443192 41.266331 -117.362724
v 100.738647 41.266331 -117.362724
v -161.181839 206.314056 -107.262726
v -161.181839 -233.813232 -107.262726
v -161.181839 41.266331 -111.050224
v -161.181839 41.266331 -100.950226
v -60.443192 -398.860962 -107.262726
v 100.738647 -398.860962 -107.262726
v 0.000000 -398.860962 -111.050224
v 0.000000 -398.860962 -100.950226
v 0.000000 -123.781403 -97.162727
v 0.000000 316.345886 -97.162727
v 60.443192 41.266331 -97.162727
v -100.738647 41.266331 -97.162727
v -80.590919 96.282242 -97.162727
v -80.590919 316.345886 -97.162727
v -20.147730 261.329987 -97.162727
v -100.738647 261.329987 -97.162727
v 80.590919 96.282242 -97.162727
v 80.590919 316.345886 -97.162727
v 60.443192 261.329987 -97.162727
v 80.590919 -343.845062 -97.162727
v 80.590919 -123.781403 -97.162727
v 60.443192 -178.797318 -97.162727
v 20.147730 -398.860962 -102.212723
v 100.738647 -398.860962 -102.212723
v 80.590919 -398.860962 -106.000229
v 80.590919 -398.860962 -100.950226
v 20.147730 -398.860962 -112.312729
v 100.738647 -398.860962 -112.312729
v 80.590919 -398.860962 -116.100227
v 80.590919 -398.860962 -111.050224
v -141.034103 -398.860962 -112.312729
v -60.443192 -398.860962 -112.312729
v -80.590919 -398.860962 -116.100227
v -80.590919 -398.860962 -111.050224
v -161.181839 -13.749580 -102.212723
v -161.181839 -233.813232 -102.212723
v -161.181839 -178.797318 -106.000229
v -161.181839 -178.797318 -100.950226
v -161.181839 -13.749580 -112.312729
v -161.181839 -233.813232 -112.312729
v -161.181839 -178.797318 -116.100227
v -161.181839 -178.797318 -111.050224
v -161.181839 426.377716 -112.312729
v -161.181839 206.314056 -112.312729
v -161.181839 261.329987 -116.100227
v -161.181839 261.329987 -111.050224
v 80.590919 96.282242 -117.362724
v 80.590919 316.345886 -117.362724
v 20.147730 261.329987 -117.362724
v 100.738647 261.329987 -117.362724
v -80.590919 96.282242 -117.362724
v -80.590919 316.345886 -117.362724
v -141.034103 261.329987 -117.362724
v -60.443192 261.329987 -117.362724
v -80.590919 -343.845062 -117.362724
v -80.590919 -123.781403 -117.362724
v -141.034103 -178.797318 -117.362724
v -60.443192 -178.797318 -117.362724
v 161.181839 96.282242 -102.212723
v 161.181839 316.345886 -102.212723
v 161.181839 261.329987 -106.000229
v 161.181839 261.329987 -100.950226
v 161.181839 96.282242 -112.312729
v 161.181839 316.345886 -112.312729
v 161.181839 261.329987 -116.100227
v 161.181839 261.329987 -111.050224
v 161.181839 -343.845062 -112.312729
v 161.181839 -123.781403 -112.312729
v 161.181839 -178.797318 -116.100227
v 161.181839 -178.797318 -111.050224
v -20.147730 481.393616 -102.212723
v -100.738647 481.393616 -102.212723
v -80.590919 481.393616 -106.000229
v -80.590919 481.393616 -100.950226
v -20.147730 481.393616 -112.312729
v -100.738647 481.393616 -112.312729
v -80.590919 481.393616 -116.100227
v -80.590919 481.393616 -111.050224
v 141.034103 481.393616 -112.312729
v 60.443192 481.393616 -112.312729
v 80.590919 481.393616 -116.100227
v 80.590919 481.393616 -111.050224
v 141.034103 481.393616 -102.212723
v 60.443192 481.393616 -102.212723
v 80.590919 481.393616 -106.000229
v 80.590919 481.393616 -100.950226
v 161.181839 -343.845062 -102.212723
v 161.181839 -123.781403 -102.212723
v 161.181839 -178.797318 -106.000229
v 161.181839 -178.797318 -100.950226
v 80.590919 -343.845062 -117.362724
v 80.590919 -123.781403 -117.362724
v 20.147730 -178.797318 -117.362724
v 100.738647 -178.797318 -117.362724
v -161.181839 426.377716 -102.212723
v -161.181839 206.314056 -102.212723
v -161.181839 261.329987 -106.000229
v -161.181839 261.329987 -100.950226
v -141.034103 -398.860962 -102.212723
v -60.443192 -398.860962 -102.212723
v -80.590919 -398.860962 -106.000229
v -80.590919 -398.860962 -100.950226
v -80.590919 -343.845062 -97.162727
v -80.590919 -123.781403 -97.162727
v -20.147730 -178.797318 -97.162727
v -100.738647 -178.797318 -97.162727
v -161.181839 -233.813232 -117.362724
v -100.738647 481.393616 -117.362724
v 161.181839 481.393616 -113.575226
v -161.181839 -398.860962 -100.950226
v 161.181839 -398.860962 -113.575226
v -161.181839 481.393616 -113.575226
v -100.738647 -398.860962 -97.162727
v 161.181839 -233.813232 -97.162727
v 100.738647 -398.860962 -117.362724
v -161.181839 316.345886 -97.162727
v 193.569656 481.206085 -97.162727
v 161.181839 316.345886 -117.362724
v -161.181839 206.314056 -117.362724
v 60.443192 481.393616 -117.362724
v 161.181839 481.393616 -103.475227
v -161.181839 -398.860962 -111.050224
v 161.181839 -398.860962 -103.475227
v -161.181839 481.393616 -103.475227
v 60.443192 -398.860962 -97.162727
v 161.181839 206.314056 -97.162727
v -60.443192 -398.860962 -117.362724
v -161.181839 -123.781403 -97.162727
v -60.443192 481.393616 -97.162727
v 161.181839 -123.781403 -117.362724
v 100.738647 481.393616 -107.262726
v -60.443192 481.393616 -107.262726
v 0.000000 481.393616 -113.575226
v 0.000000 481.393616 -103.475227
v 161.181839 -233.813232 -107.262726
v 161.181839 206.314056 -107.262726
v 161.181839 41.266331 -113.575226
v 161.181839 41.266331 -103.475227
v 0.000000 -233.813232 -117.362724
v 0.000000 206.314056 -117.362724
v -100.738647 41.266331 -117.362724
v 60.443192 41.266331 -117.362724
v -161.181839 316.345886 -107.262726
v -161.181839 -123.781403 -107.262726
v -161.181839 41.266331 -113.575226
v -161.181839 41.266331 -103.475227
v -100.738647 -398.860962 -107.262726
v 60.443192 -398.860962 -107.262726
v 0.000000 -398.860962 -113.575226
v 0.000000 -398.860962 -103.475227
v 0.000000 -233.813232 -97.162727
v 0.000000 206.314056 -97.162727
v 100.738647 41.266331 -97.162727
v -60.443192 41.266331 -97.162727
v -161.181839 -13.749580 -117.362724
v -20.147730 481.393616 -117.362724
v 161.181839 481.393616 -108.525223
v -161.181839 -398.860962 -106.000229
v 161.181839 -398.860962 -108.525223
v -161.181839 481.393616 -108.525223
v -20.147730 -398.860962 -97.162727
v 161.181839 -13.749580 -97.162727
v 20.147730 -398.860962 -117.362724
v -166.932220 96.282242 -97.162727
v 20.147730 481.393616 -97.162727
v 161.181839 96.282242 -117.362724
v -161.181839 426.377716 -117.362724
v 141.034103 481.393616 -117.362724
v 161.181839 481.393616 -98.425224
v -161.181839 -398.860962 -116.100227
v 161.181839 -398.860962 -98.425224
v -161.181839 481.393616 -98.425224
v 141.034103 -398.860962 -97.162727
v 161.181839 426.377716 -97.162727
v -141.034103 -398.860962 -117.362724
v -161.181839 -343.845062 -97.162727
v -141.034103 481.393616 -97.162727
v 161.181839 -343.845062 -117.362724
v 20.147730 481.393616 -107.262726
v -141.034103 481.393616 -107.262726
v 0.000000 481.393616 -108.525223
v 0.000000 481.393616 -98.425224
v 161.181839 -13.749580 -107.262726
v 161.181839 426.377716 -107.262726
v 161.181839 41.266331 -108.525223
v 161.181839 41.266331 -98.425224
v 0.000000 -13.749580 -117.362724
v 0.000000 426.377716 -117.362724
v -20.147730 41.266331 -117.362724
v 141.034103 41.266331 -117.362724
v -161.181839 96.282242 -107.262726
v -161.181839 -343.845062 -107.262726
v -161.181839 41.266331 -108.525223
v -161.181839 41.266331 -98.425224
v -20.147730 -398.860962 -107.262726
v 141.034103 -398.860962 -107.262726
v 0.000000 -398.860962 -108.525223
v 0.000000 -398.860962 -98.425224
v 0.000000 -13.749580 -97.162727
v 0.000000 426.377716 -97.162727
v 20.147730 41.266331 -97.162727
v -80.590919 206.314056 -97.162727
v -80.590919 426.377716 -97.162727
v -60.443192 261.329987 -97.162727
v 80.590919 206.314056 -97.162727
v 80.590919 426.377716 -97.162727
v 100.738647 261.329987 -97.162727
v 20.147730 261.329987 -97.162727
v 80.590919 -233.813232 -97.162727
v 80.590919 -13.749580 -97.162727
v 100.738647 -178.797318 -97.162727
v 20.147730 -178.797318 -97.162727
v 60.443192 -398.860962 -102.212723
v 141.034103 -398.860962 -102.212723
v 80.590919 -398.860962 -103.475227
v 80.590919 -398.860962 -98.425224
v 60.443192 -398.860962 -112.312729
v 141.034103 -398.860962 -112.312729
v 80.590919 -398.860962 -113.575226
v 80.590919 -398.860962 -108.525223
v -100.738647 -398.860962 -112.312729
v -20.147730 -398.860962 -112.312729
v -80.590919 -398.860962 -113.575226
v -80.590919 -398.860962 -108.525223
v -161.181839 -123.781403 -102.212723
v -161.181839 -343.845062 -102.212723
v -161.181839 -178.797318 -103.475227
v -161.181839 -178.797318 -98.425224
v -161.181839 -123.781403 -112.312729
v -161.181839 -343.845062 -112.312729
v -161.181839 -178.797318 -113.575226
v -161.181839 -178.797318 -108.525223
v -161.181839 316.345886 -112.312729
v -161.181839 96.282242 -112.312729
v -161.181839 261.329987 -113.575226
v -161.181839 261.329987 -108.525223
v 80.590919 206.314056 -117.362724
v 80.590919 426.377716 -117.362724
v 60.443192 261.329987 -117.362724
v 141.034103 261.329987 -117.362724
v -80.590919 206.314056 -117.362724
v -80.590919 426.377716 -117.362724
v -100.738647 261.329987 -117.362724
v -20.147730 261.329987 -117.362724
v -80.590919 -233.813232 -117.362724
v -80.590919 -13.749580 -117.362724
v -100.738647 -178.797318 -117.362724
v -20.147730 -178.797318 -117.362724
v 161.181839 206.314056 -102.212723
v 161.181839 426.377716 -102.212723
v 161.181839 261.329987 -103.475227
v 161.181839 261.329987 -98.425224
v 161.181839 206.314056 -112.312729
v 161.181839 426.377716 -112.312729
v 161.181839 261.329987 -113.575226
v 161.181839 261.329987 -108.525223
v 161.181839 -233.813232 -112.312729
v 161.181839 -13.749580 -112.312729
v 161.181839 -178.797318 -113.575226
v 161.181839 -178.797318 -108.525223
v -60.443192 481.393616 -102.212723
v -141.034103 481.393616 -102.212723
v -80.590919 481.393616 -103.475227
v -80.590919 481.393616 -98.425224
v -60.443192 481.393616 -112.312729
v -141.034103 481.393616 -112.312729
v -80.590919 481.393616 -113.575226
v -80.590919 481.393616 -108.525223
v 100.738647 481.393616 -112.312729
v 20.147730 481.393616 -112.312729
v 80.590919 481.393616 -113.575226
v 80.590919 481.393616 -108.525223
v 100.738647 481.393616 -102.212723
v 20.147730 481.393616 -102.212723
v 80.590919 481.393616 -103.475227
v 80.590919 481.393616 -98.425224
v 161.181839 -233.813232 -102.212723
v 161.181839 -13.749580 -102.212723
v 161.181839 -178.797318 -103.475227
v 161.181839 -178.797318 -98.425224
v 80.590919 -233.813232 -117.362724
v 80.590919 -13.749580 -117.362724
v 60.443192 -178.797318 -117.362724
v 141.034103 -178.797318 -117.362724
v -161.181839 316.345886 -102.212723
v -161.181839 96.282242 -102.212723
v -161.181839 261.329987 -103.475227
v -161.181839 261.329987 -98.425224
v -100.738647 -398.860962 -102.212723
v -20.147730 -398.860962 -102.212723
v -80.590919 -398.860962 -103.475227
v -80.590919 -398.860962 -98.425224
v -80.590919 -233.813232 -97.162727
v -80.590919 -13.749580 -97.162727
v -60.443192 -178.797318 -97.162727
v -100.738647 -68.765488 -97.162727
v -40.295460 -123.781403 -97.162727
v -40.295460 -13.749580 -97.162727
v -20.147730 -68.765488 -97.162727
v -60.443192 -68.765488 -97.162727
v -40.295460 -343.845062 -97.162727
v -40.295460 -233.813232 -97.162727
v -20.147730 -288.829132 -97.162727
v -60.443192 -288.829132 -97.162727
v -60.443192 -398.860962 -99.687729
v -20.147730 -398.860962 -99.687729
v -40.295460 -398.860962 -100.950226
v -40.295460 -398.860962 -98.425224
v -60.443192 -398.860962 -104.737724
v -20.147730 -398.860962 -104.737724
v -40.295460 -398.860962 -106.000229
v -40.295460 -398.860962 -103.475227
v -141.034103 -398.860962 -104.737724
v -100.738647 -398.860962 -104.737724
v -120.886383 -398.860962 -106.000229
v -120.886383 -398.860962 -103.475227
v -161.181839 206.314056 -99.687729
v -161.181839 96.282242 -99.687729
v -161.181839 151.298157 -100.950226
v -161.181839 151.298157 -98.425224
v -161.181839 206.314056 -104.737724
v -161.181839 96.282242 -104.737724
v -161.181839 151.298157 -106.000229
v -161.181839 151.298157 -103.475227
v -161.181839 426.377716 -104.737724
v -161.181839 316.345886 -104.737724
v -161.181839 371.361786 -106.000229
v -161.181839 371.361786 -103.475227
v 120.886383 -123.781403 -117.362724
v 120.886383 -13.749580 -117.362724
v 100.738647 -68.765488 -117.362724
v 141.034103 -68.765488 -117.362724
v 40.295460 -123.781403 -117.362724
v 40.295460 -13.749580 -117.362724
v 20.147730 -68.765488 -117.362724
v 60.443192 -68.765488 -117.362724
v 40.295460 -343.845062 -117.362724
v 40.295460 -233.813232 -117.362724
v 20.147730 -288.829132 -117.362724
v 60.443192 -288.829132 -117.362724
v 161.181839 -123.781403 -99.687729
v 161.181839 -13.749580 -99.687729
v 161.181839 -68.765488 -100.950226
v 161.181839 -68.765488 -98.425224
v 161.181839 -123.781403 -104.737724
v 161.181839 -13.749580 -104.737724
v 161.181839 -68.765488 -106.000229
v 161.181839 -68.765488 -103.475227
v 161.181839 -343.845062 -104.737724
v 161.181839 -233.813232 -104.737724
v 161.181839 -288.829132 -106.000229
v 161.181839 -288.829132 -103.475227
v 60.443192 481.393616 -99.687729
v 20.147730 481.393616 -99.687729
v 40.295460 481.393616 -100.950226
v 40.295460 481.393616 -98.425224
v 60.443192 481.393616 -104.737724
v 20.147730 481.393616 -104.737724
v 40.295460 481.393616 -106.000229
v 40.295460 481.393616 -103.475227
v 141.034103 481.393616 -104.737724
v 100.738647 481.393616 -104.737724
v 120.886383 481.393616 -106.000229
v 120.886383 481.393616 -103.475227
v 60.443192 481.393616 -109.787727
v 20.147730 481.393616 -109.787727
v 40.295460 481.393616 -111.050224
v 40.295460 481.393616 -108.525223
v 60.443192 481.393616 -114.837723
v 20.147730 481.393616 -114.837723
v 40.295460 481.393616 -116.100227
v 40.295460 481.393616 -113.575226
v 141.034103 481.393616 -114.837723
v 100.738647 481.393616 -114.837723
v 120.886383 481.393616 -116.100227
v 120.886383 481.393616 -113.575226
v -100.738647 481.393616 -109.787727
v -141.034103 481.393616 -109.787727
v -120.886383 481.393616 -111.050224
v -120.886383 481.393616 -108.525223
v -100.738647 481.393616 -114.837723
v -141.034103 481.393616 -114.837723
v -120.886383 481.393616 -116.100227
v -120.886383 481.393616 -113.575226
v -20.147730 481.393616 -114.837723
v -60.443192 481.393616 -114.837723
v -40.295460 481.393616 -116.100227
v -40.295460 481.393616 -113.575226
v -100.738647 481.393616 -99.687729
v -141.034103 481.393616 -99.687729
v -120.886383 481.393616 -100.950226
v -120.886383 481.393616 -98.425224
v -100.738647 481.393616 -104.737724
v -141.034103 481.393616 -104.737724
v -120.886383 481.393616 -106.000229
v -120.886383 481.393616 -103.475227
v -20.147730 481.393616 -104.737724
v -60.443192 481.393616 -104.737724
v -40.295460 481.393616 -106.000229
v -40.295460 481.393616 -103.475227
v 161.181839 -123.781403 -109.787727
v 161.181839 -13.749580 -109.787727
v 161.181839 -68.765488 -111.050224
v 161.181839 -68.765488 -108.525223
v 161.181839 -123.781403 -114.837723
v 161.181839 -13.749580 -114.837723
v 161.181839 -68.765488 -116.100227
v 161.181839 -68.765488 -113.575226
v 161.181839 -343.845062 -114.837723
v 161.181839 -233.813232 -114.837723
v 161.181839 -288.829132 -116.100227
v 161.181839 -288.829132 -113.575226
v 161.181839 316.345886 -109.787727
v 161.181839 426.377716 -109.787727
v 161.181839 371.361786 -111.050224
v 161.181839 371.361786 -108.525223
v 161.181839 316.345886 -114.837723
v 161.181839 426.377716 -114.837723
v 161.181839 371.361786 -116.100227
v 161.181839 371.361786 -113.575226
v 161.181839 96.282242 -114.837723
v 161.181839 206.314056 -114.837723
v 161.181839 151.298157 -116.100227
v 161.181839 151.298157 -113.575226
v 161.181839 316.345886 -99.687729
v 161.181839 426.377716 -99.687729
v 161.181839 371.361786 -100.950226
v 161.181839 371.361786 -98.425224
v 161.181839 316.345886 -104.737724
v 161.181839 426.377716 -104.737724
v 161.181839 371.361786 -106.000229
v 161.181839 371.361786 -103.475227
v 161.181839 96.282242 -104.737724
v 161.181839 206.314056 -104.737724
v 161.181839 151.298157 -106.000229
v 161.181839 151.298157 -103.475227
v -40.295460 -123.781403 -117.362724
v -40.295460 -13.749580 -117.362724
v -60.443192 -68.765488 -117.362724
v -20.147730 -68.765488 -117.362724
v -120.886383 -123.781403 -117.362724
v -120.886383 -13.749580 -117.362724
v -141.034103 -68.765488 -117.362724
v -100.738647 -68.765488 -117.362724
v -120.886383 -343.845062 -117.362724
v -120.886383 -233.813232 -117.362724
v -141.034103 -288.829132 -117.362724
v -100.738647 -288.829132 -117.362724
v -40.295460 316.345886 -117.362724
v -40.295460 426.377716 -117.362724
v -60.443192 371.361786 -117.362724
v -20.147730 371.361786 -117.362724
v -120.886383 316.345886 -117.362724
v -120.886383 426.377716 -117.362724
v -141.034103 371.361786 -117.362724
v -100.738647 371.361786 -117.362724
v -120.886383 96.282242 -117.362724
v -120.886383 206.314056 -117.362724
v -141.034103 151.298157 -117.362724
v -100.738647 151.298157 -117.362724
v 120.886383 316.345886 -117.362724
v 120.886383 426.377716 -117.362724
v 100.738647 371.361786 -117.362724
v 141.034103 371.361786 -117.362724
v 40.295460 316.345886 -117.362724
v 40.295460 426.377716 -117.362724
v 20.147730 371.361786 -117.362724
v 60.443192 371.361786 -117.362724
v 40.295460 96.282242 -117.362724
v 40.295460 206.314056 -117.362724
v 20.147730 151.298157 -117.362724
v 60.443192 151.298157 -117.362724
v -161.181839 206.314056 -109.787727
v -161.181839 96.282242 -109.787727
v -161.181839 151.298157 -111.050224
v -161.181839 151.298157 -108.525223
v -161.181839 206.314056 -114.837723
v -161.181839 96.282242 -114.837723
v -161.181839 151.298157 -116.100227
v -161.181839 151.298157 -113.575226
v -161.181839 426.377716 -114.837723
v -161.181839 316.345886 -114.837723
v -161.181839 371.361786 -116.100227
v -161.181839 371.361786 -113.575226
v -161.181839 -233.813232 -109.787727
v -161.181839 -343.845062 -109.787727
v -161.181839 -288.829132 -111.050224
v -161.181839 -288.829132 -108.525223
v -161.181839 -233.813232 -114.837723
v -161.181839 -343.845062 -114.837723
v -161.181839 -288.829132 -116.100227
v -161.181839 -288.829132 -113.575226
v -161.181839 -13.749580 -114.837723
v -161.181839 -123.781403 -114.837723
v -161.181839 -68.765488 -116.100227
v -161.181839 -68.765488 -113.575226
v -161.181839 -233.813232 -99.687729
v -161.181839 -343.845062 -99.687729
v -161.181839 -288.829132 -100.950226
v -161.181839 -288.829132 -98.425224
v -161.181839 -233.813232 -104.737724
v -161.181839 -343.845062 -104.737724
v -161.181839 -288.829132 -106.000229
v -161.181839 -288.829132 -103.475227
v -161.181839 -13.749580 -104.737724
v -161.181839 -123.781403 -104.737724
v -161.181839 -68.765488 -106.000229
v -161.181839 -68.765488 -103.475227
v -60.443192 -398.860962 -109.787727
v -20.147730 -398.860962 -109.787727
v -40.295460 -398.860962 -111.050224
v -40.295460 -398.860962 -108.525223
v -60.443192 -398.860962 -114.837723
v -20.147730 -398.860962 -114.837723
v -40.295460 -398.860962 -116.100227
v -40.295460 -398.860962 -113.575226
v -141.034103 -398.860962 -114.837723
v -100.738647 -398.860962 -114.837723
v -120.886383 -398.860962 -116.100227
v -120.886383 -398.860962 -113.575226
v 100.738647 -398.860962 -109.787727
v 141.034103 -398.860962 -109.787727
v 120.886383 -398.860962 -111.050224
v 120.886383 -398.860962 -108.525223
v 100.738647 -398.860962 -114.837723
v 141.034103 -398.860962 -114.837723
v 120.886383 -398.860962 -116.100227
v 120.886383 -398.860962 -113.575226
v 20.147730 -398.860962 -114.837723
v 60.443192 -398.860962 -114.837723
v 40.295460 -398.860962 -116.100227
v 40.295460 -398.860962 -113.575226
v 100.738647 -398.860962 -99.687729
v 141.034103 -398.860962 -99.687729
v 120.886383 -398.860962 -100.950226
v 120.886383 -398.860962 -98.425224
v 100.738647 -398.860962 -104.737724
v 141.034103 -398.860962 -104.737724
v 120.886383 -398.860962 -106.000229
v 120.886383 -398.860962 -103.475227
v 20.147730 -398.860962 -104.737724
v 60.443192 -398.860962 -104.737724
v 40.295460 -398.860962 -106.000229
v 40.295460 -398.860962 -103.475227
v 40.295460 -123.781403 -97.162727
v 40.295460 -13.749580 -97.162727
v 60.443192 -68.765488 -97.162727
v 20.147730 -68.765488 -97.162727
v 100.738647 -68.765488 -97.162727
v 100.738647 -288.829132 -97.162727
v 40.295460 316.345886 -97.162727
v 40.295460 426.377716 -97.162727
v 60.443192 371.361786 -97.162727
v 20.147730 371.361786 -97.162727
v 100.738647 371.361786 -97.162727
v 100.738647 151.298157 -97.162727
v -100.738647 371.361786 -97.162727
v -40.295460 316.345886 -97.162727
v -40.295460 426.377716 -97.162727
v -20.147730 371.361786 -97.162727
v -60.443192 371.361786 -97.162727
v -40.295460 96.282242 -97.162727
v -40.295460 206.314056 -97.162727
v -20.147730 151.298157 -97.162727
v -60.443192 151.298157 -97.162727
v -100.738647 151.298157 -97.162727
v 40.295460 96.282242 -97.162727
v 40.295460 206.314056 -97.162727
v 60.443192 151.298157 -97.162727
v 20.147730 151.298157 -97.162727
v 40.295460 -343.845062 -97.162727
v 40.295460 -233.813232 -97.162727
v 60.443192 -288.829132 -97.162727
v 20.147730 -288.829132 -97.162727
v 20.147730 -398.860962 -99.687729
v 60.443192 -398.860962 -99.687729
v 40.295460 -398.860962 -100.950226
v 40.295460 -398.860962 -98.425224
v 20.147730 -398.860962 -109.787727
v 60.443192 -398.860962 -109.787727
v 40.295460 -398.860962 -111.050224
v 40.295460 -398.860962 -108.525223
v -141.034103 -398.860962 -109.787727
v -100.738647 -398.860962 -109.787727
v -120.886383 -398.860962 -111.050224
v -120.886383 -398.860962 -108.525223
v -161.181839 -13.749580 -99.687729
v -161.181839 -123.781403 -99.687729
v -161.181839 -68.765488 -100.950226
v -161.181839 -68.765488 -98.425224
v -161.181839 -13.749580 -109.787727
v -161.181839 -123.781403 -109.787727
v -161.181839 -68.765488 -111.050224
v -161.181839 -68.765488 -108.525223
v -161.181839 426.377716 -109.787727
v -161.181839 316.345886 -109.787727
v -161.181839 371.361786 -111.050224
v -161.181839 371.361786 -108.525223
v 120.886383 96.282242 -117.362724
v 120.886383 206.314056 -117.362724
v 100.738647 151.298157 -117.362724
v 141.034103 151.298157 -117.362724
v -40.295460 96.282242 -117.362724
v -40.295460 206.314056 -117.362724
v -60.443192 151.298157 -117.362724
v -20.147730 151.298157 -117.362724
v -40.295460 -343.845062 -117.362724
v -40.295460 -233.813232 -117.362724
v -60.443192 -288.829132 -117.362724
v -20.147730 -288.829132 -117.362724
v 161.181839 96.282242 -99.687729
v 161.181839 206.314056 -99.687729
v 161.181839 151.298157 -100.950226
v 161.181839 151.298157 -98.425224
v 161.181839 96.282242 -109.787727
v 161.181839 206.314056 -109.787727
v 161.181839 151.298157 -111.050224
v 161.181839 151.298157 -108.525223
v 161.181839 -343.845062 -109.787727
v 161.181839 -233.813232 -109.787727
v 161.181839 -288.829132 -111.050224
v 161.181839 -288.829132 -108.525223
v -20.147730 481.393616 -99.687729
v -60.443192 481.393616 -99.687729
v -40.295460 481.393616 -100.950226
v -40.295460 481.393616 -98.425224
v -20.147730 481.393616 -109.787727
v -60.443192 481.393616 -109.787727
v -40.295460 481.393616 -111.050224
v -40.295460 481.393616 -108.525223
v 141.034103 481.393616 -109.787727
v 100.738647 481.393616 -109.787727
v 120.886383 481.393616 -111.050224
v 120.886383 481.393616 -108.525223
v 141.034103 481.393616 -99.687729
v 100.738647 481.393616 -99.687729
v 120.886383 481.393616 -100.950226
v 120.886383 481.393616 -98.425224
v 161.181839 -343.845062 -99.687729
v 161.181839 -233.813232 -99.687729
v 161.181839 -288.829132 -100.950226
v 161.181839 -288.829132 -98.425224
v 120.886383 -343.845062 -117.362724
v 120.886383 -233.813232 -117.362724
v 100.738647 -288.829132 -117.362724
v 141.034103 -288.829132 -117.362724
v -161.181839 426.377716 -99.687729
v -161.181839 316.345886 -99.687729
v -161.181839 371.361786 -100.950226
v -161.181839 371.361786 -98.425224
v -141.034103 -398.860962 -99.687729
v -100.738647 -398.860962 -99.687729
v -120.886383 -398.860962 -100.950226
v -120.886383 -398.860962 -98.425224
v -100.738647 -288.829132 -97.162727
v -100.738647 -233.813232 -97.162727
v -100.738647 -343.845062 -97.162727
v -100.738647 -398.860962 -98.425224
v -100.738647 -398.860962 -100.950226
v -141.034103 -398.860962 -100.950226
v -161.181839 316.345886 -98.425224
v -161.181839 316.345886 -100.950226
v -161.181839 426.377716 -100.950226
v 141.034103 -233.813232 -117.362724
v 100.738647 -233.813232 -117.362724
v 100.738647 -343.845062 -117.362724
v 161.181839 -233.813232 -98.425224
v 161.181839 -233.813232 -100.950226
v 161.181839 -343.845062 -100.950226
v 193.569321 481.204498 -98.425224
v 100.738647 481.393616 -100.950226
v 141.034103 481.393616 -100.950226
v 100.738647 481.393616 -108.525223
v 100.738647 481.393616 -111.050224
v 141.034103 481.393616 -111.050224
v -60.443192 481.393616 -108.525223
v -60.443192 481.393616 -111.050224
v -20.147730 481.393616 -111.050224
v -60.443192 481.393616 -98.425224
v -60.443192 481.393616 -100.950226
v -20.147730 481.393616 -100.950226
v 161.181839 -233.813232 -108.525223
v 161.181839 -233.813232 -111.050224
v 161.181839 -343.845062 -111.050224
v 161.181839 206.314056 -108.525223
v 161.181839 206.314056 -111.050224
v 161.181839 96.282242 -111.050224
v 161.181839 206.314056 -98.425224
v 161.181839 206.314056 -100.950226
v 161.181839 96.282242 -100.950226
v -20.147730 -233.813232 -117.362724
v -60.443192 -233.813232 -117.362724
v -60.443192 -343.845062 -117.362724
v -20.147730 206.314056 -117.362724
v -60.443192 206.314056 -117.362724
v -60.443192 96.282242 -117.362724
v 141.034103 206.314056 -117.362724
v 100.738647 206.314056 -117.362724
v 100.738647 96.282242 -117.362724
v -161.181839 316.345886 -108.525223
v -161.181839 316.345886 -111.050224
v -161.181839 426.377716 -111.050224
v -161.181839 -123.781403 -108.525223
v -161.181839 -123.781403 -111.050224
v -161.181839 -13.749580 -111.050224
v -161.181839 -123.781403 -98.425224
v -161.181839 -123.781403 -100.950226
v -161.181839 -13.749580 -100.950226
v -100.738647 -398.860962 -108.525223
v -100.738647 -398.860962 -111.050224
v -141.034103 -398.860962 -111.050224
v 60.443192 -398.860962 -108.525223
v 60.443192 -398.860962 -111.050224
v 20.147730 -398.860962 -111.050224
v 60.443192 -398.860962 -98.425224
v 60.443192 -398.860962 -100.950226
v 20.147730 -398.860962 -100.950226
v 20.147730 -233.813232 -97.162727
v 60.443192 -233.813232 -97.162727
v 60.443192 -343.845062 -97.162727
v 20.147730 206.314056 -97.162727
v 60.443192 206.314056 -97.162727
v 60.443192 96.282242 -97.162727
v -121.686455 206.314056 -97.162727
v -100.738647 96.282242 -97.162727
v -60.443192 206.314056 -97.162727
v -20.147730 206.314056 -97.162727
v -20.147730 96.282242 -97.162727
v -60.443192 426.377716 -97.162727
v -20.147730 426.377716 -97.162727
v -20.147730 316.345886 -97.162727
v -152.081314 426.377716 -97.162727
v -136.883896 316.345886 -97.162727
v 100.738647 206.314056 -97.162727
v 100.738647 426.377716 -97.162727
v 20.147730 426.377716 -97.162727
v 60.443192 426.377716 -97.162727
v 60.443192 316.345886 -97.162727
v 100.738647 -233.813232 -97.162727
v 100.738647 -13.749580 -97.162727
v 20.147730 -13.749580 -97.162727
v 60.443192 -13.749580 -97.162727
v 60.443192 -123.781403 -97.162727
v 60.443192 -398.860962 -103.475227
v 60.443192 -398.860962 -106.000229
v 20.147730 -398.860962 -106.000229
v 141.034103 -398.860962 -103.475227
v 141.034103 -398.860962 -106.000229
v 100.738647 -398.860962 -106.000229
v 141.034103 -398.860962 -98.425224
v 141.034103 -398.860962 -100.950226
v 100.738647 -398.860962 -100.950226
v 60.443192 -398.860962 -113.575226
v 60.443192 -398.860962 -116.100227
v 20.147730 -398.860962 -116.100227
v 141.034103 -398.860962 -113.575226
v 141.034103 -398.860962 -116.100227
v 100.738647 -398.860962 -116.100227
v 141.034103 -398.860962 -108.525223
v 141.034103 -398.860962 -111.050224
v 100.738647 -398.860962 -111.050224
v -100.738647 -398.860962 -113.575226
v -100.738647 -398.860962 -116.100227
v -141.034103 -398.860962 -116.100227
v -20.147730 -398.860962 -113.575226
v -20.147730 -398.860962 -116.100227
v -60.443192 -398.860962 -116.100227
v -20.147730 -398.860962 -108.525223
v -20.147730 -398.860962 -111.050224
v -60.443192 -398.860962 -111.050224
v -161.181839 -123.781403 -103.475227
v -161.181839 -123.781403 -106.000229
v -161.181839 -13.749580 -106.000229
v -161.181839 -343.845062 -103.475227
v -161.181839 -343.845062 -106.000229
v -161.181839 -233.813232 -106.000229
v -161.181839 -343.845062 -98.425224
v -161.181839 -343.845062 -100.950226
v -161.181839 -233.813232 -100.950226
v -161.181839 -123.781403 -113.575226
v -161.181839 -123.781403 -116.100227
v -161.181839 -13.749580 -116.100227
v -161.181839 -343.845062 -113.575226
v -161.181839 -343.845062 -116.100227
v -161.181839 -233.813232 -116.100227
v -161.181839 -343.845062 -108.525223
v -161.181839 -343.845062 -111.050224
v -161.181839 -233.813232 -111.050224
v -161.181839 316.345886 -113.575226
v -161.181839 316.345886 -116.100227
v -161.181839 426.377716 -116.100227
v -161.181839 96.282242 -113.575226
v -161.181839 96.282242 -116.100227
v -161.181839 206.314056 -116.100227
v -161.181839 96.282242 -108.525223
v -161.181839 96.282242 -111.050224
v -161.181839 206.314056 -111.050224
v 60.443192 206.314056 -117.362724
v 20.147730 206.314056 -117.362724
v 20.147730 96.282242 -117.362724
v 60.443192 426.377716 -117.362724
v 20.147730 426.377716 -117.362724
v 20.147730 316.345886 -117.362724
v 141.034103 426.377716 -117.362724
v 100.738647 426.377716 -117.362724
v 100.738647 316.345886 -117.362724
v -100.738647 206.314056 -117.362724
v -141.034103 206.314056 -117.362724
v -141.034103 96.282242 -117.362724
v -100.738647 426.377716 -117.362724
v -141.034103 426.377716 -117.362724
v -141.034103 316.345886 -117.362724
v -20.147730 426.377716 -117.362724
v -60.443192 426.377716 -117.362724
v -60.443192 316.345886 -117.362724
v -100.738647 -233.813232 -117.362724
v -141.034103 -233.813232 -117.362724
v -141.034103 -343.845062 -117.362724
v -100.738647 -13.749580 -117.362724
v -141.034103 -13.749580 -117.362724
v -141.034103 -123.781403 -117.362724
v -20.147730 -13.749580 -117.362724
v -60.443192 -13.749580 -117.362724
v -60.443192 -123.781403 -117.362724
v 161.181839 206.314056 -103.475227
v 161.181839 206.314056 -106.000229
v 161.181839 96.282242 -106.000229
v 161.181839 426.377716 -103.475227
v 161.181839 426.377716 -106.000229
v 161.181839 316.345886 -106.000229
v 161.181839 426.377716 -98.425224
v 161.181839 426.377716 -100.950226
v 161.181839 316.345886 -100.950226
v 161.181839 206.314056 -113.575226
v 161.181839 206.314056 -116.100227
v 161.181839 96.282242 -116.100227
v 161.181839 426.377716 -113.575226
v 161.181839 426.377716 -116.100227
v 161.181839 316.345886 -116.100227
v 161.181839 426.377716 -108.525223
v 161.181839 426.377716 -111.050224
v 161.181839 316.345886 -111.050224
v 161.181839 -233.813232 -113.575226
v 161.181839 -233.813232 -116.100227
v 161.181839 -343.845062 -116.100227
v 161.181839 -13.749580 -113.575226
v 161.181839 -13.749580 -116.100227
v 161.181839 -123.781403 -116.100227
v 161.181839 -13.749580 -108.525223
v 161.181839 -13.749580 -111.050224
v 161.181839 -123.781403 -111.050224
v -60.443192 481.393616 -103.475227
v -60.443192 481.393616 -106.000229
v -20.147730 481.393616 -106.000229
v -141.034103 481.393616 -103.475227
v -141.034103 481.393616 -106.000229
v -100.738647 481.393616 -106.000229
v -141.034103 481.393616 -98.425224
v -141.034103 481.393616 -100.950226
v -100.738647 481.393616 -100.950226
v -60.443192 481.393616 -113.575226
v -60.443192 481.393616 -116.100227
v -20.147730 481.393616 -116.100227
v -141.034103 481.393616 -113.575226
v -141.034103 481.393616 -116.100227
v -100.738647 481.393616 -116.100227
v -141.034103 481.393616 -108.525223
v -141.034103 481.393616 -111.050224
v -100.738647 481.393616 -111.050224
v 100.738647 481.393616 -113.575226
v 100.738647 481.393616 -116.100227
v 141.034103 481.393616 -116.100227
v 20.147730 481.393616 -113.575226
v 20.147730 481.393616 -116.100227
v 60.443192 481.393616 -116.100227
v 20.147730 481.393616 -108.525223
v 20.147730 481.393616 -111.050224
v 60.443192 481.393616 -111.050224
v 100.738647 481.393616 -103.475227
v 100.738647 481.393616 -106.000229
v 141.034103 481.393616 -106.000229
v 20.147730 481.393616 -103.475227
v 20.147730 481.393616 -106.000229
v 60.443192 481.393616 -106.000229
v 20.147730 481.393616 -98.425224
v 20.147730 481.393616 -100.950226
v 60.443192 481.393616 -100.950226
v 161.181839 -233.813232 -103.475227
v 161.181839 -233.813232 -106.000229
v 161.181839 -343.845062 -106.000229
v 161.181839 -13.749580 -103.475227
v 161.181839 -13.749580 -106.000229
v 161.181839 -123.781403 -106.000229
v 161.181839 -13.749580 -98.425224
v 161.181839 -13.749580 -100.950226
v 161.181839 -123.781403 -100.950226
v 60.443192 -233.813232 -117.362724
v 20.147730 -233.813232 -117.362724
v 20.147730 -343.845062 -117.362724
v 60.443192 -13.749580 -117.362724
v 20.147730 -13.749580 -117.362724
v 20.147730 -123.781403 -117.362724
v 141.034103 -13.749580 -117.362724
v 100.738647 -13.749580 -117.362724
v 100.738647 -123.781403 -117.362724
v -161.181839 316.345886 -103.475227
v -161.181839 316.345886 -106.000229
v -161.181839 426.377716 -106.000229
v -161.181839 96.282242 -103.475227
v -161.181839 96.282242 -106.000229
v -161.181839 206.314056 -106.000229
v -161.181839 96.282242 -98.425224
v -161.181839 96.282242 -100.950226
v -161.181839 206.314056 -100.950226
v -100.738647 -398.860962 -103.475227
v -100.738647 -398.860962 -106.000229
v -141.034103 -398.860962 -106.000229
v -20.147730 -398.860962 -103.475227
v -20.147730 -398.860962 -106.000229
v -60.443192 -398.860962 -106.000229
v -20.147730 -398.860962 -98.425224
v -20.147730 -398.860962 -100.950226
v -60.443192 -398.860962 -100.950226
v -60.443192 -233.813232 -97.162727
v -20.147730 -233.813232 -97.162727
v -20.147730 -343.845062 -97.162727
v -60.443192 -13.749580 -97.162727
v -20.147730 -13.749580 -97.162727
v -20.147730 -123.781403 -97.162727
v -100.738647 -13.749580 -97.162727
v -100.738647 -123.781403 -97.162727
v -60.443192 -123.781403 -97.162727
v -60.443192 -343.845062 -97.162727
v -60.443192 -398.860962 -98.425224
v -60.443192 -398.860962 -103.475227
v -141.034103 -398.860962 -103.475227
v -161.181839 206.314056 -98.425224
v -161.181839 206.314056 -103.475227
v -161.181839 426.377716 -103.475227
v 141.034103 -123.781403 -117.362724
v 60.443192 -123.781403 -117.362724
v 60.443192 -343.845062 -117.362724
v 161.181839 -123.781403 -98.425224
v 161.181839 -123.781403 -103.475227
v 161.181839 -343.845062 -103.475227
v 60.443192 481.393616 -98.425224
v 60.443192 481.393616 -103.475227
v 141.034103 481.393616 -103.475227
v 60.443192 481.393616 -108.525223
v 60.443192 481.393616 -113.575226
v 141.034103 481.393616 -113.575226
v -100.738647 481.393616 -108.525223
v -100.738647 481.393616 -113.575226
v -20.147730 481.393616 -113.575226
v -100.738647 481.393616 -98.425224
v -100.738647 481.393616 -103.475227
v -20.147730 481.393616 -103.475227
v 161.181839 -123.781403 -108.525223
v 161.181839 -123.781403 -113.575226
v 161.181839 -343.845062 -113.575226
v 161.181839 316.345886 -108.525223
v 161.181839 316.345886 -113.575226
v 161.181839 96.282242 -113.575226
v 161.181839 316.345886 -98.425224
v 161.181839 316.345886 -103.475227
v 161.181839 96.282242 -103.475227
v -20.147730 -123.781403 -117.362724
v -100.738647 -123.781403 -117.362724
v -100.738647 -343.845062 -117.362724
v -20.147730 316.345886 -117.362724
v -100.738647 316.345886 -117.362724
v -100.738647 96.282242 -117.362724
v 141.034103 316.345886 -117.362724
v 60.443192 316.345886 -117.362724
v 60.443192 96.282242 -117.362724
v -161.181839 206.314056 -108.525223
v -161.181839 206.314056 -113.575226
v -161.181839 426.377716 -113.575226
v -161.181839 -233.813232 -108.525223
v -161.181839 -233.813232 -113.575226
v -161.181839 -13.749580 -113.575226
v -161.181839 -233.813232 -98.425224
v -161.181839 -233.813232 -103.475227
v -161.181839 -13.749580 -103.475227
v -60.443192 -398.860962 -108.525223
v -60.443192 -398.860962 -113.575226
v -141.034103 -398.860962 -113.575226
v 100.738647 -398.860962 -108.525223
v 100.738647 -398.860962 -113.575226
v 20.147730 -398.860962 -113.575226
v 100.738647 -398.860962 -98.425224
v 100.738647 -398.860962 -103.475227
v 20.147730 -398.860962 -103.475227
v 20.147730 -123.781403 -97.162727
v 100.738647 -123.781403 -97.162727
v 100.738647 -343.845062 -97.162727
v 20.147730 316.345886 -97.162727
v 100.738647 316.345886 -97.162727
v 100.738647 96.282242 -97.162727
v -60.443192 316.345886 -97.162727
v -60.443192 96.282242 -97.162727
v 20.147730 96.282242 -97.162727
v 20.147730 -343.845062 -97.162727
v 20.147730 -398.860962 -98.425224
v 20.147730 -398.860962 -108.525223
v -141.034103 -398.860962 -108.525223
v -161.181839 -13.749580 -98.425224
v -161.181839 -13.749580 -108.525223
v -161.181839 426.377716 -108.525223
v 141.034103 96.282242 -117.362724
v -20.147730 96.282242 -117.362724
v -20.147730 -343.845062 -117.362724
v 161.181839 96.282242 -98.425224
v 161.181839 96.282242 -108.525223
v 161.181839 -343.845062 -108.525223
v -20.147730 481.393616 -98.425224
v -20.147730 481.393616 -108.525223
v 141.034103 481.393616 -108.525223
v 141.034103 481.393616 -98.425224
v 161.181839 -343.845062 -98.425224
v 141.034103 -343.845062 -117.362724
v -161.181839 426.377716 -98.425224
v -141.034103 -398.860962 -98.425224
v -220.153671 481.613983 327.230591
v -98.574219 -398.640594 327.230591
v -159.363937 41.486702 327.230591
v -189.758804 261.550354 327.230591
v -128.969070 -178.576950 327.230591
v -58.238178 -398.934418 327.230591
v -204.956238 371.582153 327.230591
v -144.166519 -68.545120 327.230591
v -174.561371 151.518509 327.230591
v -113.771645 -288.608765 327.230591
v -179.817627 481.320160 327.230591
v -119.027901 41.192875 327.230591
v -149.422760 261.256531 327.230591
v -88.633034 -178.870773 327.230591
v -103.830475 -68.838943 327.230591
v -164.620193 371.288330 327.230591
v -134.225327 151.224686 327.230591
v -73.435608 -288.902588 327.230591
v -78.406197 -398.787506 327.230591
v -212.554962 426.598053 327.230591
v -151.765228 -13.529213 327.230591
v -182.160095 206.534424 327.230591
v -121.370361 -233.592865 327.230591
v -100.738647 481.173248 327.230591
v -98.859879 41.045959 327.230591
v -100.738647 261.109589 327.230591
v -68.465019 -179.017685 327.230591
v -38.070156 -399.081329 327.230591
v -197.357513 316.566254 327.230591
v -136.567795 -123.561050 327.230591
v -166.962662 96.502617 327.230591
v -106.172935 -343.624695 327.230591
v -199.985641 481.467072 327.230591
v -139.195923 41.339790 327.230591
v -169.590775 261.403442 327.230591
v -108.801056 -178.723862 327.230591
v -96.231758 -123.854858 327.230591
v -111.429184 -13.823036 327.230591
v -83.662453 -68.985855 327.230591
v -123.998489 -68.692032 327.230591
v -157.021469 316.272430 327.230591
v -172.218903 426.304260 327.230591
v -100.738647 371.141418 327.230591
v -184.788208 371.435242 327.230591
v -126.626617 96.208786 327.230591
v -141.824036 206.240601 327.230591
v -114.057304 151.077774 327.230591
v -154.393341 151.371613 327.230591
v -65.836891 -343.918518 327.230591
v -81.034317 -233.886688 327.230591
v -53.267586 -289.049500 327.230591
v -93.603622 -288.755676 327.230591
v -101.202339 -233.739777 327.230591
v -60.866299 -234.033600 327.230591
v -45.668865 -344.065399 327.230591
v -161.992065 206.387512 327.230591
v -100.738647 206.093674 327.230591
v -106.458595 96.061874 327.230591
v -192.386917 426.451172 327.230591
v -100.738647 426.157349 327.230591
v -100.738647 316.125519 327.230591
v -131.597198 -13.676121 327.230591
v -91.261162 -13.969948 327.230591
v -76.063728 -124.001801 327.230591
v -116.399773 -123.707947 327.230591
v -177.189484 316.419342 327.230591
v -146.794632 96.355698 327.230591
v -86.004913 -343.771606 327.230591
v 253.981873 481.063568 326.539307
v 62.775372 -399.190979 326.539307
v 158.378632 40.936291 326.539307
v 110.577003 -179.127335 326.539307
v 206.180252 260.999939 326.539307
v 86.676186 -289.159149 326.539307
v 213.783600 481.510986 326.539307
v 182.279449 150.968109 326.539307
v 118.180359 41.383728 326.539307
v 134.477814 -69.095535 326.539307
v 22.577099 -398.743561 326.539307
v 230.081085 371.031769 326.539307
v 165.981979 261.447357 326.539307
v 70.378723 -178.679916 326.539307
v 94.279549 -68.648102 326.539307
v 46.477913 -288.711731 326.539307
v 189.882812 371.479187 326.539307
v 142.081177 151.415543 326.539307
v 74.725777 -344.175079 326.539307
v 233.882767 481.287292 326.539307
v 170.329041 95.952194 326.539307
v 138.279495 41.160011 326.539307
v 122.527405 -124.111450 326.539307
v 2.477962 -398.519836 326.539307
v 218.130661 316.015869 326.539307
v 186.081131 261.223663 326.539307
v 90.477867 -178.903610 326.539307
v 98.626587 -234.143250 326.539307
v 193.684494 481.734711 326.539307
v 194.229843 205.984009 326.539307
v 98.081223 41.607445 326.539307
v 146.428223 -14.079624 326.539307
v 42.676247 -398.967255 326.539307
v 242.031494 426.047699 326.539307
v 145.882858 261.671082 326.539307
v 50.279594 -178.456207 326.539307
v 82.329140 -123.664017 326.539307
v 106.229950 -13.632183 326.539307
v 114.378670 -68.871811 326.539307
v 74.180412 -68.424377 326.539307
v 34.527508 -343.727661 326.539307
v 58.428318 -233.695831 326.539307
v 66.577049 -288.935425 326.539307
v 26.378778 -288.488037 326.539307
v 177.932388 316.463287 326.539307
v 201.833221 426.495087 326.539307
v 209.981949 371.255493 326.539307
v 169.783676 371.702911 326.539307
v 130.130768 96.399643 326.539307
v 154.031586 206.431458 326.539307
v 162.180313 151.191833 326.539307
v 121.982040 151.639267 326.539307
v 133.932449 206.655182 326.539307
v 174.130707 206.207733 326.539307
v 150.229889 96.175919 326.539307
v 181.734070 426.718811 326.539307
v 221.932343 426.271393 326.539307
v 198.031540 316.239594 326.539307
v 38.329185 -233.472107 326.539307
v 78.527458 -233.919525 326.539307
v 54.626644 -343.951355 326.539307
v 86.130814 -13.408470 326.539307
v 126.329079 -13.855904 326.539307
v 102.428268 -123.887726 326.539307
v 62.230000 -123.440292 326.539307
v 14.428370 -343.503937 326.539307
v 157.833267 316.687012 326.539307
v 110.031631 96.623352 326.539307
v -80.590919 481.393616 -97.162727
v -80.590919 261.329987 -97.162727
v -80.590919 371.361786 -97.162727
v -80.590919 316.345886 -97.162727
v -60.443192 481.393616 -97.162727
v -80.590919 206.314056 -97.162727
v -80.590919 426.377716 -97.162727
v -60.443192 261.329987 -97.162727
v -100.738647 371.361786 -97.162727
v -60.443192 371.361786 -97.162727
v -60.443192 206.314056 -97.162727
v -60.443192 426.377716 -97.162727
v -60.443192 316.345886 -97.162727
v -159.649597 481.173248 327.230591
v -129.254745 261.109589 327.230591
v -144.452179 371.141418 327.230591
v -121.656021 206.093674 327.230591
v -152.050888 426.157349 327.230591
v -136.853455 316.125519 327.230591
vn 0.9348 0.3437 -0.0892
vn 0.0625 0.0229 -0.9978
vn 0.9352 -0.3411 0.0953
vn 0.0625 -0.0229 -0.9978
vn -0.9372 0.3441 -0.0568
vn -0.0625 0.0229 -0.9978
vn -0.9376 -0.3425 0.0609
vn -0.0625 -0.0229 -0.9978
vn -0.0625 -0.0000 -0.9980
vn -0.0000 0.0229 -0.9997
vn 0.9390 0.3439 -0.0000
vn -0.9390 -0.3439 -0.0000
vn 0.9390 -0.3439 -0.0000
vn -0.9390 0.3439 -0.0000
vn -0.0000 -0.0229 0.9997
vn 1.0000 -0.0000 0.0033
vn -0.0000 -0.0229 -0.9997
vn -0.9446 -0.0957 0.3139
vn -0.0000 0.0229 0.9997
vn 0.0625 -0.0000 -0.9980
vn -0.0000 1.0000 -0.0000
vn 1.0000 -0.0000 -0.0000
vn -0.0000 -0.0000 -1.0000
vn -1.0000 -0.0000 -0.0000
vn -0.0000 -1.0000 -0.0000
vn -0.0000 -0.0000 1.0000
vn 0.9986 -0.0001 0.0526
vn -0.4864 0.0555 -0.8720
vn 0.9989 -0.0001 -0.0460
vn -0.9994 -0.0001 0.0335
vn -0.0000 0.0153 0.9999
vn 0.9967 -0.0001 0.0806
vn -0.9989 -0.0001 -0.0471
vn -0.9747 0.0195 0.2226
vn 0.9998 -0.0001 -0.0179
vn -0.7357 0.0447 0.6758
vn 0.9997 -0.0001 0.0245
vn -0.3803 -0.0277 -0.9244
vn 0.9973 -0.0001 -0.0741
vn -0.9987 -0.0001 0.0513
vn -0.0000 1.0000 0.0002
vn -0.0000 -1.0000 0.0002
vn 0.9955 -0.0001 0.0946
vn -0.9984 -0.0001 -0.0560
vn 1.0000 -0.0001 -0.0038
vn -0.2845 -0.0000 0.9587
vn 0.9993 -0.0001 0.0385
vn -0.1708 -0.0000 -0.9853
vn -0.0632 -0.0696 0.9956
vn 0.9982 -0.0001 -0.0601
vn -0.9991 -0.0001 0.0424
vn 0.0131 0.0270 0.9996
vn 0.0626 -0.0000 0.9980
vn 0.0233 0.0011 0.9997
vn 0.0628 -0.0000 0.9980
vn 0.0629 -0.0692 0.9956
vn 0.9978 -0.0001 0.0666
vn -0.9993 -0.0001 -0.0381
vn -0.0965 -0.0038 0.9953
vn 0.9995 -0.0001 -0.0319
vn -0.9997 -0.0001 0.0245
vn -0.0626 -0.0000 0.9980
vn 0.9999 -0.0001 0.0104
vn -0.4157 -0.0000 -0.9095
vn -0.0000 -1.0000 -0.0003
vn 0.9961 -0.0001 -0.0880
vn -0.9982 -0.0001 0.0602
vn -0.0622 -0.0000 0.9981
vn -0.0629 -0.0000 0.9980
vn 0.0006 1.0000 0.0033
vn 0.0627 -0.0000 0.9980
vn -0.0627 -0.0000 0.9980
vn -0.0632 -0.0000 0.9980
vn -0.0620 -0.0000 0.9981
vn -0.0624 -0.0000 0.9981
vn 0.0099 0.0002 1.0000
vn 0.0422 0.0066 0.9991
vn 0.0003 0.9999 0.0129
vn -0.1038 0.0018 0.9946
vn 0.0629 -0.0000 0.9980
vn 0.0630 -0.0000 0.9980
vn -0.1131 0.0033 0.9936
vn 0.0890 -0.0000 0.9960
vn 0.0625 -0.0000 0.9980
vn 0.0964 -0.0000 0.9953
vn 0.0943 -0.0000 0.9955
vn -0.0623 -0.0000 0.9981
vn -0.0263 0.0077 0.9996
vn -0.0631 -0.0000 0.9980
vn -0.6679 -0.0000 -0.7443
vn -0.2863 -0.0000 -0.9581
vn -0.0628 -0.0000 0.9980
vn -0.0633 -0.0000 0.9980
vn -0.0621 -0.0000 0.9981
vn -0.0625 -0.0000 0.9980
vn -0.4919 -0.0000 0.8707
vn -0.0765 0.0193 0.9969
vn -0.0473 -0.0251 0.9986
vn -0.0585 -0.0081 0.9983
vn -0.0587 -0.0081 0.9982
vn -0.0582 -0.0080 0.9983
vn -0.0002 -0.0229 0.9997
vn -0.0589 -0.0081 0.9982
vn -0.0585 -0.0080 0.9983
vn -0.0581 -0.0080 0.9983
vn 0.0001 0.0229 0.9997
vn -0.0590 -0.0081 0.9982
vn 0.9391 0.3437 0.0067
vn 0.0586 0.0081 0.9983
vn 1.0000 -0.0000 -0.0007
vn 0.0588 0.0081 0.9982
vn 0.0765 -0.0193 0.9969
vn -0.0583 -0.0080 0.9983
vn 0.0002 0.0229 0.9997
vn 0.0587 0.0081 0.9982
vn 0.9836 0.1801 -0.0002
vn 0.0425 -0.0017 0.9991
vn 0.0590 0.0081 0.9982
vn 0.0589 0.0081 0.9982
vn 0.1796 -0.0197 0.9835
vn 0.0585 0.0081 0.9983
vn 1.0000 -0.0000 -0.0003
vn 0.0586 0.0081 0.9982
vn 0.0826 0.0170 0.9964
vn 0.0395 -0.0257 0.9989
vn 0.0538 -0.0117 0.9985
vn 0.0534 -0.0116 0.9985
vn 0.0542 -0.0118 0.9985
vn 0.0533 -0.0116 0.9985
vn 0.0003 0.0229 0.9997
vn 0.0540 -0.0117 0.9985
vn 0.0536 -0.0116 0.9985
vn -0.0003 -0.0229 0.9997
vn 0.0543 -0.0118 0.9985
vn 0.0532 -0.0115 0.9985
vn 0.0539 -0.0117 0.9985
vn 0.0535 -0.0116 0.9985
vn -0.0827 -0.0170 0.9964
vn -0.0400 0.0259 0.9989
vn 0.0541 -0.0117 0.9985
vn -0.0539 0.0117 0.9985
vn 0.0537 -0.0116 0.9985
vn 0.0544 -0.0118 0.9984
vn -0.0535 0.0116 0.9985
vn -0.0542 0.0118 0.9985
vn -0.0541 0.0117 0.9985
vn -0.0544 0.0118 0.9985
vn -0.0533 0.0116 0.9985
vn -0.0536 0.0116 0.9985
vn -0.0534 0.0117 0.9985
vn -0.0543 0.0118 0.9985
vn -0.0540 0.0117 0.9985
vn -0.0545 0.0118 0.9984
vn -0.0534 0.0116 0.9985
vn -0.0537 0.0117 0.9985
vn -0.0000 0.0114 -0.9999
vt 0.625000 0.984375
vt 0.609375 1.000000
vt 0.609375 0.984375
vt 0.625000 0.234375
vt 0.609375 0.250000
vt 0.609375 0.234375
vt 0.375000 0.734375
vt 0.359375 0.750000
vt 0.359375 0.734375
vt 0.625000 0.734375
vt 0.609375 0.750000
vt 0.609375 0.734375
vt 0.625000 0.484375
vt 0.609375 0.500000
vt 0.609375 0.484375
vt 0.500000 0.484375
vt 0.484375 0.500000
vt 0.484375 0.484375
vt 0.500000 0.359375
vt 0.484375 0.375000
vt 0.484375 0.359375
vt 0.625000 0.359375
vt 0.609375 0.375000
vt 0.609375 0.359375
vt 0.500000 0.734375
vt 0.484375 0.750000
vt 0.484375 0.734375
vt 0.500000 0.609375
vt 0.484375 0.625000
vt 0.484375 0.609375
vt 0.625000 0.609375
vt 0.609375 0.625000
vt 0.609375 0.609375
vt 0.250000 0.734375
vt 0.234375 0.750000
vt 0.234375 0.734375
vt 0.250000 0.609375
vt 0.234375 0.625000
vt 0.234375 0.609375
vt 0.375000 0.609375
vt 0.359375 0.625000
vt 0.359375 0.609375
vt 0.500000 0.234375
vt 0.484375 0.250000
vt 0.484375 0.234375
vt 0.500000 0.109375
vt 0.484375 0.125000
vt 0.484375 0.109375
vt 0.609375 0.109375
vt 0.625000 0.125000
vt 0.609375 0.125000
vt 0.500000 0.984375
vt 0.484375 1.000000
vt 0.484375 0.984375
vt 0.500000 0.859375
vt 0.484375 0.875000
vt 0.484375 0.859375
vt 0.625000 0.859375
vt 0.609375 0.875000
vt 0.609375 0.859375
vt 0.750000 0.734375
vt 0.734375 0.750000
vt 0.734375 0.734375
vt 0.750000 0.609375
vt 0.734375 0.625000
vt 0.734375 0.609375
vt 0.812500 0.609375
vt 0.796875 0.625000
vt 0.796875 0.609375
vt 0.812500 0.500000
vt 0.812500 0.515625
vt 0.687500 0.609375
vt 0.671875 0.625000
vt 0.671875 0.609375
vt 0.687500 0.546875
vt 0.671875 0.562500
vt 0.671875 0.546875
vt 0.750000 0.546875
vt 0.734375 0.562500
vt 0.734375 0.546875
vt 0.687500 0.734375
vt 0.671875 0.750000
vt 0.671875 0.734375
vt 0.687500 0.671875
vt 0.671875 0.687500
vt 0.671875 0.671875
vt 0.750000 0.671875
vt 0.734375 0.687500
vt 0.734375 0.671875
vt 0.562500 0.859375
vt 0.546875 0.875000
vt 0.546875 0.859375
vt 0.562500 0.796875
vt 0.546875 0.812500
vt 0.546875 0.796875
vt 0.625000 0.796875
vt 0.609375 0.812500
vt 0.609375 0.796875
vt 0.437500 0.859375
vt 0.421875 0.875000
vt 0.421875 0.859375
vt 0.437500 0.796875
vt 0.421875 0.812500
vt 0.421875 0.796875
vt 0.500000 0.796875
vt 0.484375 0.812500
vt 0.484375 0.796875
vt 0.437500 0.984375
vt 0.421875 1.000000
vt 0.421875 0.984375
vt 0.437500 0.921875
vt 0.421875 0.937500
vt 0.421875 0.921875
vt 0.500000 0.921875
vt 0.484375 0.937500
vt 0.484375 0.921875
vt 0.562500 0.109375
vt 0.546875 0.125000
vt 0.546875 0.109375
vt 0.562500 0.046875
vt 0.546875 0.062500
vt 0.546875 0.046875
vt 0.625000 0.046875
vt 0.609375 0.062500
vt 0.609375 0.046875
vt 0.437500 0.109375
vt 0.421875 0.125000
vt 0.421875 0.109375
vt 0.437500 0.046875
vt 0.421875 0.062500
vt 0.421875 0.046875
vt 0.500000 0.046875
vt 0.484375 0.062500
vt 0.484375 0.046875
vt 0.437500 0.234375
vt 0.421875 0.250000
vt 0.421875 0.234375
vt 0.437500 0.171875
vt 0.421875 0.187500
vt 0.421875 0.171875
vt 0.500000 0.171875
vt 0.484375 0.187500
vt 0.484375 0.171875
vt 0.312500 0.609375
vt 0.296875 0.625000
vt 0.296875 0.609375
vt 0.312500 0.546875
vt 0.296875 0.562500
vt 0.296875 0.546875
vt 0.375000 0.546875
vt 0.359375 0.562500
vt 0.359375 0.546875
vt 0.187500 0.609375
vt 0.171875 0.625000
vt 0.171875 0.609375
vt 0.187500 0.546875
vt 0.171875 0.562500
vt 0.171875 0.546875
vt 0.250000 0.546875
vt 0.234375 0.562500
vt 0.234375 0.546875
vt 0.187500 0.734375
vt 0.171875 0.750000
vt 0.171875 0.734375
vt 0.187500 0.671875
vt 0.171875 0.687500
vt 0.171875 0.671875
vt 0.250000 0.671875
vt 0.234375 0.687500
vt 0.234375 0.671875
vt 0.562500 0.609375
vt 0.546875 0.625000
vt 0.546875 0.609375
vt 0.562500 0.546875
vt 0.546875 0.562500
vt 0.546875 0.546875
vt 0.625000 0.546875
vt 0.609375 0.562500
vt 0.609375 0.546875
vt 0.437500 0.609375
vt 0.421875 0.625000
vt 0.421875 0.609375
vt 0.437500 0.546875
vt 0.421875 0.562500
vt 0.421875 0.546875
vt 0.500000 0.546875
vt 0.484375 0.562500
vt 0.484375 0.546875
vt 0.437500 0.734375
vt 0.421875 0.750000
vt 0.421875 0.734375
vt 0.437500 0.671875
vt 0.421875 0.687500
vt 0.421875 0.671875
vt 0.500000 0.671875
vt 0.484375 0.687500
vt 0.484375 0.671875
vt 0.562500 0.359375
vt 0.546875 0.375000
vt 0.546875 0.359375
vt 0.562500 0.296875
vt 0.546875 0.312500
vt 0.546875 0.296875
vt 0.625000 0.296875
vt 0.609375 0.312500
vt 0.609375 0.296875
vt 0.437500 0.359375
vt 0.421875 0.375000
vt 0.421875 0.359375
vt 0.437500 0.296875
vt 0.421875 0.312500
vt 0.421875 0.296875
vt 0.500000 0.296875
vt 0.484375 0.312500
vt 0.484375 0.296875
vt 0.437500 0.484375
vt 0.421875 0.500000
vt 0.421875 0.484375
vt 0.437500 0.421875
vt 0.421875 0.437500
vt 0.421875 0.421875
vt 0.500000 0.421875
vt 0.484375 0.437500
vt 0.484375 0.421875
vt 0.562500 0.484375
vt 0.546875 0.500000
vt 0.546875 0.484375
vt 0.562500 0.421875
vt 0.546875 0.437500
vt 0.546875 0.421875
vt 0.625000 0.421875
vt 0.609375 0.437500
vt 0.609375 0.421875
vt 0.562500 0.734375
vt 0.546875 0.750000
vt 0.546875 0.734375
vt 0.562500 0.671875
vt 0.546875 0.687500
vt 0.546875 0.671875
vt 0.625000 0.671875
vt 0.609375 0.687500
vt 0.609375 0.671875
vt 0.312500 0.734375
vt 0.296875 0.750000
vt 0.296875 0.734375
vt 0.312500 0.671875
vt 0.296875 0.687500
vt 0.296875 0.671875
vt 0.375000 0.671875
vt 0.359375 0.687500
vt 0.359375 0.671875
vt 0.562500 0.234375
vt 0.546875 0.250000
vt 0.546875 0.234375
vt 0.562500 0.171875
vt 0.546875 0.187500
vt 0.546875 0.171875
vt 0.609375 0.171875
vt 0.625000 0.187500
vt 0.609375 0.187500
vt 0.562500 0.984375
vt 0.546875 1.000000
vt 0.546875 0.984375
vt 0.562500 0.921875
vt 0.546875 0.937500
vt 0.546875 0.921875
vt 0.625000 0.921875
vt 0.609375 0.937500
vt 0.609375 0.921875
vt 0.812500 0.734375
vt 0.796875 0.750000
vt 0.796875 0.734375
vt 0.812500 0.671875
vt 0.796875 0.687500
vt 0.796875 0.671875
vt 0.781250 0.671875
vt 0.765625 0.687500
vt 0.765625 0.671875
vt 0.781250 0.640625
vt 0.765625 0.656250
vt 0.765625 0.640625
vt 0.812500 0.640625
vt 0.796875 0.656250
vt 0.796875 0.640625
vt 0.781250 0.734375
vt 0.765625 0.750000
vt 0.765625 0.734375
vt 0.781250 0.703125
vt 0.765625 0.718750
vt 0.765625 0.703125
vt 0.812500 0.703125
vt 0.796875 0.718750
vt 0.796875 0.703125
vt 0.593750 0.921875
vt 0.578125 0.937500
vt 0.578125 0.921875
vt 0.593750 0.890625
vt 0.578125 0.906250
vt 0.578125 0.890625
vt 0.625000 0.890625
vt 0.609375 0.906250
vt 0.609375 0.890625
vt 0.531250 0.921875
vt 0.515625 0.937500
vt 0.515625 0.921875
vt 0.531250 0.890625
vt 0.515625 0.906250
vt 0.515625 0.890625
vt 0.562500 0.890625
vt 0.546875 0.906250
vt 0.546875 0.890625
vt 0.531250 0.984375
vt 0.515625 1.000000
vt 0.515625 0.984375
vt 0.531250 0.953125
vt 0.515625 0.968750
vt 0.515625 0.953125
vt 0.562500 0.953125
vt 0.546875 0.968750
vt 0.546875 0.953125
vt 0.593750 0.171875
vt 0.578125 0.187500
vt 0.578125 0.171875
vt 0.593750 0.140625
vt 0.578125 0.156250
vt 0.578125 0.140625
vt 0.609375 0.140625
vt 0.625000 0.156250
vt 0.609375 0.156250
vt 0.531250 0.171875
vt 0.515625 0.187500
vt 0.515625 0.171875
vt 0.531250 0.140625
vt 0.515625 0.156250
vt 0.515625 0.140625
vt 0.562500 0.140625
vt 0.546875 0.156250
vt 0.546875 0.140625
vt 0.531250 0.234375
vt 0.515625 0.250000
vt 0.515625 0.234375
vt 0.531250 0.203125
vt 0.515625 0.218750
vt 0.515625 0.203125
vt 0.562500 0.203125
vt 0.546875 0.218750
vt 0.546875 0.203125
vt 0.343750 0.671875
vt 0.328125 0.687500
vt 0.328125 0.671875
vt 0.343750 0.640625
vt 0.328125 0.656250
vt 0.328125 0.640625
vt 0.375000 0.640625
vt 0.359375 0.656250
vt 0.359375 0.640625
vt 0.281250 0.671875
vt 0.265625 0.687500
vt 0.265625 0.671875
vt 0.281250 0.640625
vt 0.265625 0.656250
vt 0.265625 0.640625
vt 0.312500 0.640625
vt 0.296875 0.656250
vt 0.296875 0.640625
vt 0.281250 0.734375
vt 0.265625 0.750000
vt 0.265625 0.734375
vt 0.281250 0.703125
vt 0.265625 0.718750
vt 0.265625 0.703125
vt 0.312500 0.703125
vt 0.296875 0.718750
vt 0.296875 0.703125
vt 0.593750 0.671875
vt 0.578125 0.687500
vt 0.578125 0.671875
vt 0.593750 0.640625
vt 0.578125 0.656250
vt 0.578125 0.640625
vt 0.625000 0.640625
vt 0.609375 0.656250
vt 0.609375 0.640625
vt 0.531250 0.671875
vt 0.515625 0.687500
vt 0.515625 0.671875
vt 0.531250 0.640625
vt 0.515625 0.656250
vt 0.515625 0.640625
vt 0.562500 0.640625
vt 0.546875 0.656250
vt 0.546875 0.640625
vt 0.531250 0.734375
vt 0.515625 0.750000
vt 0.515625 0.734375
vt 0.531250 0.703125
vt 0.515625 0.718750
vt 0.515625 0.703125
vt 0.562500 0.703125
vt 0.546875 0.718750
vt 0.546875 0.703125
vt 0.593750 0.421875
vt 0.578125 0.437500
vt 0.578125 0.421875
vt 0.593750 0.390625
vt 0.578125 0.406250
vt 0.578125 0.390625
vt 0.625000 0.390625
vt 0.609375 0.406250
vt 0.609375 0.390625
vt 0.531250 0.421875
vt 0.515625 0.437500
vt 0.515625 0.421875
vt 0.531250 0.390625
vt 0.515625 0.406250
vt 0.515625 0.390625
vt 0.562500 0.390625
vt 0.546875 0.406250
vt 0.546875 0.390625
vt 0.531250 0.484375
vt 0.515625 0.500000
vt 0.515625 0.484375
vt 0.531250 0.453125
vt 0.515625 0.468750
vt 0.515625 0.453125
vt 0.562500 0.453125
vt 0.546875 0.468750
vt 0.546875 0.453125
vt 0.468750 0.421875
vt 0.453125 0.437500
vt 0.453125 0.421875
vt 0.468750 0.390625
vt 0.453125 0.406250
vt 0.453125 0.390625
vt 0.500000 0.390625
vt 0.484375 0.406250
vt 0.484375 0.390625
vt 0.406250 0.421875
vt 0.390625 0.437500
vt 0.390625 0.421875
vt 0.406250 0.390625
vt 0.390625 0.406250
vt 0.390625 0.390625
vt 0.437500 0.390625
vt 0.421875 0.406250
vt 0.421875 0.390625
vt 0.406250 0.484375
vt 0.390625 0.500000
vt 0.390625 0.484375
vt 0.406250 0.453125
vt 0.390625 0.468750
vt 0.390625 0.453125
vt 0.437500 0.453125
vt 0.421875 0.468750
vt 0.421875 0.453125
vt 0.468750 0.296875
vt 0.453125 0.312500
vt 0.453125 0.296875
vt 0.468750 0.265625
vt 0.453125 0.281250
vt 0.453125 0.265625
vt 0.500000 0.265625
vt 0.484375 0.281250
vt 0.484375 0.265625
vt 0.406250 0.296875
vt 0.390625 0.312500
vt 0.390625 0.296875
vt 0.406250 0.265625
vt 0.390625 0.281250
vt 0.390625 0.265625
vt 0.437500 0.265625
vt 0.421875 0.281250
vt 0.421875 0.265625
vt 0.406250 0.359375
vt 0.390625 0.375000
vt 0.390625 0.359375
vt 0.406250 0.328125
vt 0.390625 0.343750
vt 0.390625 0.328125
vt 0.437500 0.328125
vt 0.421875 0.343750
vt 0.421875 0.328125
vt 0.593750 0.296875
vt 0.578125 0.312500
vt 0.578125 0.296875
vt 0.593750 0.265625
vt 0.578125 0.281250
vt 0.578125 0.265625
vt 0.625000 0.265625
vt 0.609375 0.281250
vt 0.609375 0.265625
vt 0.531250 0.296875
vt 0.515625 0.312500
vt 0.515625 0.296875
vt 0.531250 0.265625
vt 0.515625 0.281250
vt 0.515625 0.265625
vt 0.562500 0.265625
vt 0.546875 0.281250
vt 0.546875 0.265625
vt 0.531250 0.359375
vt 0.515625 0.375000
vt 0.515625 0.359375
vt 0.531250 0.328125
vt 0.515625 0.343750
vt 0.515625 0.328125
vt 0.562500 0.328125
vt 0.546875 0.343750
vt 0.546875 0.328125
vt 0.468750 0.671875
vt 0.453125 0.687500
vt 0.453125 0.671875
vt 0.468750 0.640625
vt 0.453125 0.656250
vt 0.453125 0.640625
vt 0.500000 0.640625
vt 0.484375 0.656250
vt 0.484375 0.640625
vt 0.406250 0.671875
vt 0.390625 0.687500
vt 0.390625 0.671875
vt 0.406250 0.640625
vt 0.390625 0.656250
vt 0.390625 0.640625
vt 0.437500 0.640625
vt 0.421875 0.656250
vt 0.421875 0.640625
vt 0.406250 0.734375
vt 0.390625 0.750000
vt 0.390625 0.734375
vt 0.406250 0.703125
vt 0.390625 0.718750
vt 0.390625 0.703125
vt 0.437500 0.703125
vt 0.421875 0.718750
vt 0.421875 0.703125
vt 0.468750 0.546875
vt 0.453125 0.562500
vt 0.453125 0.546875
vt 0.468750 0.515625
vt 0.453125 0.531250
vt 0.453125 0.515625
vt 0.500000 0.515625
vt 0.484375 0.531250
vt 0.484375 0.515625
vt 0.406250 0.546875
vt 0.390625 0.562500
vt 0.390625 0.546875
vt 0.406250 0.515625
vt 0.390625 0.531250
vt 0.390625 0.515625
vt 0.437500 0.515625
vt 0.421875 0.531250
vt 0.421875 0.515625
vt 0.406250 0.609375
vt 0.390625 0.625000
vt 0.390625 0.609375
vt 0.406250 0.578125
vt 0.390625 0.593750
vt 0.390625 0.578125
vt 0.437500 0.578125
vt 0.421875 0.593750
vt 0.421875 0.578125
vt 0.593750 0.546875
vt 0.578125 0.562500
vt 0.578125 0.546875
vt 0.593750 0.515625
vt 0.578125 0.531250
vt 0.578125 0.515625
vt 0.625000 0.515625
vt 0.609375 0.531250
vt 0.609375 0.515625
vt 0.531250 0.546875
vt 0.515625 0.562500
vt 0.515625 0.546875
vt 0.531250 0.515625
vt 0.515625 0.531250
vt 0.515625 0.515625
vt 0.562500 0.515625
vt 0.546875 0.531250
vt 0.546875 0.515625
vt 0.531250 0.609375
vt 0.515625 0.625000
vt 0.515625 0.609375
vt 0.531250 0.578125
vt 0.515625 0.593750
vt 0.515625 0.578125
vt 0.562500 0.578125
vt 0.546875 0.593750
vt 0.546875 0.578125
vt 0.218750 0.671875
vt 0.203125 0.687500
vt 0.203125 0.671875
vt 0.218750 0.640625
vt 0.203125 0.656250
vt 0.203125 0.640625
vt 0.250000 0.640625
vt 0.234375 0.656250
vt 0.234375 0.640625
vt 0.156250 0.671875
vt 0.140625 0.687500
vt 0.140625 0.671875
vt 0.156250 0.640625
vt 0.140625 0.656250
vt 0.140625 0.640625
vt 0.187500 0.640625
vt 0.171875 0.656250
vt 0.171875 0.640625
vt 0.156250 0.734375
vt 0.140625 0.750000
vt 0.140625 0.734375
vt 0.156250 0.703125
vt 0.140625 0.718750
vt 0.140625 0.703125
vt 0.187500 0.703125
vt 0.171875 0.718750
vt 0.171875 0.703125
vt 0.218750 0.546875
vt 0.203125 0.562500
vt 0.203125 0.546875
vt 0.218750 0.515625
vt 0.203125 0.531250
vt 0.203125 0.515625
vt 0.250000 0.515625
vt 0.234375 0.531250
vt 0.234375 0.515625
vt 0.156250 0.546875
vt 0.140625 0.562500
vt 0.140625 0.546875
vt 0.156250 0.515625
vt 0.140625 0.531250
vt 0.140625 0.515625
vt 0.187500 0.515625
vt 0.171875 0.531250
vt 0.171875 0.515625
vt 0.156250 0.609375
vt 0.140625 0.625000
vt 0.140625 0.609375
vt 0.156250 0.578125
vt 0.140625 0.593750
vt 0.140625 0.578125
vt 0.187500 0.578125
vt 0.171875 0.593750
vt 0.171875 0.578125
vt 0.343750 0.546875
vt 0.328125 0.562500
vt 0.328125 0.546875
vt 0.343750 0.515625
vt 0.328125 0.531250
vt 0.328125 0.515625
vt 0.375000 0.515625
vt 0.359375 0.531250
vt 0.359375 0.515625
vt 0.281250 0.546875
vt 0.265625 0.562500
vt 0.265625 0.546875
vt 0.281250 0.515625
vt 0.265625 0.531250
vt 0.265625 0.515625
vt 0.312500 0.515625
vt 0.296875 0.531250
vt 0.296875 0.515625
vt 0.281250 0.609375
vt 0.265625 0.625000
vt 0.265625 0.609375
vt 0.281250 0.578125
vt 0.265625 0.593750
vt 0.265625 0.578125
vt 0.312500 0.578125
vt 0.296875 0.593750
vt 0.296875 0.578125
vt 0.468750 0.171875
vt 0.453125 0.187500
vt 0.453125 0.171875
vt 0.468750 0.140625
vt 0.453125 0.156250
vt 0.453125 0.140625
vt 0.500000 0.140625
vt 0.484375 0.156250
vt 0.484375 0.140625
vt 0.406250 0.171875
vt 0.390625 0.187500
vt 0.390625 0.171875
vt 0.406250 0.140625
vt 0.390625 0.156250
vt 0.390625 0.140625
vt 0.437500 0.140625
vt 0.421875 0.156250
vt 0.421875 0.140625
vt 0.406250 0.234375
vt 0.390625 0.250000
vt 0.390625 0.234375
vt 0.406250 0.203125
vt 0.390625 0.218750
vt 0.390625 0.203125
vt 0.437500 0.203125
vt 0.421875 0.218750
vt 0.421875 0.203125
vt 0.468750 0.046875
vt 0.453125 0.062500
vt 0.453125 0.046875
vt 0.468750 0.015625
vt 0.453125 0.031250
vt 0.453125 0.015625
vt 0.500000 0.015625
vt 0.484375 0.031250
vt 0.484375 0.015625
vt 0.406250 0.046875
vt 0.390625 0.062500
vt 0.390625 0.046875
vt 0.406250 0.015625
vt 0.390625 0.031250
vt 0.390625 0.015625
vt 0.437500 0.015625
vt 0.421875 0.031250
vt 0.421875 0.015625
vt 0.406250 0.109375
vt 0.390625 0.125000
vt 0.390625 0.109375
vt 0.406250 0.078125
vt 0.390625 0.093750
vt 0.390625 0.078125
vt 0.437500 0.078125
vt 0.421875 0.093750
vt 0.421875 0.078125
vt 0.593750 0.046875
vt 0.578125 0.062500
vt 0.578125 0.046875
vt 0.593750 0.015625
vt 0.578125 0.031250
vt 0.578125 0.015625
vt 0.625000 0.015625
vt 0.609375 0.031250
vt 0.609375 0.015625
vt 0.531250 0.046875
vt 0.515625 0.062500
vt 0.515625 0.046875
vt 0.531250 0.015625
vt 0.515625 0.031250
vt 0.515625 0.015625
vt 0.562500 0.015625
vt 0.546875 0.031250
vt 0.546875 0.015625
vt 0.531250 0.109375
vt 0.515625 0.125000
vt 0.515625 0.109375
vt 0.531250 0.078125
vt 0.515625 0.093750
vt 0.515625 0.078125
vt 0.562500 0.078125
vt 0.546875 0.093750
vt 0.546875 0.078125
vt 0.468750 0.921875
vt 0.453125 0.937500
vt 0.453125 0.921875
vt 0.468750 0.890625
vt 0.453125 0.906250
vt 0.453125 0.890625
vt 0.500000 0.890625
vt 0.484375 0.906250
vt 0.484375 0.890625
vt 0.406250 0.921875
vt 0.390625 0.937500
vt 0.390625 0.921875
vt 0.406250 0.890625
vt 0.390625 0.906250
vt 0.390625 0.890625
vt 0.437500 0.890625
vt 0.421875 0.906250
vt 0.421875 0.890625
vt 0.406250 0.984375
vt 0.390625 1.000000
vt 0.390625 0.984375
vt 0.406250 0.953125
vt 0.390625 0.968750
vt 0.390625 0.953125
vt 0.437500 0.953125
vt 0.421875 0.968750
vt 0.421875 0.953125
vt 0.468750 0.796875
vt 0.453125 0.812500
vt 0.453125 0.796875
vt 0.468750 0.765625
vt 0.453125 0.781250
vt 0.453125 0.765625
vt 0.500000 0.765625
vt 0.484375 0.781250
vt 0.484375 0.765625
vt 0.406250 0.796875
vt 0.390625 0.812500
vt 0.390625 0.796875
vt 0.406250 0.765625
vt 0.390625 0.781250
vt 0.390625 0.765625
vt 0.437500 0.765625
vt 0.421875 0.781250
vt 0.421875 0.765625
vt 0.406250 0.859375
vt 0.390625 0.875000
vt 0.390625 0.859375
vt 0.406250 0.828125
vt 0.390625 0.843750
vt 0.390625 0.828125
vt 0.437500 0.828125
vt 0.421875 0.843750
vt 0.421875 0.828125
vt 0.593750 0.796875
vt 0.578125 0.812500
vt 0.578125 0.796875
vt 0.593750 0.765625
vt 0.578125 0.781250
vt 0.578125 0.765625
vt 0.625000 0.765625
vt 0.609375 0.781250
vt 0.609375 0.765625
vt 0.531250 0.796875
vt 0.515625 0.812500
vt 0.515625 0.796875
vt 0.531250 0.765625
vt 0.515625 0.781250
vt 0.515625 0.765625
vt 0.562500 0.765625
vt 0.546875 0.781250
vt 0.546875 0.765625
vt 0.531250 0.859375
vt 0.515625 0.875000
vt 0.515625 0.859375
vt 0.531250 0.828125
vt 0.515625 0.843750
vt 0.515625 0.828125
vt 0.562500 0.828125
vt 0.546875 0.843750
vt 0.546875 0.828125
vt 0.718750 0.671875
vt 0.703125 0.687500
vt 0.703125 0.671875
vt 0.718750 0.640625
vt 0.703125 0.656250
vt 0.703125 0.640625
vt 0.750000 0.640625
vt 0.734375 0.656250
vt 0.734375 0.640625
vt 0.687500 0.640625
vt 0.671875 0.656250
vt 0.671875 0.640625
vt 0.687500 0.703125
vt 0.671875 0.718750
vt 0.671875 0.703125
vt 0.718750 0.546875
vt 0.703125 0.562500
vt 0.703125 0.546875
vt 0.718750 0.515625
vt 0.703125 0.531250
vt 0.703125 0.515625
vt 0.750000 0.515625
vt 0.734375 0.531250
vt 0.734375 0.515625
vt 0.687500 0.515625
vt 0.671875 0.531250
vt 0.671875 0.515625
vt 0.687500 0.578125
vt 0.671875 0.593750
vt 0.671875 0.578125
vt 0.781250 0.546875
vt 0.765625 0.562500
vt 0.765625 0.546875
vt 0.781250 0.515625
vt 0.765625 0.531250
vt 0.765625 0.515625
vt 0.625000 0.328125
vt 0.625000 0.312500
vt 0.781250 0.609375
vt 0.765625 0.625000
vt 0.765625 0.609375
vt 0.781250 0.578125
vt 0.765625 0.593750
vt 0.765625 0.578125
vt 0.812500 0.578125
vt 0.796875 0.593750
vt 0.796875 0.578125
vt 0.828125 0.593750
vt 0.828125 0.578125
vt 0.625000 0.250000
vt 0.828125 0.562500
vt 0.828125 0.546875
vt 0.718750 0.609375
vt 0.703125 0.625000
vt 0.703125 0.609375
vt 0.718750 0.578125
vt 0.703125 0.593750
vt 0.703125 0.578125
vt 0.750000 0.578125
vt 0.734375 0.593750
vt 0.734375 0.578125
vt 0.718750 0.734375
vt 0.703125 0.750000
vt 0.703125 0.734375
vt 0.718750 0.703125
vt 0.703125 0.718750
vt 0.703125 0.703125
vt 0.750000 0.703125
vt 0.734375 0.718750
vt 0.734375 0.703125
vt 0.593750 0.859375
vt 0.578125 0.875000
vt 0.578125 0.859375
vt 0.593750 0.828125
vt 0.578125 0.843750
vt 0.578125 0.828125
vt 0.625000 0.828125
vt 0.609375 0.843750
vt 0.609375 0.828125
vt 0.468750 0.859375
vt 0.453125 0.875000
vt 0.453125 0.859375
vt 0.468750 0.828125
vt 0.453125 0.843750
vt 0.453125 0.828125
vt 0.500000 0.828125
vt 0.484375 0.843750
vt 0.484375 0.828125
vt 0.468750 0.984375
vt 0.453125 1.000000
vt 0.453125 0.984375
vt 0.468750 0.953125
vt 0.453125 0.968750
vt 0.453125 0.953125
vt 0.500000 0.953125
vt 0.484375 0.968750
vt 0.484375 0.953125
vt 0.593750 0.109375
vt 0.578125 0.125000
vt 0.578125 0.109375
vt 0.593750 0.078125
vt 0.578125 0.093750
vt 0.578125 0.078125
vt 0.625000 0.078125
vt 0.609375 0.093750
vt 0.609375 0.078125
vt 0.468750 0.109375
vt 0.453125 0.125000
vt 0.453125 0.109375
vt 0.468750 0.078125
vt 0.453125 0.093750
vt 0.453125 0.078125
vt 0.500000 0.078125
vt 0.484375 0.093750
vt 0.484375 0.078125
vt 0.468750 0.234375
vt 0.453125 0.250000
vt 0.453125 0.234375
vt 0.468750 0.203125
vt 0.453125 0.218750
vt 0.453125 0.203125
vt 0.500000 0.203125
vt 0.484375 0.218750
vt 0.484375 0.203125
vt 0.343750 0.609375
vt 0.328125 0.625000
vt 0.328125 0.609375
vt 0.343750 0.578125
vt 0.328125 0.593750
vt 0.328125 0.578125
vt 0.375000 0.578125
vt 0.359375 0.593750
vt 0.359375 0.578125
vt 0.218750 0.609375
vt 0.203125 0.625000
vt 0.203125 0.609375
vt 0.218750 0.578125
vt 0.203125 0.593750
vt 0.203125 0.578125
vt 0.250000 0.578125
vt 0.234375 0.593750
vt 0.234375 0.578125
vt 0.218750 0.734375
vt 0.203125 0.750000
vt 0.203125 0.734375
vt 0.218750 0.703125
vt 0.203125 0.718750
vt 0.203125 0.703125
vt 0.250000 0.703125
vt 0.234375 0.718750
vt 0.234375 0.703125
vt 0.593750 0.609375
vt 0.578125 0.625000
vt 0.578125 0.609375
vt 0.593750 0.578125
vt 0.578125 0.593750
vt 0.578125 0.578125
vt 0.625000 0.578125
vt 0.609375 0.593750
vt 0.609375 0.578125
vt 0.468750 0.609375
vt 0.453125 0.625000
vt 0.453125 0.609375
vt 0.468750 0.578125
vt 0.453125 0.593750
vt 0.453125 0.578125
vt 0.500000 0.578125
vt 0.484375 0.593750
vt 0.484375 0.578125
vt 0.468750 0.734375
vt 0.453125 0.750000
vt 0.453125 0.734375
vt 0.468750 0.703125
vt 0.453125 0.718750
vt 0.453125 0.703125
vt 0.500000 0.703125
vt 0.484375 0.718750
vt 0.484375 0.703125
vt 0.593750 0.359375
vt 0.578125 0.375000
vt 0.578125 0.359375
vt 0.593750 0.328125
vt 0.578125 0.343750
vt 0.578125 0.328125
vt 0.609375 0.343750
vt 0.609375 0.328125
vt 0.468750 0.359375
vt 0.453125 0.375000
vt 0.453125 0.359375
vt 0.468750 0.328125
vt 0.453125 0.343750
vt 0.453125 0.328125
vt 0.500000 0.328125
vt 0.484375 0.343750
vt 0.484375 0.328125
vt 0.468750 0.484375
vt 0.453125 0.500000
vt 0.453125 0.484375
vt 0.468750 0.453125
vt 0.453125 0.468750
vt 0.453125 0.453125
vt 0.500000 0.453125
vt 0.484375 0.468750
vt 0.484375 0.453125
vt 0.593750 0.484375
vt 0.578125 0.500000
vt 0.578125 0.484375
vt 0.593750 0.453125
vt 0.578125 0.468750
vt 0.578125 0.453125
vt 0.609375 0.453125
vt 0.625000 0.468750
vt 0.609375 0.468750
vt 0.593750 0.734375
vt 0.578125 0.750000
vt 0.578125 0.734375
vt 0.593750 0.703125
vt 0.578125 0.718750
vt 0.578125 0.703125
vt 0.625000 0.703125
vt 0.609375 0.718750
vt 0.609375 0.703125
vt 0.343750 0.734375
vt 0.328125 0.750000
vt 0.328125 0.734375
vt 0.343750 0.703125
vt 0.328125 0.718750
vt 0.328125 0.703125
vt 0.375000 0.703125
vt 0.359375 0.718750
vt 0.359375 0.703125
vt 0.593750 0.234375
vt 0.578125 0.250000
vt 0.578125 0.234375
vt 0.593750 0.203125
vt 0.578125 0.218750
vt 0.578125 0.203125
vt 0.625000 0.203125
vt 0.609375 0.218750
vt 0.609375 0.203125
vt 0.593750 0.984375
vt 0.578125 1.000000
vt 0.578125 0.984375
vt 0.593750 0.953125
vt 0.578125 0.968750
vt 0.578125 0.953125
vt 0.625000 0.953125
vt 0.609375 0.968750
vt 0.609375 0.953125
vt 0.625000 0.140625
vt 0.625000 0.109375
vt 0.625000 0.171875
vt 0.625000 0.281250
vt 0.828125 0.671875
vt 0.828125 0.656250
vt 0.828125 0.703125
vt 0.812500 0.718750
vt 0.828125 0.687500
vt 0.812500 0.687500
vt 0.625000 0.031250
vt 0.828125 0.734375
vt 0.812500 0.750000
vt 0.828125 0.718750
vt 0.593750 0.968750
vt 0.593750 0.937500
vt 0.625000 0.937500
vt 0.562500 0.968750
vt 0.562500 0.937500
vt 0.562500 1.000000
vt 0.593750 0.218750
vt 0.593750 0.187500
vt 0.562500 0.218750
vt 0.562500 0.187500
vt 0.562500 0.250000
vt 0.343750 0.718750
vt 0.343750 0.687500
vt 0.375000 0.687500
vt 0.312500 0.718750
vt 0.312500 0.687500
vt 0.312500 0.750000
vt 0.593750 0.718750
vt 0.593750 0.687500
vt 0.625000 0.687500
vt 0.562500 0.718750
vt 0.562500 0.687500
vt 0.562500 0.750000
vt 0.593750 0.468750
vt 0.593750 0.437500
vt 0.625000 0.437500
vt 0.562500 0.468750
vt 0.562500 0.437500
vt 0.562500 0.500000
vt 0.468750 0.468750
vt 0.468750 0.437500
vt 0.500000 0.437500
vt 0.437500 0.468750
vt 0.437500 0.437500
vt 0.437500 0.500000
vt 0.468750 0.343750
vt 0.468750 0.312500
vt 0.500000 0.312500
vt 0.437500 0.343750
vt 0.437500 0.312500
vt 0.437500 0.375000
vt 0.593750 0.343750
vt 0.593750 0.312500
vt 0.562500 0.343750
vt 0.562500 0.312500
vt 0.562500 0.375000
vt 0.468750 0.718750
vt 0.468750 0.687500
vt 0.500000 0.687500
vt 0.437500 0.718750
vt 0.437500 0.687500
vt 0.437500 0.750000
vt 0.468750 0.593750
vt 0.468750 0.562500
vt 0.500000 0.562500
vt 0.437500 0.593750
vt 0.437500 0.562500
vt 0.437500 0.625000
vt 0.593750 0.593750
vt 0.593750 0.562500
vt 0.625000 0.562500
vt 0.562500 0.593750
vt 0.562500 0.562500
vt 0.562500 0.625000
vt 0.218750 0.718750
vt 0.218750 0.687500
vt 0.250000 0.687500
vt 0.187500 0.718750
vt 0.187500 0.687500
vt 0.187500 0.750000
vt 0.218750 0.593750
vt 0.218750 0.562500
vt 0.250000 0.562500
vt 0.187500 0.593750
vt 0.187500 0.562500
vt 0.187500 0.625000
vt 0.343750 0.593750
vt 0.343750 0.562500
vt 0.375000 0.562500
vt 0.312500 0.593750
vt 0.312500 0.562500
vt 0.312500 0.625000
vt 0.468750 0.218750
vt 0.468750 0.187500
vt 0.500000 0.187500
vt 0.437500 0.218750
vt 0.437500 0.187500
vt 0.437500 0.250000
vt 0.468750 0.093750
vt 0.468750 0.062500
vt 0.500000 0.062500
vt 0.437500 0.093750
vt 0.437500 0.062500
vt 0.437500 0.125000
vt 0.593750 0.093750
vt 0.593750 0.062500
vt 0.625000 0.062500
vt 0.562500 0.093750
vt 0.562500 0.062500
vt 0.562500 0.125000
vt 0.468750 0.968750
vt 0.468750 0.937500
vt 0.500000 0.937500
vt 0.437500 0.968750
vt 0.437500 0.937500
vt 0.437500 1.000000
vt 0.468750 0.843750
vt 0.468750 0.812500
vt 0.500000 0.812500
vt 0.437500 0.843750
vt 0.437500 0.812500
vt 0.437500 0.875000
vt 0.593750 0.843750
vt 0.593750 0.812500
vt 0.625000 0.812500
vt 0.562500 0.843750
vt 0.562500 0.812500
vt 0.562500 0.875000
vt 0.718750 0.718750
vt 0.718750 0.687500
vt 0.750000 0.687500
vt 0.687500 0.718750
vt 0.687500 0.687500
vt 0.687500 0.750000
vt 0.718750 0.593750
vt 0.718750 0.562500
vt 0.750000 0.562500
vt 0.687500 0.593750
vt 0.687500 0.562500
vt 0.687500 0.625000
vt 0.625000 1.000000
vt 0.828125 0.500000
vt 0.828125 0.515625
vt 0.812500 0.593750
vt 0.812500 0.562500
vt 0.828125 0.531250
vt 0.828125 0.609375
vt 0.812500 0.625000
vt 0.781250 0.593750
vt 0.796875 0.562500
vt 0.781250 0.562500
vt 0.750000 0.593750
vt 0.750000 0.625000
vt 0.796875 0.515625
vt 0.781250 0.531250
vt 0.796875 0.500000
vt 0.781250 0.500000
vt 0.750000 0.531250
vt 0.765625 0.500000
vt 0.750000 0.500000
vt 0.828125 0.750000
vt 0.812500 0.531250
vt 0.828125 0.640625
vt 0.828125 0.625000
vt 0.812500 0.546875
vt 0.625000 0.593750
vt 0.625000 0.750000
vt 0.625000 0.656250
vt 0.687500 0.500000
vt 0.671875 0.500000
vt 0.625000 0.625000
vt 0.625000 0.531250
vt 0.718750 0.531250
vt 0.734375 0.500000
vt 0.718750 0.500000
vt 0.687500 0.531250
vt 0.703125 0.500000
vt 0.625000 0.500000
vt 0.625000 0.781250
vt 0.625000 0.453125
vt 0.625000 0.718750
vt 0.718750 0.656250
vt 0.718750 0.625000
vt 0.687500 0.656250
vt 0.531250 0.843750
vt 0.531250 0.812500
vt 0.500000 0.843750
vt 0.500000 0.875000
vt 0.531250 0.781250
vt 0.531250 0.750000
vt 0.500000 0.781250
vt 0.500000 0.750000
vt 0.593750 0.781250
vt 0.593750 0.750000
vt 0.562500 0.781250
vt 0.406250 0.843750
vt 0.406250 0.812500
vt 0.375000 0.843750
vt 0.375000 0.828125
vt 0.375000 0.812500
vt 0.375000 0.875000
vt 0.375000 0.859375
vt 0.406250 0.781250
vt 0.406250 0.750000
vt 0.375000 0.781250
vt 0.375000 0.765625
vt 0.375000 0.750000
vt 0.375000 0.796875
vt 0.468750 0.781250
vt 0.468750 0.750000
vt 0.437500 0.781250
vt 0.406250 0.968750
vt 0.406250 0.937500
vt 0.375000 0.968750
vt 0.375000 0.953125
vt 0.375000 0.937500
vt 0.375000 1.000000
vt 0.375000 0.984375
vt 0.406250 0.906250
vt 0.406250 0.875000
vt 0.375000 0.906250
vt 0.375000 0.890625
vt 0.375000 0.921875
vt 0.468750 0.906250
vt 0.468750 0.875000
vt 0.437500 0.906250
vt 0.531250 0.093750
vt 0.531250 0.062500
vt 0.500000 0.093750
vt 0.500000 0.125000
vt 0.531250 0.031250
vt 0.546875 0.000000
vt 0.531250 0.000000
vt 0.562500 0.000000
vt 0.500000 0.031250
vt 0.515625 0.000000
vt 0.500000 0.000000
vt 0.593750 0.031250
vt 0.609375 0.000000
vt 0.593750 0.000000
vt 0.625000 0.000000
vt 0.562500 0.031250
vt 0.578125 0.000000
vt 0.406250 0.093750
vt 0.406250 0.062500
vt 0.375000 0.093750
vt 0.375000 0.078125
vt 0.375000 0.062500
vt 0.375000 0.125000
vt 0.375000 0.109375
vt 0.406250 0.031250
vt 0.421875 0.000000
vt 0.406250 0.000000
vt 0.437500 0.000000
vt 0.375000 0.031250
vt 0.375000 0.015625
vt 0.390625 0.000000
vt 0.375000 0.000000
vt 0.375000 0.046875
vt 0.468750 0.031250
vt 0.484375 0.000000
vt 0.468750 0.000000
vt 0.437500 0.031250
vt 0.453125 0.000000
vt 0.406250 0.218750
vt 0.406250 0.187500
vt 0.375000 0.218750
vt 0.375000 0.203125
vt 0.375000 0.187500
vt 0.375000 0.250000
vt 0.375000 0.234375
vt 0.406250 0.156250
vt 0.406250 0.125000
vt 0.375000 0.156250
vt 0.375000 0.140625
vt 0.375000 0.171875
vt 0.468750 0.156250
vt 0.468750 0.125000
vt 0.437500 0.156250
vt 0.281250 0.593750
vt 0.281250 0.562500
vt 0.250000 0.593750
vt 0.250000 0.625000
vt 0.281250 0.531250
vt 0.296875 0.500000
vt 0.281250 0.500000
vt 0.312500 0.500000
vt 0.250000 0.531250
vt 0.265625 0.500000
vt 0.250000 0.500000
vt 0.343750 0.531250
vt 0.359375 0.500000
vt 0.343750 0.500000
vt 0.375000 0.500000
vt 0.312500 0.531250
vt 0.328125 0.500000
vt 0.156250 0.593750
vt 0.156250 0.562500
vt 0.125000 0.593750
vt 0.125000 0.578125
vt 0.125000 0.562500
vt 0.125000 0.625000
vt 0.125000 0.609375
vt 0.156250 0.531250
vt 0.171875 0.500000
vt 0.156250 0.500000
vt 0.187500 0.500000
vt 0.125000 0.531250
vt 0.125000 0.515625
vt 0.140625 0.500000
vt 0.125000 0.500000
vt 0.125000 0.546875
vt 0.218750 0.531250
vt 0.234375 0.500000
vt 0.218750 0.500000
vt 0.187500 0.531250
vt 0.203125 0.500000
vt 0.156250 0.718750
vt 0.156250 0.687500
vt 0.125000 0.718750
vt 0.125000 0.703125
vt 0.125000 0.687500
vt 0.125000 0.750000
vt 0.125000 0.734375
vt 0.156250 0.656250
vt 0.156250 0.625000
vt 0.125000 0.656250
vt 0.125000 0.640625
vt 0.125000 0.671875
vt 0.218750 0.656250
vt 0.218750 0.625000
vt 0.187500 0.656250
vt 0.531250 0.593750
vt 0.531250 0.562500
vt 0.500000 0.593750
vt 0.500000 0.625000
vt 0.531250 0.531250
vt 0.531250 0.500000
vt 0.500000 0.531250
vt 0.500000 0.500000
vt 0.593750 0.531250
vt 0.593750 0.500000
vt 0.562500 0.531250
vt 0.406250 0.593750
vt 0.406250 0.562500
vt 0.375000 0.593750
vt 0.375000 0.625000
vt 0.406250 0.531250
vt 0.406250 0.500000
vt 0.375000 0.531250
vt 0.468750 0.531250
vt 0.468750 0.500000
vt 0.437500 0.531250
vt 0.406250 0.718750
vt 0.406250 0.687500
vt 0.375000 0.718750
vt 0.406250 0.656250
vt 0.406250 0.625000
vt 0.375000 0.656250
vt 0.468750 0.656250
vt 0.468750 0.625000
vt 0.437500 0.656250
vt 0.531250 0.343750
vt 0.531250 0.312500
vt 0.500000 0.343750
vt 0.500000 0.375000
vt 0.531250 0.281250
vt 0.531250 0.250000
vt 0.500000 0.281250
vt 0.500000 0.250000
vt 0.593750 0.281250
vt 0.593750 0.250000
vt 0.562500 0.281250
vt 0.406250 0.343750
vt 0.406250 0.312500
vt 0.375000 0.343750
vt 0.375000 0.328125
vt 0.375000 0.312500
vt 0.375000 0.375000
vt 0.375000 0.359375
vt 0.406250 0.281250
vt 0.406250 0.250000
vt 0.375000 0.281250
vt 0.375000 0.265625
vt 0.375000 0.296875
vt 0.468750 0.281250
vt 0.468750 0.250000
vt 0.437500 0.281250
vt 0.406250 0.468750
vt 0.406250 0.437500
vt 0.375000 0.468750
vt 0.375000 0.453125
vt 0.375000 0.437500
vt 0.375000 0.484375
vt 0.406250 0.406250
vt 0.406250 0.375000
vt 0.375000 0.406250
vt 0.375000 0.390625
vt 0.375000 0.421875
vt 0.468750 0.406250
vt 0.468750 0.375000
vt 0.437500 0.406250
vt 0.531250 0.468750
vt 0.531250 0.437500
vt 0.500000 0.468750
vt 0.531250 0.406250
vt 0.531250 0.375000
vt 0.500000 0.406250
vt 0.593750 0.406250
vt 0.593750 0.375000
vt 0.625000 0.375000
vt 0.562500 0.406250
vt 0.531250 0.718750
vt 0.531250 0.687500
vt 0.500000 0.718750
vt 0.531250 0.656250
vt 0.531250 0.625000
vt 0.500000 0.656250
vt 0.593750 0.656250
vt 0.593750 0.625000
vt 0.562500 0.656250
vt 0.281250 0.718750
vt 0.281250 0.687500
vt 0.250000 0.718750
vt 0.250000 0.750000
vt 0.281250 0.656250
vt 0.281250 0.625000
vt 0.250000 0.656250
vt 0.343750 0.656250
vt 0.343750 0.625000
vt 0.312500 0.656250
vt 0.531250 0.218750
vt 0.531250 0.187500
vt 0.500000 0.218750
vt 0.531250 0.156250
vt 0.531250 0.125000
vt 0.500000 0.156250
vt 0.593750 0.156250
vt 0.593750 0.125000
vt 0.562500 0.156250
vt 0.531250 0.968750
vt 0.531250 0.937500
vt 0.500000 0.968750
vt 0.500000 1.000000
vt 0.531250 0.906250
vt 0.531250 0.875000
vt 0.500000 0.906250
vt 0.593750 0.906250
vt 0.593750 0.875000
vt 0.625000 0.875000
vt 0.562500 0.906250
vt 0.781250 0.718750
vt 0.781250 0.687500
vt 0.750000 0.718750
vt 0.750000 0.750000
vt 0.781250 0.656250
vt 0.781250 0.625000
vt 0.750000 0.656250
vt 0.812500 0.656250
vt 0.625000 0.218750
vt 0.781250 0.750000
vt 0.625000 0.906250
vt 0.531250 1.000000
vt 0.281250 0.750000
vt 0.625000 0.406250
vt 0.156250 0.750000
vt 0.406250 1.000000
vt 0.625000 0.093750
vt 0.796875 0.546875
vt 0.796875 0.531250
vt 0.625000 0.968750
vt 0.718750 0.750000
vt 0.625000 0.843750
vt 0.468750 1.000000
vt 0.218750 0.750000
vt 0.625000 0.343750
vt 0.343750 0.750000
vt 0.593750 1.000000
vt 0.859375 0.734375
vt 0.875000 0.750000
vt 0.859375 0.750000
vt 0.859375 0.609375
vt 0.875000 0.625000
vt 0.859375 0.625000
vt 0.859375 0.546875
vt 0.875000 0.562500
vt 0.859375 0.562500
vt 0.859375 0.671875
vt 0.875000 0.687500
vt 0.859375 0.687500
vt 0.843750 0.687500
vt 0.843750 0.656250
vt 0.859375 0.640625
vt 0.875000 0.656250
vt 0.859375 0.656250
vt 0.843750 0.562500
vt 0.843750 0.531250
vt 0.859375 0.515625
vt 0.875000 0.531250
vt 0.859375 0.531250
vt 0.843750 0.625000
vt 0.843750 0.578125
vt 0.859375 0.578125
vt 0.875000 0.593750
vt 0.859375 0.593750
vt 0.843750 0.750000
vt 0.843750 0.718750
vt 0.859375 0.703125
vt 0.875000 0.718750
vt 0.859375 0.718750
vt 0.843750 0.703125
vt 0.875000 0.703125
vt 0.843750 0.734375
vt 0.843750 0.593750
vt 0.875000 0.578125
vt 0.843750 0.609375
vt 0.843750 0.515625
vt 0.843750 0.500000
vt 0.859375 0.500000
vt 0.875000 0.515625
vt 0.843750 0.546875
vt 0.843750 0.640625
vt 0.875000 0.640625
vt 0.843750 0.671875
vt 0.875000 0.671875
vt 0.875000 0.546875
vt 0.875000 0.609375
vt 0.875000 0.734375
vt 0.656250 0.671875
vt 0.640625 0.687500
vt 0.640625 0.671875
vt 0.656250 0.640625
vt 0.640625 0.656250
vt 0.640625 0.640625
vt 0.656250 0.734375
vt 0.640625 0.750000
vt 0.640625 0.734375
vt 0.656250 0.703125
vt 0.640625 0.718750
vt 0.640625 0.703125
vt 0.656250 0.546875
vt 0.640625 0.562500
vt 0.640625 0.546875
vt 0.656250 0.515625
vt 0.640625 0.531250
vt 0.640625 0.515625
vt 0.656250 0.609375
vt 0.640625 0.625000
vt 0.640625 0.609375
vt 0.656250 0.578125
vt 0.640625 0.593750
vt 0.640625 0.578125
vt 0.656250 0.593750
vt 0.656250 0.562500
vt 0.656250 0.531250
vt 0.656250 0.500000
vt 0.640625 0.500000
vt 0.656250 0.718750
vt 0.656250 0.687500
vt 0.656250 0.656250
vt 0.656250 0.625000
vt 0.656250 0.750000
vt 0.875000 0.500000
s 1
usemtl Material
f 379/1/42 376/2/12 1478/3/25
f 382/4/44 627/5/14 1477/6/24
f 633/7/20 381/8/17 1476/9/23
f 380/10/43 626/11/13 1475/12/22
f 383/13/21 624/14/11 1474/15/21
f 397/16/21 612/17/11 1473/18/21
f 398/19/21 636/20/21 1472/21/21
f 395/22/19 637/23/21 1471/24/21
f 401/25/22 614/26/13 1470/27/22
f 402/28/22 640/29/22 1469/30/22
f 392/31/45 641/32/22 1468/33/22
f 405/34/23 393/35/17 1467/36/23
f 406/37/23 644/38/23 1466/39/23
f 621/40/20 645/41/23 1465/42/23
f 409/43/24 615/44/14 1464/45/24
f 410/46/24 648/47/24 1463/48/24
f 1462/49/96 18/50/18 649/51/24
f 413/52/25 388/53/12 1461/54/25
f 414/55/25 652/56/25 1460/57/25
f 391/58/15 653/59/25 1459/60/25
f 417/61/26 391/62/15 1458/63/26
f 418/64/26 656/65/26 1457/66/26
f 468/67/26 609/68/26 1456/69/26
f 49/70/31 1621/71/26 1615/70/26
f 472/72/26 608/73/62 1454/74/95
f 473/75/26 662/76/68 1453/77/94
f 465/78/26 663/79/26 1452/80/26
f 475/81/26 438/82/49 1451/83/93
f 476/84/26 666/85/69 1450/86/92
f 464/87/26 667/88/26 1449/89/26
f 478/90/25 605/91/25 1448/92/25
f 479/93/25 670/94/25 1447/95/25
f 438/96/49 671/97/25 1446/98/25
f 482/99/25 604/100/25 1445/101/25
f 483/102/25 674/103/25 1444/104/25
f 461/105/25 675/106/25 1443/107/25
f 486/108/25 435/109/12 1442/110/25
f 487/111/25 678/112/25 1441/113/25
f 460/114/25 679/115/25 1440/116/25
f 490/117/24 601/118/24 1439/119/24
f 491/120/24 682/121/24 1438/122/24
f 441/123/51 683/124/24 1437/125/24
f 494/126/24 600/127/24 1436/128/24
f 495/129/24 686/130/24 1435/131/24
f 457/132/24 687/133/24 1434/134/24
f 498/135/24 567/136/14 1433/137/24
f 499/138/24 690/139/24 1432/140/24
f 456/141/24 691/142/24 1431/143/24
f 502/144/23 597/145/23 1430/146/23
f 503/147/23 694/148/23 1429/149/23
f 573/150/20 695/151/23 1428/152/23
f 506/153/23 596/154/23 1427/155/23
f 507/156/23 698/157/23 1426/158/23
f 453/159/23 699/160/23 1425/161/23
f 510/162/23 440/163/17 1424/164/23
f 511/165/23 702/166/23 1423/167/23
f 452/168/23 703/169/23 1422/170/23
f 514/171/22 593/172/22 1421/173/22
f 515/174/22 706/175/22 1420/176/22
f 439/177/50 707/178/22 1419/179/22
f 518/180/22 592/181/22 1418/182/22
f 519/183/22 710/184/22 1417/185/22
f 449/186/22 711/187/22 1416/188/22
f 522/189/22 566/190/13 1415/191/22
f 523/192/22 714/193/22 1414/194/22
f 448/195/22 715/196/22 1413/197/22
f 526/198/21 589/199/21 1412/200/21
f 527/201/21 718/202/21 1411/203/21
f 442/204/52 719/205/21 1410/206/21
f 530/207/21 588/208/21 1409/209/21
f 531/210/21 722/211/21 1408/212/21
f 445/213/21 723/214/21 1407/215/21
f 534/216/21 564/217/11 1406/218/21
f 535/219/21 726/220/21 1405/221/21
f 444/222/21 727/223/21 1404/224/21
f 538/225/21 576/226/11 1403/227/21
f 539/228/21 730/229/21 1402/230/21
f 430/231/19 731/232/70 1401/233/21
f 542/234/22 578/235/13 1400/236/22
f 543/237/22 734/238/22 1399/239/22
f 427/240/47 735/241/22 1398/242/22
f 546/243/23 428/244/17 1397/245/23
f 547/246/23 738/247/23 1396/248/23
f 585/249/20 739/250/23 1395/251/23
f 550/252/24 579/253/14 1394/254/24
f 551/255/24 742/256/24 1393/257/24
f 1392/258/91 36/259/28 743/260/24
f 554/261/25 423/262/12 1391/263/25
f 555/264/25 746/265/25 1390/266/25
f 426/267/15 747/268/25 1389/269/25
f 558/270/26 426/271/15 1388/272/26
f 559/273/26 750/274/26 1387/275/26
f 752/276/26 560/277/26 1384/278/26
f 753/279/26 754/280/26 1383/281/26
f 749/282/26 755/283/26 1382/284/26
f 756/285/26 616/286/15 1381/287/26
f 757/288/26 758/289/26 1380/290/26
f 748/291/26 759/292/26 1379/293/26
f 760/294/25 557/295/25 1378/296/25
f 761/297/25 762/298/25 1377/299/25
f 616/300/15 763/301/25 1376/302/25
f 764/303/25 556/304/25 1375/305/25
f 765/306/25 766/307/25 1374/308/25
f 745/309/25 767/310/25 1373/311/25
f 768/312/25 613/313/12 1372/314/25
f 769/315/25 770/316/25 1371/317/25
f 744/318/25 771/319/25 1370/320/25
f 772/321/24 553/322/24 1369/323/24
f 773/324/24 774/325/24 1368/326/24
f 1367/327/90 155/328/38 775/329/24
f 776/330/24 552/331/24 1366/332/24
f 777/333/24 778/334/24 1365/335/24
f 741/336/24 779/337/24 1364/338/24
f 780/339/24 390/340/14 1363/341/24
f 781/342/24 782/343/24 1362/344/24
f 740/345/24 783/346/24 1361/347/24
f 784/348/23 549/349/23 1360/350/23
f 785/351/23 786/352/23 1359/353/23
f 396/354/20 787/355/23 1358/356/23
f 788/357/23 548/358/23 1357/359/23
f 789/360/23 790/361/23 1356/362/23
f 737/363/23 791/364/23 1355/365/23
f 792/366/23 618/367/17 1354/368/23
f 793/369/23 794/370/23 1353/371/23
f 736/372/23 795/373/23 1352/374/23
f 796/375/22 545/376/22 1351/377/22
f 797/378/22 798/379/22 1350/380/22
f 617/381/63 799/382/22 1349/383/22
f 800/384/22 544/385/22 1348/386/22
f 801/387/22 802/388/22 1347/389/22
f 733/390/22 803/391/22 1346/392/22
f 804/393/22 389/394/13 1345/395/22
f 805/396/22 806/397/22 1344/398/22
f 732/399/22 807/400/22 1343/401/22
f 808/402/21 541/403/21 1342/404/21
f 809/405/21 810/406/21 1341/407/21
f 620/408/19 811/409/21 1340/410/21
f 812/411/21 540/412/21 1339/413/21
f 813/414/21 814/415/21 1338/416/21
f 729/417/21 815/418/21 1337/419/21
f 816/420/21 387/421/11 1336/422/21
f 817/423/21 818/424/21 1335/425/21
f 728/426/21 819/427/21 1334/428/21
f 820/429/21 537/430/21 1333/431/21
f 821/432/21 822/433/21 1332/434/21
f 634/435/21 823/436/21 1331/437/21
f 824/438/21 536/439/21 1330/440/21
f 825/441/21 826/442/21 1329/443/21
f 725/444/21 827/445/21 1328/446/21
f 828/447/21 375/448/11 1327/449/21
f 829/450/21 830/451/21 1326/452/21
f 724/453/21 831/454/21 1325/455/21
f 832/456/21 533/457/21 1324/458/21
f 833/459/21 834/460/21 1323/461/21
f 635/462/21 835/463/21 1322/464/21
f 836/465/21 532/466/21 1321/467/21
f 837/468/21 838/469/21 1320/470/21
f 721/471/21 839/472/21 1319/473/21
f 840/474/21 399/475/21 1318/476/21
f 841/477/21 842/478/21 1317/479/21
f 720/480/21 843/481/21 1316/482/21
f 844/483/21 529/484/21 1315/485/21
f 845/486/21 846/487/21 1314/488/21
f 632/489/21 847/490/21 1313/491/21
f 848/492/21 528/493/21 1312/494/21
f 849/495/21 850/496/21 1311/497/21
f 717/498/21 851/499/21 1310/500/21
f 852/501/21 400/502/21 1309/503/21
f 853/504/21 854/505/21 1308/506/21
f 716/507/21 855/508/21 1307/509/21
f 856/510/22 525/511/22 1306/512/22
f 857/513/22 858/514/22 1305/515/22
f 638/516/22 859/517/22 1304/518/22
f 860/519/22 524/520/22 1303/521/22
f 861/522/22 862/523/22 1302/524/22
f 713/525/22 863/526/22 1301/527/22
f 864/528/22 377/529/13 1300/530/22
f 865/531/22 866/532/22 1299/533/22
f 712/534/22 867/535/22 1298/536/22
f 868/537/22 521/538/22 1297/539/22
f 869/540/22 870/541/22 1296/542/22
f 639/543/22 871/544/22 1295/545/22
f 872/546/22 520/547/22 1294/548/22
f 873/549/22 874/550/22 1293/551/22
f 709/552/22 875/553/22 1292/554/22
f 876/555/22 403/556/22 1291/557/22
f 877/558/22 878/559/22 1290/560/22
f 708/561/22 879/562/22 1289/563/22
f 880/564/22 517/565/22 1288/566/22
f 881/567/22 882/568/22 1287/569/22
f 629/570/66 883/571/22 1286/572/22
f 884/573/22 516/574/22 1285/575/22
f 885/576/22 886/577/22 1284/578/22
f 705/579/22 887/580/22 1283/581/22
f 888/582/22 404/583/22 1282/584/22
f 889/585/22 890/586/22 1281/587/22
f 704/588/22 891/589/22 1280/590/22
f 892/591/23 513/592/23 1279/593/23
f 893/594/23 894/595/23 1278/596/23
f 642/597/23 895/598/23 1277/599/23
f 896/600/23 512/601/23 1276/602/23
f 897/603/23 898/604/23 1275/605/23
f 701/606/23 899/607/23 1274/608/23
f 900/609/23 630/610/17 1273/611/23
f 901/612/23 902/613/23 1272/614/23
f 700/615/23 903/616/23 1271/617/23
f 904/618/23 509/619/23 1270/620/23
f 905/621/23 906/622/23 1269/623/23
f 643/624/23 907/625/23 1268/626/23
f 908/627/23 508/628/23 1267/629/23
f 909/630/23 910/631/23 1266/632/23
f 697/633/23 911/634/23 1265/635/23
f 912/636/23 407/637/23 1264/638/23
f 913/639/23 914/640/23 1263/641/23
f 696/642/23 915/643/23 1262/644/23
f 916/645/23 505/646/23 1261/647/23
f 917/648/23 918/649/23 1260/650/23
f 384/651/20 919/652/23 1259/653/23
f 920/654/23 504/655/23 1258/656/23
f 921/657/23 922/658/23 1257/659/23
f 693/660/23 923/661/23 1256/662/23
f 924/663/23 408/664/23 1255/665/23
f 925/666/23 926/667/23 1254/668/23
f 692/669/23 927/670/23 1253/671/23
f 928/672/24 501/673/24 1252/674/24
f 929/675/24 930/676/24 1251/677/24
f 646/678/24 931/679/24 1250/680/24
f 932/681/24 500/682/24 1249/683/24
f 933/684/24 934/685/24 1248/686/24
f 689/687/24 935/688/24 1247/689/24
f 936/690/24 378/691/14 1246/692/24
f 937/693/24 938/694/24 1245/695/24
f 688/696/24 939/697/24 1244/698/24
f 940/699/24 497/700/24 1243/701/24
f 941/702/24 942/703/24 1242/704/24
f 647/705/24 943/706/24 1241/707/24
f 944/708/24 496/709/24 1240/710/24
f 945/711/24 946/712/24 1239/713/24
f 685/714/24 947/715/24 1238/716/24
f 948/717/24 411/718/24 1237/719/24
f 949/720/24 950/721/24 1236/722/24
f 684/723/24 951/724/24 1235/725/24
f 952/726/24 493/727/24 1234/728/24
f 953/729/24 954/730/24 1233/731/24
f 631/732/67 955/733/24 1232/734/24
f 956/735/24 492/736/24 1231/737/24
f 957/738/24 958/739/24 1230/740/24
f 681/741/24 959/742/24 1229/743/24
f 960/744/24 412/745/24 1228/746/24
f 961/747/24 962/748/24 1227/749/24
f 680/750/24 963/751/24 1226/752/24
f 964/753/25 489/754/25 1225/755/25
f 965/756/25 966/757/25 1224/758/25
f 650/759/25 967/760/25 1223/761/25
f 968/762/25 488/763/25 1222/764/25
f 969/765/25 970/766/25 1221/767/25
f 677/768/25 971/769/25 1220/770/25
f 972/771/25 625/772/12 1219/773/25
f 973/774/25 974/775/25 1218/776/25
f 676/777/25 975/778/25 1217/779/25
f 976/780/25 485/781/25 1216/782/25
f 977/783/25 978/784/25 1215/785/25
f 651/786/25 979/787/25 1214/788/25
f 980/789/25 484/790/25 1213/791/25
f 981/792/25 982/793/25 1212/794/25
f 673/795/25 983/796/25 1211/797/25
f 984/798/25 415/799/25 1210/800/25
f 985/801/25 986/802/25 1209/803/25
f 672/804/25 987/805/25 1208/806/25
f 988/807/25 481/808/25 1207/809/25
f 989/810/25 990/811/25 1206/812/25
f 628/813/65 991/814/25 1205/815/25
f 992/816/25 480/817/25 1204/818/25
f 993/819/25 994/820/25 1203/821/25
f 669/822/25 995/823/25 1202/824/25
f 996/825/25 416/826/25 1201/827/25
f 997/828/25 998/829/25 1200/830/25
f 668/831/25 999/832/25 1199/833/25
f 1000/834/26 477/835/26 1198/836/26
f 1001/837/26 1002/838/26 1197/839/26
f 654/840/26 1003/841/26 1196/842/26
f 665/843/26 1004/844/72 1195/845/62
f 664/846/26 1005/847/73 1194/848/89
f 1006/849/26 474/850/26 1193/851/26
f 1007/852/26 1008/853/26 1192/854/26
f 655/855/26 1009/856/26 1191/857/26
f 661/858/26 1010/859/74 1190/860/88
f 660/861/26 1011/862/75 1189/863/87
f 1013/864/26 470/865/26 1186/866/26
f 1014/867/26 1015/868/26 1185/869/26
f 584/870/31 1615/871/26 1619/870/26
f 1017/872/26 419/873/26 1183/874/26
f 1018/875/26 1019/876/26 1182/877/26
f 657/878/26 1020/879/26 1181/880/26
f 1021/881/77 1535/882/120 1525/881/117
f 5/883/5 1498/4/107 1479/883/97
f 471/884/54 1539/885/110 1504/884/110
f 1022/886/26 466/887/26 1178/888/26
f 1023/889/26 1024/890/26 1177/891/26
f 607/892/26 1025/893/26 1176/894/26
f 1026/895/26 580/896/15 1175/897/26
f 1027/898/26 1028/899/26 1174/900/26
f 606/901/26 1029/902/26 1173/903/26
f 1030/904/25 463/905/25 1172/906/25
f 1031/907/25 1032/908/25 1171/909/25
f 580/910/15 1033/911/25 1170/912/25
f 1034/913/25 462/914/25 1169/915/25
f 1035/916/25 1036/917/25 1168/918/25
f 603/919/25 1037/920/25 1167/921/25
f 1038/922/25 577/923/12 1166/924/25
f 1039/925/25 1040/926/25 1165/927/25
f 602/928/25 1041/929/25 1164/930/25
f 1042/931/24 459/932/24 1163/933/24
f 1043/934/24 1044/935/24 1162/936/24
f 583/937/61 1045/938/24 1161/939/24
f 1046/940/24 458/941/24 1160/942/24
f 1047/943/24 1048/944/24 1159/945/24
f 599/946/24 1049/947/24 1158/948/24
f 1050/949/24 425/950/14 1157/951/24
f 1051/952/24 1052/953/24 1156/954/24
f 598/955/24 1053/956/24 1155/957/24
f 1054/958/23 455/959/23 1154/960/23
f 1055/961/23 1056/962/23 1153/963/23
f 431/964/20 1057/965/23 1152/966/23
f 1058/967/23 454/968/23 1151/969/23
f 1059/970/23 1060/971/23 1150/972/23
f 595/973/23 1061/974/23 1149/975/23
f 1062/976/23 582/977/17 1148/978/23
f 1063/979/23 1064/980/23 1147/981/23
f 594/982/23 1065/983/23 1146/984/23
f 1066/985/22 451/986/22 1145/987/22
f 1067/988/22 1068/989/22 1144/990/22
f 581/991/60 1069/992/22 1143/993/22
f 1070/994/22 450/995/22 1142/996/22
f 1071/997/22 1072/998/22 1141/999/22
f 591/1000/22 1073/1001/22 1140/1002/22
f 1074/1003/22 424/1004/13 1139/1005/22
f 1075/1006/22 1076/1007/22 1138/1008/22
f 590/1009/22 1077/1010/22 1137/1011/22
f 1078/1012/21 447/1013/21 1136/1014/21
f 1079/1015/21 1080/1016/21 1135/1017/21
f 584/870/31 1081/1018/21 1134/1019/21
f 1082/1020/21 446/1021/21 1133/1022/21
f 1083/1023/21 1084/1024/21 1132/1025/21
f 587/1026/21 1085/1027/21 1131/1028/21
f 1086/1029/21 422/1030/11 1130/1031/21
f 1087/1032/21 1088/1033/21 1129/1034/21
f 586/1035/21 1089/1036/21 1128/1037/21
f 1090/1038/21 434/1039/11 1127/1040/21
f 1091/1041/78 1092/1042/21 1126/1043/21
f 1125/1044/82 109/1045/34 1093/1046/79
f 1094/1047/22 436/1048/13 1124/1049/22
f 1095/1050/22 1096/1051/22 1123/1052/22
f 569/1053/57 1097/1054/22 1122/1055/22
f 1098/1056/23 570/1057/17 1121/1058/23
f 1099/1059/23 1100/1060/23 1120/1061/23
f 443/1062/20 1101/1063/23 1119/1064/23
f 1102/1065/24 437/1066/14 1118/1067/24
f 1103/1068/24 1104/1069/24 1117/1070/24
f 571/1071/58 1105/1072/24 1116/1073/24
f 1106/1074/25 565/1075/12 1115/1076/25
f 1107/1077/25 1108/1078/25 1114/1079/25
f 568/1080/56 1109/1081/25 1113/1082/25
f 619/1083/64 1487/328/99 155/328/38
f 394/1084/46 1481/50/99 18/50/18
f 429/1085/48 1487/328/99 1500/1085/99
f 632/489/21 1489/1086/106 168/1086/41
f 168/1086/41 1502/204/108 442/204/52
f 1386/1087/71 1517/1088/115 1542/1087/111
f 1111/1089/80 282/1090/26 748/291/26
f 561/1091/55 748/291/26 98/1092/26
f 631/732/67 1488/1093/105 167/1093/40
f 1112/1094/81 33/1095/15 558/270/26
f 1110/1096/80 558/270/26 282/1090/26
f 167/1093/40 1501/123/101 441/123/51
f 1113/1082/25 372/1097/25 1107/1077/25
f 747/268/25 1107/1077/25 281/1098/25
f 33/1099/15 1113/1082/25 747/268/25
f 1114/1079/25 278/1100/25 744/318/25
f 557/295/25 744/318/25 97/1101/25
f 281/1098/25 1114/1079/25 557/295/25
f 1115/1076/25 30/1102/12 554/261/25
f 1108/1078/25 554/261/25 278/1100/25
f 372/1097/25 1115/1076/25 1108/1078/25
f 1116/1073/24 371/1103/24 1103/1068/24
f 743/260/24 1103/1068/24 277/1104/24
f 36/259/28 1116/1073/24 743/260/24
f 1117/1070/24 274/1105/24 740/345/24
f 553/322/24 740/345/24 96/1106/24
f 277/1104/24 1117/1070/24 553/322/24
f 1118/1067/24 44/1107/14 550/252/24
f 1104/1069/24 550/252/24 274/1105/24
f 371/1103/24 1118/1067/24 1104/1069/24
f 1119/1064/23 370/1108/23 1099/1059/23
f 739/250/23 1099/1059/23 273/1109/23
f 50/1110/20 1119/1064/23 739/250/23
f 1120/1061/23 270/1111/23 736/372/23
f 549/349/23 736/372/23 95/1112/23
f 273/1109/23 1120/1061/23 549/349/23
f 1121/1058/23 35/1113/17 546/243/23
f 1100/1060/23 546/243/23 270/1111/23
f 370/1108/23 1121/1058/23 1100/1060/23
f 1122/1055/22 369/1114/22 1095/1050/22
f 735/241/22 1095/1050/22 269/1115/22
f 34/1116/27 1122/1055/22 735/241/22
f 1123/1052/22 266/1117/22 732/399/22
f 545/376/22 732/399/22 94/1118/22
f 269/1115/22 1123/1052/22 545/376/22
f 1124/1049/22 43/1119/13 542/234/22
f 1096/1051/22 542/234/22 266/1117/22
f 369/1114/22 1124/1049/22 1096/1051/22
f 1091/1041/78 1093/1046/79 368/1120/21
f 731/232/70 1091/1041/78 265/1121/21
f 37/1122/19 1125/1044/82 731/232/70
f 1126/1043/21 262/1123/21 728/426/21
f 541/403/21 728/426/21 93/1124/21
f 265/1121/21 1126/1043/21 541/403/21
f 1127/1040/21 41/1125/11 538/225/21
f 1092/1042/21 538/225/21 262/1123/21
f 368/1120/21 1127/1040/21 1092/1042/21
f 1128/1037/21 367/1126/21 1087/1032/21
f 727/223/21 1087/1032/21 261/1127/21
f 51/1128/21 1128/1037/21 727/223/21
f 1129/1034/21 258/1129/21 724/453/21
f 537/430/21 724/453/21 92/1130/21
f 261/1127/21 1129/1034/21 537/430/21
f 1130/1031/21 29/1131/11 534/216/21
f 1088/1033/21 534/216/21 258/1129/21
f 367/1126/21 1130/1031/21 1088/1033/21
f 1131/1028/21 366/1132/21 1083/1023/21
f 723/214/21 1083/1023/21 257/1133/21
f 52/1134/21 1131/1028/21 723/214/21
f 1132/1025/21 254/1135/21 720/480/21
f 533/457/21 720/480/21 91/1136/21
f 257/1133/21 1132/1025/21 533/457/21
f 1133/1022/21 53/1137/21 530/207/21
f 1084/1024/21 530/207/21 254/1135/21
f 366/1132/21 1133/1022/21 1084/1024/21
f 1134/1019/21 365/1138/21 1079/1015/21
f 719/205/21 1079/1015/21 253/1139/21
f 49/871/31 1134/1019/21 719/205/21
f 1135/1017/21 250/1140/21 716/507/21
f 529/484/21 716/507/21 90/1141/21
f 253/1139/21 1135/1017/21 529/484/21
f 1136/1014/21 54/1142/21 526/198/21
f 1080/1016/21 526/198/21 250/1140/21
f 365/1138/21 1136/1014/21 1080/1016/21
f 1137/1011/22 364/1143/22 1075/1006/22
f 715/196/22 1075/1006/22 249/1144/22
f 55/1145/22 1137/1011/22 715/196/22
f 1138/1008/22 246/1146/22 712/534/22
f 525/511/22 712/534/22 89/1147/22
f 249/1144/22 1138/1008/22 525/511/22
f 1139/1005/22 31/1148/13 522/189/22
f 1076/1007/22 522/189/22 246/1146/22
f 364/1143/22 1139/1005/22 1076/1007/22
f 1140/1002/22 363/1149/22 1071/997/22
f 711/187/22 1071/997/22 245/1150/22
f 56/1151/22 1140/1002/22 711/187/22
f 1141/999/22 242/1152/22 708/561/22
f 521/538/22 708/561/22 88/1153/22
f 245/1150/22 1141/999/22 521/538/22
f 1142/996/22 57/1154/22 518/180/22
f 1072/998/22 518/180/22 242/1152/22
f 363/1149/22 1142/996/22 1072/998/22
f 1143/993/22 362/1155/22 1067/988/22
f 707/178/22 1067/988/22 241/1156/22
f 46/1157/29 1143/993/22 707/178/22
f 1144/990/22 238/1158/22 704/588/22
f 517/565/22 704/588/22 87/1159/22
f 241/1156/22 1144/990/22 517/565/22
f 1145/987/22 58/1160/22 514/171/22
f 1068/989/22 514/171/22 238/1158/22
f 362/1155/22 1145/987/22 1068/989/22
f 1146/984/23 361/1161/23 1063/979/23
f 703/169/23 1063/979/23 237/1162/23
f 59/1163/23 1146/984/23 703/169/23
f 1147/981/23 234/1164/23 700/615/23
f 513/592/23 700/615/23 86/1165/23
f 237/1162/23 1147/981/23 513/592/23
f 1148/978/23 47/1166/17 510/162/23
f 1064/980/23 510/162/23 234/1164/23
f 361/1161/23 1148/978/23 1064/980/23
f 1149/975/23 360/1167/23 1059/970/23
f 699/160/23 1059/970/23 233/1168/23
f 60/1169/23 1149/975/23 699/160/23
f 1150/972/23 230/1170/23 696/642/23
f 509/619/23 696/642/23 85/1171/23
f 233/1168/23 1150/972/23 509/619/23
f 1151/969/23 61/1172/23 506/153/23
f 1060/971/23 506/153/23 230/1170/23
f 360/1167/23 1151/969/23 1060/971/23
f 1152/966/23 359/1173/23 1055/961/23
f 695/151/23 1055/961/23 229/1174/23
f 38/1175/20 1152/966/23 695/151/23
f 1153/963/23 226/1176/23 692/669/23
f 505/646/23 692/669/23 84/1177/23
f 229/1174/23 1153/963/23 505/646/23
f 1154/960/23 62/1178/23 502/144/23
f 1056/962/23 502/144/23 226/1176/23
f 359/1173/23 1154/960/23 1056/962/23
f 1155/957/24 358/1179/24 1051/952/24
f 691/142/24 1051/952/24 225/1180/24
f 63/1181/24 1155/957/24 691/142/24
f 1156/954/24 222/1182/24 688/696/24
f 501/673/24 688/696/24 83/1183/24
f 225/1180/24 1156/954/24 501/673/24
f 1157/951/24 32/1184/14 498/135/24
f 1052/953/24 498/135/24 222/1182/24
f 358/1179/24 1157/951/24 1052/953/24
f 1158/948/24 357/1185/24 1047/943/24
f 687/133/24 1047/943/24 221/1186/24
f 64/1187/24 1158/948/24 687/133/24
f 1159/945/24 218/1188/24 684/723/24
f 497/700/24 684/723/24 82/1189/24
f 221/1186/24 1159/945/24 497/700/24
f 1160/942/24 65/1190/24 494/126/24
f 1048/944/24 494/126/24 218/1188/24
f 357/1185/24 1160/942/24 1048/944/24
f 1161/939/24 356/1191/24 1043/934/24
f 683/124/24 1043/934/24 217/1192/24
f 48/1193/30 1161/939/24 683/124/24
f 1162/936/24 214/1194/24 680/750/24
f 493/727/24 680/750/24 81/1195/24
f 217/1192/24 1162/936/24 493/727/24
f 1163/933/24 66/1196/24 490/117/24
f 1044/935/24 490/117/24 214/1194/24
f 356/1191/24 1163/933/24 1044/935/24
f 1164/930/25 355/1197/25 1039/925/25
f 679/115/25 1039/925/25 213/1198/25
f 67/1199/25 1164/930/25 679/115/25
f 1165/927/25 210/1200/25 676/777/25
f 489/754/25 676/777/25 80/1201/25
f 213/1198/25 1165/927/25 489/754/25
f 1166/924/25 42/1202/12 486/108/25
f 1040/926/25 486/108/25 210/1200/25
f 355/1197/25 1166/924/25 1040/926/25
f 1167/921/25 354/1203/25 1035/916/25
f 675/106/25 1035/916/25 209/1204/25
f 68/1205/25 1167/921/25 675/106/25
f 1168/918/25 206/1206/25 672/804/25
f 485/781/25 672/804/25 79/1207/25
f 209/1204/25 1168/918/25 485/781/25
f 1169/915/25 69/1208/25 482/99/25
f 1036/917/25 482/99/25 206/1206/25
f 354/1203/25 1169/915/25 1036/917/25
f 1170/912/25 353/1209/25 1031/907/25
f 671/97/25 1031/907/25 205/1210/25
f 45/1211/15 1170/912/25 671/97/25
f 1171/909/25 202/1212/25 668/831/25
f 481/808/25 668/831/25 78/1213/25
f 205/1210/25 1171/909/25 481/808/25
f 1172/906/25 70/1214/25 478/90/25
f 1032/908/25 478/90/25 202/1212/25
f 353/1209/25 1172/906/25 1032/908/25
f 1173/903/26 352/1215/26 1027/898/26
f 667/88/26 1027/898/26 201/1216/26
f 71/1217/26 1173/903/26 667/88/26
f 1174/900/26 199/1218/26 664/846/26
f 477/835/26 664/846/26 77/1219/26
f 201/1216/26 1174/900/26 477/835/26
f 1175/897/26 45/1220/15 475/81/26
f 1028/899/26 475/81/26 199/1218/26
f 352/1215/26 1175/897/26 1028/899/26
f 1176/894/26 351/1221/26 1023/889/26
f 663/79/26 1023/889/26 198/1222/26
f 72/1223/26 1176/894/26 663/79/26
f 1177/891/26 196/1224/26 660/861/26
f 474/850/26 660/861/26 76/1225/26
f 198/1222/26 1177/891/26 474/850/26
f 1178/888/26 73/1226/26 472/72/26
f 1024/890/26 472/72/26 196/1224/26
f 351/1221/26 1178/888/26 1024/890/26
f 379/1/42 1480/1227/98 7/1227/7
f 561/1091/55 1542/1087/111 1505/1091/111
f 442/1228/52 1538/1229/122 1187/1229/85
f 657/878/26 1021/881/77 193/1230/26
f 471/884/54 657/878/26 75/1231/26
f 1012/1232/76 1538/1229/122 1521/1232/116
f 1180/1233/84 74/1234/26 468/67/26
f 1021/881/77 468/67/26 193/1230/26
f 571/1071/58 1482/259/100 1507/1071/103
f 1181/880/26 350/1235/26 1018/875/26
f 659/1236/26 1018/875/26 195/1237/26
f 1539/885/110 1629/884/23 1633/885/23
f 1182/877/26 144/1238/26 607/892/26
f 470/865/26 607/892/26 72/1223/26
f 195/1237/26 1182/877/26 470/865/26
f 1183/874/26 26/1239/26 418/64/26
f 1019/876/26 418/64/26 144/1238/26
f 350/1235/26 1183/874/26 1019/876/26
f 1184/1240/26 349/1241/26 1014/867/26
f 584/1242/31 1014/867/26 121/1243/19
f 75/1231/26 1620/878/26 1616/1231/26
f 1185/869/26 191/1244/26 655/855/26
f 395/1245/19 655/855/26 19/1246/19
f 121/1243/19 1185/869/26 395/1245/19
f 1186/866/26 72/1223/26 465/78/26
f 1015/868/26 465/78/26 191/1244/26
f 349/1241/26 1186/866/26 1015/868/26
f 1112/1094/81 1529/1096/118 1533/1094/118
f 429/1085/48 1482/259/100 36/259/28
f 568/1247/56 1533/1094/118 1506/1247/112
f 658/71/26 1012/1232/76 194/1248/26
f 442/1228/52 658/71/26 49/70/31
f 1385/1249/53 1503/1250/109 1541/1249/123
f 469/1251/26 471/884/54 75/1231/26
f 1012/1232/76 469/1251/26 194/1248/26
f 48/1193/30 1508/937/113 583/937/61
f 76/1225/26 1189/863/87 662/76/68
f 1190/860/88 1594/859/148 1602/860/150
f 666/85/69 1611/86/146 1450/86/92
f 118/1252/35 1567/31/136 392/31/45
f 1010/859/74 1613/77/154 1594/859/148
f 1453/77/94 1581/76/144 1613/77/154
f 3/1253/3 1565/10/135 1548/1253/125
f 1194/848/89 1582/85/145 666/85/69
f 153/1254/37 1578/381/142 1556/1254/132
f 37/1255/19 1190/860/88 572/1256/59
f 1005/847/73 1605/848/151 1194/848/89
f 392/31/45 1549/1257/126 16/1257/16
f 617/381/63 1549/1257/126 1578/381/142
f 1195/845/62 1577/73/141 608/73/62
f 629/570/66 1558/1258/134 165/1258/39
f 1004/844/72 1608/845/152 1195/845/62
f 1191/857/26 348/1259/26 1007/852/26
f 620/1260/19 1007/852/26 156/1261/19
f 19/1246/19 1191/857/26 620/1260/19
f 1192/854/26 197/1262/26 661/858/26
f 430/1263/19 661/858/26 37/1255/19
f 156/1261/19 1192/854/26 430/1263/19
f 1193/851/26 76/1225/26 473/75/26
f 1008/853/26 473/75/26 197/1262/26
f 348/1259/26 1193/851/26 1008/853/26
f 427/240/47 1556/1254/132 1569/240/137
f 1/1264/1 1580/570/143 629/570/66
f 77/1219/26 1194/848/89 666/85/69
f 164/1265/25 1579/813/133 1557/1265/133
f 628/813/65 1548/1253/125 1579/813/133
f 165/1258/39 1571/177/134 439/177/50
f 438/96/49 1557/1265/133 1570/96/138
f 34/1116/27 1569/240/137 1550/1116/127
f 109/1045/34 1575/1266/139 1553/1045/130
f 1451/83/93 1590/847/147 1005/847/73
f 439/177/50 1551/1157/128 46/1157/29
f 73/1226/26 1195/845/62 608/73/62
f 383/13/21 1553/1045/130 1566/13/130
f 438/82/49 1612/83/153 1451/83/93
f 1011/862/75 1614/74/155 1598/862/149
f 106/1267/32 1574/1053/127 1552/1267/129
f 1454/74/95 1577/73/141 1614/74/155
f 662/76/68 1599/863/149 1581/76/144
f 1196/842/26 347/1268/26 1001/837/26
f 656/65/26 1001/837/26 192/1269/26
f 26/1239/26 1196/842/26 656/65/26
f 1197/839/26 200/1270/26 665/843/26
f 466/887/26 665/843/26 73/1226/26
f 192/1269/26 1197/839/26 466/887/26
f 1198/836/26 77/1219/26 476/84/26
f 1002/838/26 476/84/26 200/1270/26
f 347/1268/26 1198/836/26 1002/838/26
f 1199/833/25 346/1271/25 997/828/25
f 670/94/25 997/828/25 204/1272/25
f 78/1213/25 1199/833/25 670/94/25
f 1200/830/25 140/1273/25 603/919/25
f 480/817/25 603/919/25 68/1205/25
f 204/1272/25 1200/830/25 480/817/25
f 1201/827/25 25/1274/25 414/55/25
f 998/829/25 414/55/25 140/1273/25
f 346/1271/25 1201/827/25 998/829/25
f 1202/824/25 345/1275/25 993/819/25
f 578/235/13 993/819/25 115/1276/13
f 43/1119/13 1202/824/25 578/235/13
f 1203/821/25 187/1277/25 651/786/25
f 389/394/13 651/786/25 13/1278/13
f 115/1276/13 1203/821/25 389/394/13
f 1204/818/25 68/1205/25 461/105/25
f 994/820/25 461/105/25 187/1277/25
f 345/1275/25 1204/818/25 994/820/25
f 1205/815/25 344/1279/25 989/810/25
f 626/11/13 989/810/25 162/1280/13
f 3/1253/3 1205/815/25 626/11/13
f 1206/812/25 203/1281/25 669/822/25
f 436/1048/13 669/822/25 43/1119/13
f 162/1280/13 1206/812/25 436/1048/13
f 1207/809/25 78/1213/25 479/93/25
f 990/811/25 479/93/25 203/1281/25
f 344/1279/25 1207/809/25 990/811/25
f 1208/806/25 343/1282/25 985/801/25
f 674/103/25 985/801/25 208/1283/25
f 79/1207/25 1208/806/25 674/103/25
f 1209/803/25 154/1284/17 428/1285/17
f 484/790/25 428/1285/17 35/1286/17
f 208/1283/25 1209/803/25 484/790/25
f 1210/800/25 17/1287/17 618/1288/17
f 986/802/25 618/1288/17 154/1284/17
f 343/1282/25 1210/800/25 986/802/25
f 1211/797/25 342/1289/25 981/792/25
f 566/190/13 981/792/25 103/1290/13
f 31/1148/13 1211/797/25 566/190/13
f 1212/794/25 107/1291/17 381/1292/17
f 377/529/13 381/1292/17 4/1293/4
f 103/1290/13 1212/794/25 377/529/13
f 1213/791/25 35/1286/17 570/1294/17
f 982/793/25 570/1294/17 107/1291/17
f 342/1289/25 1213/791/25 982/793/25
f 1214/788/25 341/1295/25 977/783/25
f 614/26/13 977/783/25 150/1296/13
f 13/1278/13 1214/788/25 614/26/13
f 1215/785/25 207/1297/25 673/795/25
f 424/1004/13 673/795/25 31/1148/13
f 150/1296/13 1215/785/25 424/1004/13
f 1216/782/25 79/1207/25 483/102/25
f 978/784/25 483/102/25 207/1297/25
f 341/1295/25 1216/782/25 978/784/25
f 1217/779/25 340/1298/25 973/774/25
f 678/112/25 973/774/25 212/1299/25
f 80/1201/25 1217/779/25 678/112/25
f 1218/776/25 166/1300/17 440/1301/17
f 488/763/25 440/1301/17 47/1302/17
f 212/1299/25 1218/776/25 488/763/25
f 1219/773/25 8/1303/8 630/1304/17
f 974/775/25 630/1304/17 166/1300/17
f 340/1298/25 1219/773/25 974/775/25
f 1220/770/25 339/1305/25 969/765/25
f 604/100/25 969/765/25 141/1306/25
f 69/1208/25 1220/770/25 604/100/25
f 1221/767/25 119/1307/17 393/1308/17
f 415/799/25 393/1308/17 17/1287/17
f 141/1306/25 1221/767/25 415/799/25
f 1222/764/25 47/1302/17 582/1309/17
f 970/766/25 582/1309/17 119/1307/17
f 339/1305/25 1222/764/25 970/766/25
f 1223/761/25 338/1310/25 965/756/25
f 652/56/25 965/756/25 188/1311/25
f 25/1274/25 1223/761/25 652/56/25
f 1224/758/25 211/1312/25 677/768/25
f 462/914/25 677/768/25 69/1208/25
f 188/1311/25 1224/758/25 462/914/25
f 1225/755/25 80/1201/25 487/111/25
f 966/757/25 487/111/25 211/1312/25
f 338/1310/25 1225/755/25 966/757/25
f 1226/752/24 337/1313/24 961/747/24
f 682/121/24 961/747/24 216/1314/24
f 81/1195/24 1226/752/24 682/121/24
f 1227/749/24 136/1315/24 599/946/24
f 492/736/24 599/946/24 64/1187/24
f 216/1314/24 1227/749/24 492/736/24
f 1228/746/24 24/1316/24 410/46/24
f 962/748/24 410/46/24 136/1315/24
f 337/1313/24 1228/746/24 962/748/24
f 1229/743/24 336/1317/24 957/738/24
f 423/1318/12 957/738/24 149/1319/12
f 30/1320/12 1229/743/24 423/1318/12
f 1230/740/24 183/1321/24 647/705/24
f 613/1322/12 647/705/24 12/1323/12
f 149/1319/12 1230/740/24 613/1322/12
f 1231/737/24 64/1187/24 457/132/24
f 958/739/24 457/132/24 183/1321/24
f 336/1317/24 1231/737/24 958/739/24
f 1232/734/24 335/1324/24 953/729/24
f 376/1325/12 953/729/24 102/1326/12
f 7/1327/7 1232/734/24 376/1325/12
f 1233/731/24 215/1328/24 681/741/24
f 565/1329/12 681/741/24 30/1320/12
f 102/1326/12 1233/731/24 565/1329/12
f 1234/728/24 81/1195/24 491/120/24
f 954/730/24 491/120/24 215/1328/24
f 335/1324/24 1234/728/24 954/730/24
f 1235/725/24 334/1330/24 949/720/24
f 686/130/24 949/720/24 220/1331/24
f 82/1189/24 1235/725/24 686/130/24
f 1236/722/24 146/1332/9 420/1333/9
f 496/709/24 420/1333/9 27/1334/9
f 220/1331/24 1236/722/24 496/709/24
f 1237/719/24 9/1335/9 610/1336/9
f 950/721/24 610/1336/9 146/1332/9
f 334/1330/24 1237/719/24 950/721/24
f 1238/716/24 333/1337/24 945/711/24
f 435/1338/12 945/711/24 161/1339/12
f 42/1340/12 1238/716/24 435/1338/12
f 1239/713/24 99/1341/9 373/1342/9
f 625/1343/12 373/1342/9 8/1344/8
f 161/1339/12 1239/713/24 625/1343/12
f 1240/710/24 27/1334/9 562/1345/9
f 946/712/24 562/1345/9 99/1341/9
f 333/1337/24 1240/710/24 946/712/24
f 1241/707/24 332/1346/24 941/702/24
f 388/1347/12 941/702/24 114/1348/12
f 12/1323/12 1241/707/24 388/1347/12
f 1242/704/24 219/1349/24 685/714/24
f 577/1350/12 685/714/24 42/1340/12
f 114/1348/12 1242/704/24 577/1350/12
f 1243/701/24 82/1189/24 495/129/24
f 942/703/24 495/129/24 219/1349/24
f 332/1346/24 1243/701/24 942/703/24
f 1244/698/24 331/1351/24 937/693/24
f 690/139/24 937/693/24 224/1352/24
f 83/1183/24 1244/698/24 690/139/24
f 1245/695/24 158/1353/9 432/1354/9
f 500/682/24 432/1354/9 39/1355/9
f 224/1352/24 1245/695/24 500/682/24
f 1246/692/24 6/1356/6 622/1357/9
f 938/694/24 622/1357/9 158/1353/9
f 331/1351/24 1246/692/24 938/694/24
f 1247/689/24 330/1358/24 933/684/24
f 600/127/24 933/684/24 137/1359/24
f 65/1190/24 1247/689/24 600/127/24
f 1248/686/24 111/1360/9 385/1361/9
f 411/718/24 385/1361/9 9/1335/9
f 137/1359/24 1248/686/24 411/718/24
f 1249/683/24 39/1355/9 574/1362/9
f 934/685/24 574/1362/9 111/1360/9
f 330/1358/24 1249/683/24 934/685/24
f 1250/680/24 329/1363/24 929/675/24
f 648/47/24 929/675/24 184/1364/24
f 24/1316/24 1250/680/24 648/47/24
f 1251/677/24 223/1365/24 689/687/24
f 458/941/24 689/687/24 65/1190/24
f 184/1364/24 1251/677/24 458/941/24
f 1252/674/24 83/1183/24 499/138/24
f 930/676/24 499/138/24 223/1365/24
f 329/1363/24 1252/674/24 930/676/24
f 1253/671/23 328/1366/23 925/666/23
f 694/148/23 925/666/23 228/1367/23
f 84/1177/23 1253/671/23 694/148/23
f 1254/668/23 132/1368/23 595/973/23
f 504/655/23 595/973/23 60/1169/23
f 228/1367/23 1254/668/23 504/655/23
f 1255/665/23 23/1369/23 406/37/23
f 926/667/23 406/37/23 132/1368/23
f 328/1366/23 1255/665/23 926/667/23
f 1256/662/23 327/1370/23 921/657/23
f 575/1371/10 921/657/23 112/1372/10
f 40/1373/10 1256/662/23 575/1371/10
f 1257/659/23 179/1374/23 643/624/23
f 386/1375/10 643/624/23 10/1376/10
f 112/1372/10 1257/659/23 386/1375/10
f 1258/656/23 60/1169/23 453/159/23
f 922/658/23 453/159/23 179/1374/23
f 327/1370/23 1258/656/23 922/658/23
f 1259/653/23 326/1377/23 917/648/23
f 623/1378/10 917/648/23 159/1379/10
f 2/1380/2 1259/653/23 623/1378/10
f 1260/650/23 227/1381/23 693/660/23
f 433/1382/10 693/660/23 40/1373/10
f 159/1379/10 1260/650/23 433/1382/10
f 1261/647/23 84/1177/23 503/147/23
f 918/649/23 503/147/23 227/1381/23
f 326/1377/23 1261/647/23 918/649/23
f 1262/644/23 325/1383/23 913/639/23
f 698/157/23 913/639/23 232/1384/23
f 85/1171/23 1262/644/23 698/157/23
f 1263/641/23 111/1385/9 574/1386/9
f 508/628/23 574/1386/9 39/1387/9
f 232/1384/23 1263/641/23 508/628/23
f 1264/638/23 9/1388/9 385/1389/9
f 914/640/23 385/1389/9 111/1385/9
f 325/1383/23 1264/638/23 914/640/23
f 1265/635/23 324/1390/23 909/630/23
f 563/1391/10 909/630/23 100/1392/10
f 28/1393/10 1265/635/23 563/1391/10
f 1266/632/23 158/1394/9 622/1395/9
f 374/1396/10 622/1395/9 6/1397/6
f 100/1392/10 1266/632/23 374/1396/10
f 1267/629/23 39/1387/9 432/1398/9
f 910/631/23 432/1398/9 158/1394/9
f 324/1390/23 1267/629/23 910/631/23
f 1268/626/23 323/1399/23 905/621/23
f 611/1400/10 905/621/23 147/1401/10
f 10/1376/10 1268/626/23 611/1400/10
f 1269/623/23 231/1402/23 697/633/23
f 421/1403/10 697/633/23 28/1393/10
f 147/1401/10 1269/623/23 421/1403/10
f 1270/620/23 85/1171/23 507/156/23
f 906/622/23 507/156/23 231/1402/23
f 323/1399/23 1270/620/23 906/622/23
f 1271/617/23 322/1404/23 901/612/23
f 702/166/23 901/612/23 236/1405/23
f 86/1165/23 1271/617/23 702/166/23
f 1272/614/23 99/1406/9 562/1407/9
f 512/601/23 562/1407/9 27/1408/9
f 236/1405/23 1272/614/23 512/601/23
f 1273/611/23 8/1409/8 373/1410/9
f 902/613/23 373/1410/9 99/1406/9
f 322/1404/23 1273/611/23 902/613/23
f 1274/608/23 321/1411/23 897/603/23
f 596/154/23 897/603/23 133/1412/23
f 61/1172/23 1274/608/23 596/154/23
f 1275/605/23 146/1413/9 610/1414/9
f 407/637/23 610/1414/9 9/1388/9
f 133/1412/23 1275/605/23 407/637/23
f 1276/602/23 27/1408/9 420/1415/9
f 898/604/23 420/1415/9 146/1413/9
f 321/1411/23 1276/602/23 898/604/23
f 1277/599/23 320/1416/23 893/594/23
f 644/38/23 893/594/23 180/1417/23
f 23/1369/23 1277/599/23 644/38/23
f 1278/596/23 235/1418/23 701/606/23
f 454/968/23 701/606/23 61/1172/23
f 180/1417/23 1278/596/23 454/968/23
f 1279/593/23 86/1165/23 511/165/23
f 894/595/23 511/165/23 235/1418/23
f 320/1416/23 1279/593/23 894/595/23
f 1280/590/22 319/1419/22 889/585/22
f 706/175/22 889/585/22 240/1420/22
f 87/1159/22 1280/590/22 706/175/22
f 1281/587/22 128/1421/22 591/1000/22
f 516/574/22 591/1000/22 56/1151/22
f 240/1420/22 1281/587/22 516/574/22
f 1282/584/22 22/1422/22 402/28/22
f 890/586/22 402/28/22 128/1421/22
f 319/1419/22 1282/584/22 890/586/22
f 1283/581/22 318/1423/22 885/576/22
f 576/226/11 885/576/22 113/1424/11
f 41/1125/11 1283/581/22 576/226/11
f 1284/578/22 175/1425/22 639/543/22
f 387/421/11 639/543/22 11/1426/11
f 113/1424/11 1284/578/22 387/421/11
f 1285/575/22 56/1151/22 449/186/22
f 886/577/22 449/186/22 175/1425/22
f 318/1423/22 1285/575/22 886/577/22
f 1286/572/22 317/1427/22 881/567/22
f 624/14/11 881/567/22 160/1428/11
f 1/1264/1 1286/572/22 624/14/11
f 1287/569/22 239/1429/22 705/579/22
f 434/1039/11 705/579/22 41/1125/11
f 160/1428/11 1287/569/22 434/1039/11
f 1288/566/22 87/1159/22 515/174/22
f 882/568/22 515/174/22 239/1429/22
f 317/1427/22 1288/566/22 882/568/22
f 1289/563/22 316/1430/22 877/558/22
f 710/184/22 877/558/22 244/1431/22
f 88/1153/22 1289/563/22 710/184/22
f 1290/560/22 157/1432/20 431/964/20
f 520/547/22 431/964/20 38/1175/20
f 244/1431/22 1290/560/22 520/547/22
f 1291/557/22 20/1433/20 621/40/20
f 878/559/22 621/40/20 157/1432/20
f 316/1430/22 1291/557/22 878/559/22
f 1292/554/22 315/1434/22 873/549/22
f 564/217/11 873/549/22 101/1435/11
f 29/1131/11 1292/554/22 564/217/11
f 1293/551/22 110/1436/20 384/651/20
f 375/448/11 384/651/20 2/1380/2
f 101/1435/11 1293/551/22 375/448/11
f 1294/548/22 38/1175/20 573/150/20
f 874/550/22 573/150/20 110/1436/20
f 315/1434/22 1294/548/22 874/550/22
f 1295/545/22 314/1437/22 869/540/22
f 612/17/11 869/540/22 148/1438/11
f 11/1426/11 1295/545/22 612/17/11
f 1296/542/22 243/1439/22 709/552/22
f 422/1030/11 709/552/22 29/1131/11
f 148/1438/11 1296/542/22 422/1030/11
f 1297/539/22 88/1153/22 519/183/22
f 870/541/22 519/183/22 243/1439/22
f 314/1437/22 1297/539/22 870/541/22
f 1298/536/22 313/1440/22 865/531/22
f 714/193/22 865/531/22 248/1441/22
f 89/1147/22 1298/536/22 714/193/22
f 1299/533/22 169/1442/20 443/1062/20
f 524/520/22 443/1062/20 50/1110/20
f 248/1441/22 1299/533/22 524/520/22
f 1300/530/22 4/1293/4 633/7/20
f 866/532/22 633/7/20 169/1442/20
f 313/1440/22 1300/530/22 866/532/22
f 1301/527/22 312/1443/22 861/522/22
f 592/181/22 861/522/22 129/1444/22
f 57/1154/22 1301/527/22 592/181/22
f 1302/524/22 122/1445/20 396/354/20
f 403/556/22 396/354/20 20/1433/20
f 129/1444/22 1302/524/22 403/556/22
f 1303/521/22 50/1110/20 585/249/20
f 862/523/22 585/249/20 122/1445/20
f 312/1443/22 1303/521/22 862/523/22
f 1304/518/22 311/1446/22 857/513/22
f 640/29/22 857/513/22 176/1447/22
f 22/1422/22 1304/518/22 640/29/22
f 1305/515/22 247/1448/22 713/525/22
f 450/995/22 713/525/22 57/1154/22
f 176/1447/22 1305/515/22 450/995/22
f 1306/512/22 89/1147/22 523/192/22
f 858/514/22 523/192/22 247/1448/22
f 311/1446/22 1306/512/22 858/514/22
f 1307/509/21 310/1449/21 853/504/21
f 718/202/21 853/504/21 252/1450/21
f 90/1141/21 1307/509/21 718/202/21
f 1308/506/21 124/1451/21 587/1026/21
f 528/493/21 587/1026/21 52/1134/21
f 252/1450/21 1308/506/21 528/493/21
f 1309/503/21 21/1452/21 398/19/21
f 854/505/21 398/19/21 124/1451/21
f 310/1449/21 1309/503/21 854/505/21
f 1310/500/21 309/1453/21 849/495/21
f 579/253/14 849/495/21 116/1454/14
f 44/1107/14 1310/500/21 579/253/14
f 1311/497/21 171/1455/21 635/462/21
f 390/340/14 635/462/21 14/1456/14
f 116/1454/14 1311/497/21 390/340/14
f 1312/494/21 52/1134/21 445/213/21
f 850/496/21 445/213/21 171/1455/21
f 309/1453/21 1312/494/21 850/496/21
f 1313/491/21 308/1457/21 845/486/21
f 627/5/14 845/486/21 163/1458/14
f 5/883/5 1313/491/21 627/5/14
f 1314/488/21 251/1459/21 717/498/21
f 437/1066/14 717/498/21 44/1107/14
f 163/1458/14 1314/488/21 437/1066/14
f 1315/485/21 90/1141/21 527/201/21
f 846/487/21 527/201/21 251/1459/21
f 308/1457/21 1315/485/21 846/487/21
f 1316/482/21 307/1460/21 841/477/21
f 722/211/21 841/477/21 256/1461/21
f 91/1136/21 1316/482/21 722/211/21
f 1317/479/21 147/1462/10 421/1463/10
f 532/466/21 421/1463/10 28/1464/10
f 256/1461/21 1317/479/21 532/466/21
f 1318/476/21 10/1465/10 611/1466/10
f 842/478/21 611/1466/10 147/1462/10
f 307/1460/21 1318/476/21 842/478/21
f 1319/473/21 306/1467/21 837/468/21
f 567/136/14 837/468/21 104/1468/14
f 32/1184/14 1319/473/21 567/136/14
f 1320/470/21 100/1469/10 374/1470/10
f 378/691/14 374/1470/10 6/1356/6
f 104/1468/14 1320/470/21 378/691/14
f 1321/467/21 28/1464/10 563/1471/10
f 838/469/21 563/1471/10 100/1469/10
f 306/1467/21 1321/467/21 838/469/21
f 1322/464/21 305/1472/21 833/459/21
f 615/44/14 833/459/21 151/1473/14
f 14/1456/14 1322/464/21 615/44/14
f 1323/461/21 255/1474/21 721/471/21
f 425/950/14 721/471/21 32/1184/14
f 151/1473/14 1323/461/21 425/950/14
f 1324/458/21 91/1136/21 531/210/21
f 834/460/21 531/210/21 255/1474/21
f 305/1472/21 1324/458/21 834/460/21
f 1325/455/21 304/1475/21 829/450/21
f 726/220/21 829/450/21 260/1476/21
f 92/1130/21 1325/455/21 726/220/21
f 1326/452/21 159/1477/10 433/1478/10
f 536/439/21 433/1478/10 40/1479/10
f 260/1476/21 1326/452/21 536/439/21
f 1327/449/21 2/1380/2 623/1480/10
f 830/451/21 623/1480/10 159/1477/10
f 304/1475/21 1327/449/21 830/451/21
f 1328/446/21 303/1481/21 825/441/21
f 588/208/21 825/441/21 125/1482/21
f 53/1137/21 1328/446/21 588/208/21
f 1329/443/21 112/1483/10 386/1484/10
f 399/475/21 386/1484/10 10/1465/10
f 125/1482/21 1329/443/21 399/475/21
f 1330/440/21 40/1479/10 575/1485/10
f 826/442/21 575/1485/10 112/1483/10
f 303/1481/21 1330/440/21 826/442/21
f 1331/437/21 302/1486/21 821/432/21
f 636/20/21 821/432/21 172/1487/21
f 21/1452/21 1331/437/21 636/20/21
f 1332/434/21 259/1488/21 725/444/21
f 446/1021/21 725/444/21 53/1137/21
f 172/1487/21 1332/434/21 446/1021/21
f 1333/431/21 92/1130/21 535/219/21
f 822/433/21 535/219/21 259/1488/21
f 302/1486/21 1333/431/21 822/433/21
f 1334/428/21 301/1489/21 817/423/21
f 730/229/21 817/423/21 264/1490/21
f 93/1124/21 1334/428/21 730/229/21
f 1335/425/21 123/1491/21 586/1035/21
f 540/412/21 586/1035/21 51/1128/21
f 264/1490/21 1335/425/21 540/412/21
f 1336/422/21 11/1426/11 397/16/21
f 818/424/21 397/16/21 123/1491/21
f 301/1489/21 1336/422/21 818/424/21
f 1337/419/21 300/1492/21 813/414/21
f 589/199/21 813/414/21 126/1493/21
f 54/1142/21 1337/419/21 589/199/21
f 1338/416/21 170/1494/21 634/435/21
f 400/502/21 634/435/21 21/1452/21
f 126/1493/21 1338/416/21 400/502/21
f 1339/413/21 51/1128/21 444/222/21
f 814/415/21 444/222/21 170/1494/21
f 300/1492/21 1339/413/21 814/415/21
f 1340/410/21 299/1495/21 809/405/21
f 637/23/21 809/405/21 173/1496/21
f 19/1497/19 1340/410/21 637/23/21
f 1341/407/21 263/1498/21 729/417/21
f 447/1013/21 729/417/21 54/1142/21
f 173/1496/21 1341/407/21 447/1013/21
f 1342/404/21 93/1124/21 539/228/21
f 810/406/21 539/228/21 263/1498/21
f 299/1495/21 1342/404/21 810/406/21
f 1343/401/22 298/1499/22 805/396/22
f 734/238/22 805/396/22 268/1500/22
f 94/1118/22 1343/401/22 734/238/22
f 1344/398/22 127/1501/22 590/1009/22
f 544/385/22 590/1009/22 55/1145/22
f 268/1500/22 1344/398/22 544/385/22
f 1345/395/22 13/1278/13 401/25/22
f 806/397/22 401/25/22 127/1501/22
f 298/1499/22 1345/395/22 806/397/22
f 1346/392/22 297/1502/22 801/387/22
f 593/172/22 801/387/22 130/1503/22
f 58/1160/22 1346/392/22 593/172/22
f 1347/389/22 174/1504/22 638/516/22
f 404/583/22 638/516/22 22/1422/22
f 130/1503/22 1347/389/22 404/583/22
f 1348/386/22 55/1145/22 448/195/22
f 802/388/22 448/195/22 174/1504/22
f 297/1502/22 1348/386/22 802/388/22
f 1349/383/22 296/1505/22 797/378/22
f 641/32/22 797/378/22 177/1506/22
f 16/1257/16 1349/383/22 641/32/22
f 1350/380/22 267/1507/22 733/390/22
f 451/986/22 733/390/22 58/1160/22
f 177/1506/22 1350/380/22 451/986/22
f 1351/377/22 94/1118/22 543/237/22
f 798/379/22 543/237/22 267/1507/22
f 296/1505/22 1351/377/22 798/379/22
f 1352/374/23 295/1508/23 793/369/23
f 738/247/23 793/369/23 272/1509/23
f 95/1112/23 1352/374/23 738/247/23
f 1353/371/23 131/1510/23 594/982/23
f 548/358/23 594/982/23 59/1163/23
f 272/1509/23 1353/371/23 548/358/23
f 1354/368/23 17/1511/17 405/34/23
f 794/370/23 405/34/23 131/1510/23
f 295/1508/23 1354/368/23 794/370/23
f 1355/365/23 294/1512/23 789/360/23
f 597/145/23 789/360/23 134/1513/23
f 62/1178/23 1355/365/23 597/145/23
f 1356/362/23 178/1514/23 642/597/23
f 408/664/23 642/597/23 23/1369/23
f 134/1513/23 1356/362/23 408/664/23
f 1357/359/23 59/1163/23 452/168/23
f 790/361/23 452/168/23 178/1514/23
f 294/1512/23 1357/359/23 790/361/23
f 1358/356/23 293/1515/23 785/351/23
f 645/41/23 785/351/23 181/1516/23
f 20/1433/20 1358/356/23 645/41/23
f 1359/353/23 271/1517/23 737/363/23
f 455/959/23 737/363/23 62/1178/23
f 181/1516/23 1359/353/23 455/959/23
f 1360/350/23 95/1112/23 547/246/23
f 786/352/23 547/246/23 271/1517/23
f 293/1515/23 1360/350/23 786/352/23
f 1361/347/24 292/1518/24 781/342/24
f 742/256/24 781/342/24 276/1519/24
f 96/1106/24 1361/347/24 742/256/24
f 1362/344/24 135/1520/24 598/955/24
f 552/331/24 598/955/24 63/1181/24
f 276/1519/24 1362/344/24 552/331/24
f 1363/341/24 14/1456/14 409/43/24
f 782/343/24 409/43/24 135/1520/24
f 292/1518/24 1363/341/24 782/343/24
f 1364/338/24 291/1521/24 777/333/24
f 601/118/24 777/333/24 138/1522/24
f 66/1196/24 1364/338/24 601/118/24
f 1365/335/24 182/1523/24 646/678/24
f 412/745/24 646/678/24 24/1316/24
f 138/1522/24 1365/335/24 412/745/24
f 1366/332/24 63/1181/24 456/141/24
f 778/334/24 456/141/24 182/1523/24
f 291/1521/24 1366/332/24 778/334/24
f 1367/327/90 290/1524/24 773/324/24
f 649/51/24 773/324/24 185/1525/24
f 18/50/18 1367/327/90 649/51/24
f 1368/326/24 275/1526/24 741/336/24
f 459/932/24 741/336/24 66/1196/24
f 185/1525/24 1368/326/24 459/932/24
f 1369/323/24 96/1106/24 551/255/24
f 774/325/24 551/255/24 275/1526/24
f 290/1524/24 1369/323/24 774/325/24
f 1370/320/25 289/1527/25 769/315/25
f 746/265/25 769/315/25 280/1528/25
f 97/1101/25 1370/320/25 746/265/25
f 1371/317/25 139/1529/25 602/928/25
f 556/304/25 602/928/25 67/1199/25
f 280/1528/25 1371/317/25 556/304/25
f 1372/314/25 12/1530/12 413/52/25
f 770/316/25 413/52/25 139/1529/25
f 289/1527/25 1372/314/25 770/316/25
f 1373/311/25 288/1531/25 765/306/25
f 605/91/25 765/306/25 142/1532/25
f 70/1214/25 1373/311/25 605/91/25
f 1374/308/25 186/1533/25 650/759/25
f 416/826/25 650/759/25 25/1274/25
f 142/1532/25 1374/308/25 416/826/25
f 1375/305/25 67/1199/25 460/114/25
f 766/307/25 460/114/25 186/1533/25
f 288/1531/25 1375/305/25 766/307/25
f 1376/302/25 287/1534/25 761/297/25
f 653/59/25 761/297/25 189/1535/25
f 15/1536/15 1376/302/25 653/59/25
f 1377/299/25 279/1537/25 745/309/25
f 463/905/25 745/309/25 70/1214/25
f 189/1535/25 1377/299/25 463/905/25
f 1378/296/25 97/1101/25 555/264/25
f 762/298/25 555/264/25 279/1537/25
f 287/1534/25 1378/296/25 762/298/25
f 1379/293/26 286/1538/26 757/288/26
f 750/274/26 757/288/26 284/1539/26
f 98/1092/26 1379/293/26 750/274/26
f 1380/290/26 143/1540/26 606/901/26
f 560/277/26 606/901/26 71/1217/26
f 284/1539/26 1380/290/26 560/277/26
f 1381/287/26 15/1541/15 417/61/26
f 758/289/26 417/61/26 143/1540/26
f 286/1538/26 1381/287/26 758/289/26
f 1382/284/26 285/1542/26 753/279/26
f 609/68/26 753/279/26 145/1543/26
f 74/1234/26 1382/284/26 609/68/26
f 1383/281/26 190/1544/26 654/840/26
f 419/873/26 654/840/26 26/1239/26
f 145/1543/26 1383/281/26 419/873/26
f 1384/278/26 71/1217/26 464/87/26
f 754/280/26 464/87/26 190/1544/26
f 285/1542/26 1384/278/26 754/280/26
f 441/123/51 1483/1193/101 48/1193/30
f 751/1088/71 1541/1249/123 1517/1088/115
f 1021/881/77 1536/1233/121 1180/1233/84
f 1385/1249/53 283/1545/26 749/282/26
f 467/1250/53 749/282/26 74/1234/26
f 108/1546/33 1507/1071/103 1485/1546/103
f 1386/1087/71 98/1092/26 559/273/26
f 751/1088/71 559/273/26 283/1545/26
f 1111/1089/80 1505/1091/111 1532/1089/119
f 382/4/44 1485/1546/103 1498/4/107
f 1180/1233/84 1503/1250/109 467/1250/53
f 1110/1096/80 1532/1089/119 1529/1096/118
f 1387/275/26 284/1539/26 752/276/26
f 755/283/26 752/276/26 285/1542/26
f 283/1545/26 1387/275/26 755/283/26
f 1388/272/26 152/1547/15 756/285/26
f 759/292/26 756/285/26 286/1538/26
f 282/1090/26 1388/272/26 759/292/26
f 1389/269/25 281/1098/25 760/294/25
f 763/301/25 760/294/25 287/1534/25
f 152/1548/15 1389/269/25 763/301/25
f 1390/266/25 280/1528/25 764/303/25
f 767/310/25 764/303/25 288/1531/25
f 279/1537/25 1390/266/25 767/310/25
f 1391/263/25 149/1549/12 768/312/25
f 771/319/25 768/312/25 289/1527/25
f 278/1100/25 1391/263/25 771/319/25
f 1392/258/91 277/1104/24 772/321/24
f 775/329/24 772/321/24 290/1524/24
f 155/328/38 1392/258/91 775/329/24
f 1393/257/24 276/1519/24 776/330/24
f 779/337/24 776/330/24 291/1521/24
f 275/1526/24 1393/257/24 779/337/24
f 1394/254/24 116/1454/14 780/339/24
f 783/346/24 780/339/24 292/1518/24
f 274/1105/24 1394/254/24 783/346/24
f 1395/251/23 273/1109/23 784/348/23
f 787/355/23 784/348/23 293/1515/23
f 122/1445/20 1395/251/23 787/355/23
f 1396/248/23 272/1509/23 788/357/23
f 791/364/23 788/357/23 294/1512/23
f 271/1517/23 1396/248/23 791/364/23
f 1397/245/23 154/1550/17 792/366/23
f 795/373/23 792/366/23 295/1508/23
f 270/1111/23 1397/245/23 795/373/23
f 1398/242/22 269/1115/22 796/375/22
f 799/382/22 796/375/22 296/1505/22
f 153/1254/37 1398/242/22 799/382/22
f 1399/239/22 268/1500/22 800/384/22
f 803/391/22 800/384/22 297/1502/22
f 267/1507/22 1399/239/22 803/391/22
f 1400/236/22 115/1276/13 804/393/22
f 807/400/22 804/393/22 298/1499/22
f 266/1117/22 1400/236/22 807/400/22
f 1401/233/21 265/1121/21 808/402/21
f 811/409/21 808/402/21 299/1495/21
f 156/1551/19 1401/233/21 811/409/21
f 1402/230/21 264/1490/21 812/411/21
f 815/418/21 812/411/21 300/1492/21
f 263/1498/21 1402/230/21 815/418/21
f 1403/227/21 113/1424/11 816/420/21
f 819/427/21 816/420/21 301/1489/21
f 262/1123/21 1403/227/21 819/427/21
f 1404/224/21 261/1127/21 820/429/21
f 823/436/21 820/429/21 302/1486/21
f 170/1494/21 1404/224/21 823/436/21
f 1405/221/21 260/1476/21 824/438/21
f 827/445/21 824/438/21 303/1481/21
f 259/1488/21 1405/221/21 827/445/21
f 1406/218/21 101/1435/11 828/447/21
f 831/454/21 828/447/21 304/1475/21
f 258/1129/21 1406/218/21 831/454/21
f 1407/215/21 257/1133/21 832/456/21
f 835/463/21 832/456/21 305/1472/21
f 171/1455/21 1407/215/21 835/463/21
f 1408/212/21 256/1461/21 836/465/21
f 839/472/21 836/465/21 306/1467/21
f 255/1474/21 1408/212/21 839/472/21
f 1409/209/21 125/1482/21 840/474/21
f 843/481/21 840/474/21 307/1460/21
f 254/1135/21 1409/209/21 843/481/21
f 1410/206/21 253/1139/21 844/483/21
f 847/490/21 844/483/21 308/1457/21
f 168/1086/41 1410/206/21 847/490/21
f 1411/203/21 252/1450/21 848/492/21
f 851/499/21 848/492/21 309/1453/21
f 251/1459/21 1411/203/21 851/499/21
f 1412/200/21 126/1493/21 852/501/21
f 855/508/21 852/501/21 310/1449/21
f 250/1140/21 1412/200/21 855/508/21
f 1413/197/22 249/1144/22 856/510/22
f 859/517/22 856/510/22 311/1446/22
f 174/1504/22 1413/197/22 859/517/22
f 1414/194/22 248/1441/22 860/519/22
f 863/526/22 860/519/22 312/1443/22
f 247/1448/22 1414/194/22 863/526/22
f 1415/191/22 103/1290/13 864/528/22
f 867/535/22 864/528/22 313/1440/22
f 246/1146/22 1415/191/22 867/535/22
f 1416/188/22 245/1150/22 868/537/22
f 871/544/22 868/537/22 314/1437/22
f 175/1425/22 1416/188/22 871/544/22
f 1417/185/22 244/1431/22 872/546/22
f 875/553/22 872/546/22 315/1434/22
f 243/1439/22 1417/185/22 875/553/22
f 1418/182/22 129/1444/22 876/555/22
f 879/562/22 876/555/22 316/1430/22
f 242/1152/22 1418/182/22 879/562/22
f 1419/179/22 241/1156/22 880/564/22
f 883/571/22 880/564/22 317/1427/22
f 165/1258/39 1419/179/22 883/571/22
f 1420/176/22 240/1420/22 884/573/22
f 887/580/22 884/573/22 318/1423/22
f 239/1429/22 1420/176/22 887/580/22
f 1421/173/22 130/1503/22 888/582/22
f 891/589/22 888/582/22 319/1419/22
f 238/1158/22 1421/173/22 891/589/22
f 1422/170/23 237/1162/23 892/591/23
f 895/598/23 892/591/23 320/1416/23
f 178/1514/23 1422/170/23 895/598/23
f 1423/167/23 236/1405/23 896/600/23
f 899/607/23 896/600/23 321/1411/23
f 235/1418/23 1423/167/23 899/607/23
f 1424/164/23 166/1552/17 900/609/23
f 903/616/23 900/609/23 322/1404/23
f 234/1164/23 1424/164/23 903/616/23
f 1425/161/23 233/1168/23 904/618/23
f 907/625/23 904/618/23 323/1399/23
f 179/1374/23 1425/161/23 907/625/23
f 1426/158/23 232/1384/23 908/627/23
f 911/634/23 908/627/23 324/1390/23
f 231/1402/23 1426/158/23 911/634/23
f 1427/155/23 133/1412/23 912/636/23
f 915/643/23 912/636/23 325/1383/23
f 230/1170/23 1427/155/23 915/643/23
f 1428/152/23 229/1174/23 916/645/23
f 919/652/23 916/645/23 326/1377/23
f 110/1436/20 1428/152/23 919/652/23
f 1429/149/23 228/1367/23 920/654/23
f 923/661/23 920/654/23 327/1370/23
f 227/1381/23 1429/149/23 923/661/23
f 1430/146/23 134/1513/23 924/663/23
f 927/670/23 924/663/23 328/1366/23
f 226/1176/23 1430/146/23 927/670/23
f 1431/143/24 225/1180/24 928/672/24
f 931/679/24 928/672/24 329/1363/24
f 182/1523/24 1431/143/24 931/679/24
f 1432/140/24 224/1352/24 932/681/24
f 935/688/24 932/681/24 330/1358/24
f 223/1365/24 1432/140/24 935/688/24
f 1433/137/24 104/1468/14 936/690/24
f 939/697/24 936/690/24 331/1351/24
f 222/1182/24 1433/137/24 939/697/24
f 1434/134/24 221/1186/24 940/699/24
f 943/706/24 940/699/24 332/1346/24
f 183/1321/24 1434/134/24 943/706/24
f 1435/131/24 220/1331/24 944/708/24
f 947/715/24 944/708/24 333/1337/24
f 219/1349/24 1435/131/24 947/715/24
f 1436/128/24 137/1359/24 948/717/24
f 951/724/24 948/717/24 334/1330/24
f 218/1188/24 1436/128/24 951/724/24
f 1437/125/24 217/1192/24 952/726/24
f 955/733/24 952/726/24 335/1324/24
f 167/1093/40 1437/125/24 955/733/24
f 1438/122/24 216/1314/24 956/735/24
f 959/742/24 956/735/24 336/1317/24
f 215/1328/24 1438/122/24 959/742/24
f 1439/119/24 138/1522/24 960/744/24
f 963/751/24 960/744/24 337/1313/24
f 214/1194/24 1439/119/24 963/751/24
f 1440/116/25 213/1198/25 964/753/25
f 967/760/25 964/753/25 338/1310/25
f 186/1533/25 1440/116/25 967/760/25
f 1441/113/25 212/1299/25 968/762/25
f 971/769/25 968/762/25 339/1305/25
f 211/1312/25 1441/113/25 971/769/25
f 1442/110/25 161/1553/12 972/771/25
f 975/778/25 972/771/25 340/1298/25
f 210/1200/25 1442/110/25 975/778/25
f 1443/107/25 209/1204/25 976/780/25
f 979/787/25 976/780/25 341/1295/25
f 187/1277/25 1443/107/25 979/787/25
f 1444/104/25 208/1283/25 980/789/25
f 983/796/25 980/789/25 342/1289/25
f 207/1297/25 1444/104/25 983/796/25
f 1445/101/25 141/1306/25 984/798/25
f 987/805/25 984/798/25 343/1282/25
f 206/1206/25 1445/101/25 987/805/25
f 1446/98/25 205/1210/25 988/807/25
f 991/814/25 988/807/25 344/1279/25
f 164/1265/25 1446/98/25 991/814/25
f 1447/95/25 204/1272/25 992/816/25
f 995/823/25 992/816/25 345/1275/25
f 203/1281/25 1447/95/25 995/823/25
f 1448/92/25 142/1532/25 996/825/25
f 999/832/25 996/825/25 346/1271/25
f 202/1212/25 1448/92/25 999/832/25
f 1449/89/26 201/1216/26 1000/834/26
f 1003/841/26 1000/834/26 347/1268/26
f 190/1544/26 1449/89/26 1003/841/26
f 569/1053/57 1550/1116/127 1574/1053/127
f 1189/863/87 1598/862/149 1599/863/149
f 200/1270/26 1450/86/92 1004/844/72
f 1/1264/1 1566/13/130 1547/1264/124
f 581/991/60 1554/1252/131 118/1252/35
f 199/1218/26 1451/83/93 1005/847/73
f 1452/80/26 198/1222/26 1006/849/26
f 1009/856/26 1006/849/26 348/1259/26
f 191/1244/26 1452/80/26 1009/856/26
f 380/10/43 1552/1267/129 1565/10/135
f 46/1157/29 1576/991/140 581/991/60
f 197/1262/26 1453/77/94 1010/859/74
f 572/1256/59 1602/860/150 1575/1256/139
f 1450/86/92 1586/844/146 1004/844/72
f 196/1224/26 1454/74/95 1011/862/75
f 583/937/61 1486/1554/104 120/1554/36
f 18/50/18 1509/1083/99 619/1083/64
f 394/1084/46 1486/1554/104 1499/1084/99
f 1455/1555/26 195/1237/26 1013/864/26
f 1016/1556/26 1013/864/26 349/1241/26
f 194/1248/26 1618/1251/26 1617/1248/26
f 1456/69/26 145/1543/26 1017/872/26
f 1020/879/26 1017/872/26 350/1235/26
f 193/1230/26 1456/69/26 1020/879/26
f 5/883/5 1511/489/114 632/489/21
f 7/1327/7 1510/732/105 631/732/67
f 568/1080/56 1484/1557/102 105/1557/25
f 1457/66/26 192/1269/26 1022/886/26
f 1025/893/26 1022/886/26 351/1221/26
f 144/1238/26 1457/66/26 1025/893/26
f 1458/63/26 117/1558/15 1026/895/26
f 1029/902/26 1026/895/26 352/1215/26
f 143/1540/26 1458/63/26 1029/902/26
f 1459/60/25 189/1535/25 1030/904/25
f 1033/911/25 1030/904/25 353/1209/25
f 117/1559/15 1459/60/25 1033/911/25
f 1460/57/25 188/1311/25 1034/913/25
f 1037/920/25 1034/913/25 354/1203/25
f 140/1273/25 1460/57/25 1037/920/25
f 1461/54/25 114/1560/12 1038/922/25
f 1041/929/25 1038/922/25 355/1197/25
f 139/1529/25 1461/54/25 1041/929/25
f 1462/49/96 185/1525/24 1042/931/24
f 1045/938/24 1042/931/24 356/1191/24
f 120/1554/36 1462/49/96 1045/938/24
f 1463/48/24 184/1364/24 1046/940/24
f 1049/947/24 1046/940/24 357/1185/24
f 136/1315/24 1463/48/24 1049/947/24
f 1464/45/24 151/1473/14 1050/949/24
f 1053/956/24 1050/949/24 358/1179/24
f 135/1520/24 1464/45/24 1053/956/24
f 1465/42/23 181/1516/23 1054/958/23
f 1057/965/23 1054/958/23 359/1173/23
f 157/1432/20 1465/42/23 1057/965/23
f 1466/39/23 180/1417/23 1058/967/23
f 1061/974/23 1058/967/23 360/1167/23
f 132/1368/23 1466/39/23 1061/974/23
f 1467/36/23 119/1561/17 1062/976/23
f 1065/983/23 1062/976/23 361/1161/23
f 131/1510/23 1467/36/23 1065/983/23
f 1468/33/22 177/1506/22 1066/985/22
f 1069/992/22 1066/985/22 362/1155/22
f 118/1252/35 1468/33/22 1069/992/22
f 1469/30/22 176/1447/22 1070/994/22
f 1073/1001/22 1070/994/22 363/1149/22
f 128/1421/22 1469/30/22 1073/1001/22
f 1470/27/22 150/1296/13 1074/1003/22
f 1077/1010/22 1074/1003/22 364/1143/22
f 127/1501/22 1470/27/22 1077/1010/22
f 1471/24/21 173/1496/21 1078/1012/21
f 1081/1018/21 1078/1012/21 365/1138/21
f 121/1562/19 1471/24/21 1081/1018/21
f 1472/21/21 172/1487/21 1082/1020/21
f 1085/1027/21 1082/1020/21 366/1132/21
f 124/1451/21 1472/21/21 1085/1027/21
f 1473/18/21 148/1438/11 1086/1029/21
f 1089/1036/21 1086/1029/21 367/1126/21
f 123/1491/21 1473/18/21 1089/1036/21
f 1474/15/21 160/1428/11 1090/1038/21
f 1093/1046/79 1090/1038/21 368/1120/21
f 109/1045/34 1474/15/21 1093/1046/79
f 1475/12/22 162/1280/13 1094/1047/22
f 1097/1054/22 1094/1047/22 369/1114/22
f 106/1267/32 1475/12/22 1097/1054/22
f 1476/9/23 107/1563/17 1098/1056/23
f 1101/1063/23 1098/1056/23 370/1108/23
f 169/1442/20 1476/9/23 1101/1063/23
f 1477/6/24 163/1458/14 1102/1065/24
f 1105/1072/24 1102/1065/24 371/1103/24
f 108/1546/33 1477/6/24 1105/1072/24
f 1478/3/25 102/1564/12 1106/1074/25
f 1109/1081/25 1106/1074/25 372/1097/25
f 105/1557/25 1478/3/25 1109/1081/25
f 105/1557/25 1497/1/102 379/1/42
f 471/884/54 1535/882/120 1179/882/83
f 1012/1232/76 1539/885/110 1188/885/86
f 1546/1565/26 1480/1566/98 1497/1567/102
f 1545/1568/26 1481/1569/99 1512/1570/26
f 1544/1571/26 1482/1572/100 1513/1573/26
f 1543/1574/26 1483/1575/101 1514/1576/26
f 1542/1087/111 1492/1577/26 1505/1091/111
f 1541/1249/123 1493/1578/26 1517/1088/115
f 1540/1579/26 1486/1580/104 1518/1581/26
f 1539/885/110 1491/1582/26 1504/884/110
f 1538/1229/122 1494/1583/26 1521/1232/116
f 1537/1584/26 1485/1585/103 1522/1586/26
f 1536/1233/121 1490/1587/26 1503/1250/109
f 1524/1588/26 1525/881/117 1535/882/120
f 1534/1589/26 1487/1590/99 1526/1591/26
f 1533/1094/118 1484/1592/102 1506/1247/112
f 1532/1089/119 1496/1593/26 1529/1096/118
f 1531/1594/26 1488/1595/105 1530/1596/26
f 1528/1597/26 1530/1596/26 1496/1593/26
f 1492/1577/26 1531/1594/26 1528/1597/26
f 1514/1576/26 1501/1598/101 1531/1594/26
f 1505/1091/111 1528/1597/26 1532/1089/119
f 1529/1096/118 1527/1599/26 1533/1094/118
f 1524/1588/26 1526/1591/26 1495/1600/26
f 1491/1582/26 1534/1589/26 1524/1588/26
f 1513/1573/26 1500/1601/99 1534/1589/26
f 1504/884/110 1524/1588/26 1535/882/120
f 1525/881/117 1523/1602/26 1536/1233/121
f 1520/1603/26 1522/1586/26 1494/1583/26
f 1489/1604/106 1537/1584/26 1520/1603/26
f 1511/1605/114 1498/1606/107 1537/1584/26
f 1502/1228/108 1520/1603/26 1538/1229/122
f 1521/1232/116 1519/1607/26 1539/885/110
f 1516/1608/26 1518/1581/26 1493/1578/26
f 1490/1587/26 1540/1579/26 1516/1608/26
f 1512/1570/26 1499/1609/99 1540/1579/26
f 1503/1250/109 1516/1608/26 1541/1249/123
f 1517/1088/115 1515/1610/26 1542/1087/111
f 1515/1610/26 1514/1576/26 1492/1577/26
f 1493/1578/26 1543/1574/26 1515/1610/26
f 1518/1581/26 1508/1611/113 1543/1574/26
f 1519/1607/26 1513/1573/26 1491/1582/26
f 1494/1583/26 1544/1571/26 1519/1607/26
f 1522/1586/26 1507/1612/103 1544/1571/26
f 1523/1602/26 1512/1570/26 1490/1587/26
f 1495/1600/26 1545/1568/26 1523/1602/26
f 1526/1591/26 1509/1613/99 1545/1568/26
f 1527/1599/26 1497/1567/102 1484/1592/102
f 1496/1593/26 1546/1565/26 1527/1599/26
f 1530/1596/26 1510/1614/105 1546/1565/26
f 1583/1615/26 1573/1616/26 1610/1617/26
f 1584/1618/26 1585/1619/26 1609/1620/26
f 1587/1621/26 1579/1622/133 1607/1623/26
f 1588/1624/26 1589/1625/26 1606/1626/26
f 1591/1627/26 1572/1628/26 1604/1629/26
f 1592/1630/26 1593/1631/26 1603/1632/26
f 1595/1633/26 1568/1634/26 1601/1635/26
f 1596/1636/26 1597/1637/26 1600/1638/26
f 1599/863/149 1564/1639/26 1596/1636/26
f 1581/76/144 1596/1636/26 1559/1640/26
f 1600/1638/26 1554/1252/131 1576/991/140
f 1572/1628/26 1576/991/140 1551/1157/128
f 1559/1640/26 1600/1638/26 1572/1628/26
f 1601/1635/26 1549/1257/126 1567/31/136
f 1597/1637/26 1567/31/136 1554/1252/131
f 1564/1639/26 1601/1635/26 1597/1637/26
f 1602/860/150 1563/1641/26 1592/1630/26
f 1575/1256/139 1592/1630/26 1553/1642/130
f 1603/1632/26 1558/1258/134 1580/570/143
f 1566/1643/130 1580/570/143 1547/1264/124
f 1553/1642/130 1603/1632/26 1566/1643/130
f 1604/1629/26 1551/1157/128 1571/177/134
f 1593/1631/26 1571/177/134 1558/1258/134
f 1563/1641/26 1604/1629/26 1593/1631/26
f 1605/848/151 1562/1644/26 1588/1624/26
f 1582/85/145 1588/1624/26 1560/1645/26
f 1606/1626/26 1552/1267/129 1574/1053/127
f 1573/1616/26 1574/1053/127 1550/1116/127
f 1560/1645/26 1606/1626/26 1573/1616/26
f 1607/1623/26 1548/1253/125 1565/10/135
f 1589/1625/26 1565/10/135 1552/1267/129
f 1562/1644/26 1607/1623/26 1589/1625/26
f 1608/845/152 1561/1646/26 1584/1618/26
f 1577/73/141 1584/1618/26 1555/1647/26
f 1609/1620/26 1556/1254/132 1578/381/142
f 1568/1634/26 1578/381/142 1549/1257/126
f 1555/1647/26 1609/1620/26 1568/1634/26
f 1610/1617/26 1550/1116/127 1569/240/137
f 1585/1619/26 1569/240/137 1556/1254/132
f 1561/1646/26 1610/1617/26 1585/1619/26
f 1611/86/146 1560/1645/26 1583/1615/26
f 1586/844/146 1583/1615/26 1561/1646/26
f 1612/83/153 1557/1648/133 1587/1621/26
f 1590/847/147 1587/1621/26 1562/1644/26
f 1613/77/154 1559/1640/26 1591/1627/26
f 1594/859/148 1591/1627/26 1563/1641/26
f 1614/74/155 1555/1647/26 1595/1633/26
f 1598/862/149 1595/1633/26 1564/1639/26
f 1618/1251/26 1622/1236/26 1627/1555/26
f 1621/71/26 1624/1556/26 1626/1240/26
f 1616/1231/26 1625/880/26 1622/1236/26
f 1615/70/26 1626/1240/26 1619/1242/26
f 1617/1248/26 1627/1555/26 1624/1556/26
f 1521/1232/116 1633/885/23 1630/1232/156
f 1181/880/26 1622/1236/26 1625/880/26
f 469/1251/26 1616/1231/26 1618/1251/26
f 1521/1232/116 1623/1232/26 1630/1232/156
f 659/1236/26 1627/1555/26 1622/1236/26
f 1504/884/110 1631/882/23 1629/884/23
f 657/878/26 1625/880/26 1620/878/26
f 1455/1555/26 1624/1556/26 1627/1555/26
f 658/71/26 1617/1248/26 1621/71/26
f 1538/1229/122 1630/1232/156 1632/1229/23
f 1012/1232/76 1617/1248/26 1623/1232/26
f 1016/1556/26 1626/1240/26 1624/1556/26
f 1502/1228/108 1632/1229/23 1628/1228/23
f 1184/1240/26 1619/1242/26 1626/1240/26
f 379/1/42 7/1227/7 376/2/12
f 382/4/44 5/883/5 627/5/14
f 633/7/20 4/1293/4 381/8/17
f 380/10/43 3/1253/3 626/11/13
f 383/13/21 1/1264/1 624/14/11
f 397/16/21 11/1426/11 612/17/11
f 398/19/21 21/1452/21 636/20/21
f 395/22/19 19/1497/19 637/23/21
f 401/25/22 13/1278/13 614/26/13
f 402/28/22 22/1422/22 640/29/22
f 392/31/45 16/1257/16 641/32/22
f 405/34/23 17/1511/17 393/35/17
f 406/37/23 23/1369/23 644/38/23
f 621/40/20 20/1433/20 645/41/23
f 409/43/24 14/1456/14 615/44/14
f 410/46/24 24/1316/24 648/47/24
f 1462/49/96 394/1084/46 18/50/18
f 413/52/25 12/1530/12 388/53/12
f 414/55/25 25/1274/25 652/56/25
f 391/58/15 15/1536/15 653/59/25
f 417/61/26 15/1541/15 391/62/15
f 418/64/26 26/1239/26 656/65/26
f 468/67/26 74/1234/26 609/68/26
f 49/70/31 658/71/26 1621/71/26
f 472/72/26 73/1226/26 608/73/62
f 473/75/26 76/1225/26 662/76/68
f 465/78/26 72/1223/26 663/79/26
f 475/81/26 45/1220/15 438/82/49
f 476/84/26 77/1219/26 666/85/69
f 464/87/26 71/1217/26 667/88/26
f 478/90/25 70/1214/25 605/91/25
f 479/93/25 78/1213/25 670/94/25
f 438/96/49 45/1211/15 671/97/25
f 482/99/25 69/1208/25 604/100/25
f 483/102/25 79/1207/25 674/103/25
f 461/105/25 68/1205/25 675/106/25
f 486/108/25 42/1202/12 435/109/12
f 487/111/25 80/1201/25 678/112/25
f 460/114/25 67/1199/25 679/115/25
f 490/117/24 66/1196/24 601/118/24
f 491/120/24 81/1195/24 682/121/24
f 441/123/51 48/1193/30 683/124/24
f 494/126/24 65/1190/24 600/127/24
f 495/129/24 82/1189/24 686/130/24
f 457/132/24 64/1187/24 687/133/24
f 498/135/24 32/1184/14 567/136/14
f 499/138/24 83/1183/24 690/139/24
f 456/141/24 63/1181/24 691/142/24
f 502/144/23 62/1178/23 597/145/23
f 503/147/23 84/1177/23 694/148/23
f 573/150/20 38/1175/20 695/151/23
f 506/153/23 61/1172/23 596/154/23
f 507/156/23 85/1171/23 698/157/23
f 453/159/23 60/1169/23 699/160/23
f 510/162/23 47/1166/17 440/163/17
f 511/165/23 86/1165/23 702/166/23
f 452/168/23 59/1163/23 703/169/23
f 514/171/22 58/1160/22 593/172/22
f 515/174/22 87/1159/22 706/175/22
f 439/177/50 46/1157/29 707/178/22
f 518/180/22 57/1154/22 592/181/22
f 519/183/22 88/1153/22 710/184/22
f 449/186/22 56/1151/22 711/187/22
f 522/189/22 31/1148/13 566/190/13
f 523/192/22 89/1147/22 714/193/22
f 448/195/22 55/1145/22 715/196/22
f 526/198/21 54/1142/21 589/199/21
f 527/201/21 90/1141/21 718/202/21
f 442/204/52 49/871/31 719/205/21
f 530/207/21 53/1137/21 588/208/21
f 531/210/21 91/1136/21 722/211/21
f 445/213/21 52/1134/21 723/214/21
f 534/216/21 29/1131/11 564/217/11
f 535/219/21 92/1130/21 726/220/21
f 444/222/21 51/1128/21 727/223/21
f 538/225/21 41/1125/11 576/226/11
f 539/228/21 93/1124/21 730/229/21
f 430/231/19 37/1122/19 731/232/70
f 542/234/22 43/1119/13 578/235/13
f 543/237/22 94/1118/22 734/238/22
f 427/240/47 34/1116/27 735/241/22
f 546/243/23 35/1113/17 428/244/17
f 547/246/23 95/1112/23 738/247/23
f 585/249/20 50/1110/20 739/250/23
f 550/252/24 44/1107/14 579/253/14
f 551/255/24 96/1106/24 742/256/24
f 1392/258/91 429/1085/48 36/259/28
f 554/261/25 30/1102/12 423/262/12
f 555/264/25 97/1101/25 746/265/25
f 426/267/15 33/1099/15 747/268/25
f 558/270/26 33/1095/15 426/271/15
f 559/273/26 98/1092/26 750/274/26
f 752/276/26 284/1539/26 560/277/26
f 753/279/26 285/1542/26 754/280/26
f 749/282/26 283/1545/26 755/283/26
f 756/285/26 152/1547/15 616/286/15
f 757/288/26 286/1538/26 758/289/26
f 748/291/26 282/1090/26 759/292/26
f 760/294/25 281/1098/25 557/295/25
f 761/297/25 287/1534/25 762/298/25
f 616/300/15 152/1548/15 763/301/25
f 764/303/25 280/1528/25 556/304/25
f 765/306/25 288/1531/25 766/307/25
f 745/309/25 279/1537/25 767/310/25
f 768/312/25 149/1549/12 613/313/12
f 769/315/25 289/1527/25 770/316/25
f 744/318/25 278/1100/25 771/319/25
f 772/321/24 277/1104/24 553/322/24
f 773/324/24 290/1524/24 774/325/24
f 1367/327/90 619/1083/64 155/328/38
f 776/330/24 276/1519/24 552/331/24
f 777/333/24 291/1521/24 778/334/24
f 741/336/24 275/1526/24 779/337/24
f 780/339/24 116/1454/14 390/340/14
f 781/342/24 292/1518/24 782/343/24
f 740/345/24 274/1105/24 783/346/24
f 784/348/23 273/1109/23 549/349/23
f 785/351/23 293/1515/23 786/352/23
f 396/354/20 122/1445/20 787/355/23
f 788/357/23 272/1509/23 548/358/23
f 789/360/23 294/1512/23 790/361/23
f 737/363/23 271/1517/23 791/364/23
f 792/366/23 154/1550/17 618/367/17
f 793/369/23 295/1508/23 794/370/23
f 736/372/23 270/1111/23 795/373/23
f 796/375/22 269/1115/22 545/376/22
f 797/378/22 296/1505/22 798/379/22
f 617/381/63 153/1254/37 799/382/22
f 800/384/22 268/1500/22 544/385/22
f 801/387/22 297/1502/22 802/388/22
f 733/390/22 267/1507/22 803/391/22
f 804/393/22 115/1276/13 389/394/13
f 805/396/22 298/1499/22 806/397/22
f 732/399/22 266/1117/22 807/400/22
f 808/402/21 265/1121/21 541/403/21
f 809/405/21 299/1495/21 810/406/21
f 620/408/19 156/1551/19 811/409/21
f 812/411/21 264/1490/21 540/412/21
f 813/414/21 300/1492/21 814/415/21
f 729/417/21 263/1498/21 815/418/21
f 816/420/21 113/1424/11 387/421/11
f 817/423/21 301/1489/21 818/424/21
f 728/426/21 262/1123/21 819/427/21
f 820/429/21 261/1127/21 537/430/21
f 821/432/21 302/1486/21 822/433/21
f 634/435/21 170/1494/21 823/436/21
f 824/438/21 260/1476/21 536/439/21
f 825/441/21 303/1481/21 826/442/21
f 725/444/21 259/1488/21 827/445/21
f 828/447/21 101/1435/11 375/448/11
f 829/450/21 304/1475/21 830/451/21
f 724/453/21 258/1129/21 831/454/21
f 832/456/21 257/1133/21 533/457/21
f 833/459/21 305/1472/21 834/460/21
f 635/462/21 171/1455/21 835/463/21
f 836/465/21 256/1461/21 532/466/21
f 837/468/21 306/1467/21 838/469/21
f 721/471/21 255/1474/21 839/472/21
f 840/474/21 125/1482/21 399/475/21
f 841/477/21 307/1460/21 842/478/21
f 720/480/21 254/1135/21 843/481/21
f 844/483/21 253/1139/21 529/484/21
f 845/486/21 308/1457/21 846/487/21
f 632/489/21 168/1086/41 847/490/21
f 848/492/21 252/1450/21 528/493/21
f 849/495/21 309/1453/21 850/496/21
f 717/498/21 251/1459/21 851/499/21
f 852/501/21 126/1493/21 400/502/21
f 853/504/21 310/1449/21 854/505/21
f 716/507/21 250/1140/21 855/508/21
f 856/510/22 249/1144/22 525/511/22
f 857/513/22 311/1446/22 858/514/22
f 638/516/22 174/1504/22 859/517/22
f 860/519/22 248/1441/22 524/520/22
f 861/522/22 312/1443/22 862/523/22
f 713/525/22 247/1448/22 863/526/22
f 864/528/22 103/1290/13 377/529/13
f 865/531/22 313/1440/22 866/532/22
f 712/534/22 246/1146/22 867/535/22
f 868/537/22 245/1150/22 521/538/22
f 869/540/22 314/1437/22 870/541/22
f 639/543/22 175/1425/22 871/544/22
f 872/546/22 244/1431/22 520/547/22
f 873/549/22 315/1434/22 874/550/22
f 709/552/22 243/1439/22 875/553/22
f 876/555/22 129/1444/22 403/556/22
f 877/558/22 316/1430/22 878/559/22
f 708/561/22 242/1152/22 879/562/22
f 880/564/22 241/1156/22 517/565/22
f 881/567/22 317/1427/22 882/568/22
f 629/570/66 165/1258/39 883/571/22
f 884/573/22 240/1420/22 516/574/22
f 885/576/22 318/1423/22 886/577/22
f 705/579/22 239/1429/22 887/580/22
f 888/582/22 130/1503/22 404/583/22
f 889/585/22 319/1419/22 890/586/22
f 704/588/22 238/1158/22 891/589/22
f 892/591/23 237/1162/23 513/592/23
f 893/594/23 320/1416/23 894/595/23
f 642/597/23 178/1514/23 895/598/23
f 896/600/23 236/1405/23 512/601/23
f 897/603/23 321/1411/23 898/604/23
f 701/606/23 235/1418/23 899/607/23
f 900/609/23 166/1552/17 630/610/17
f 901/612/23 322/1404/23 902/613/23
f 700/615/23 234/1164/23 903/616/23
f 904/618/23 233/1168/23 509/619/23
f 905/621/23 323/1399/23 906/622/23
f 643/624/23 179/1374/23 907/625/23
f 908/627/23 232/1384/23 508/628/23
f 909/630/23 324/1390/23 910/631/23
f 697/633/23 231/1402/23 911/634/23
f 912/636/23 133/1412/23 407/637/23
f 913/639/23 325/1383/23 914/640/23
f 696/642/23 230/1170/23 915/643/23
f 916/645/23 229/1174/23 505/646/23
f 917/648/23 326/1377/23 918/649/23
f 384/651/20 110/1436/20 919/652/23
f 920/654/23 228/1367/23 504/655/23
f 921/657/23 327/1370/23 922/658/23
f 693/660/23 227/1381/23 923/661/23
f 924/663/23 134/1513/23 408/664/23
f 925/666/23 328/1366/23 926/667/23
f 692/669/23 226/1176/23 927/670/23
f 928/672/24 225/1180/24 501/673/24
f 929/675/24 329/1363/24 930/676/24
f 646/678/24 182/1523/24 931/679/24
f 932/681/24 224/1352/24 500/682/24
f 933/684/24 330/1358/24 934/685/24
f 689/687/24 223/1365/24 935/688/24
f 936/690/24 104/1468/14 378/691/14
f 937/693/24 331/1351/24 938/694/24
f 688/696/24 222/1182/24 939/697/24
f 940/699/24 221/1186/24 497/700/24
f 941/702/24 332/1346/24 942/703/24
f 647/705/24 183/1321/24 943/706/24
f 944/708/24 220/1331/24 496/709/24
f 945/711/24 333/1337/24 946/712/24
f 685/714/24 219/1349/24 947/715/24
f 948/717/24 137/1359/24 411/718/24
f 949/720/24 334/1330/24 950/721/24
f 684/723/24 218/1188/24 951/724/24
f 952/726/24 217/1192/24 493/727/24
f 953/729/24 335/1324/24 954/730/24
f 631/732/67 167/1093/40 955/733/24
f 956/735/24 216/1314/24 492/736/24
f 957/738/24 336/1317/24 958/739/24
f 681/741/24 215/1328/24 959/742/24
f 960/744/24 138/1522/24 412/745/24
f 961/747/24 337/1313/24 962/748/24
f 680/750/24 214/1194/24 963/751/24
f 964/753/25 213/1198/25 489/754/25
f 965/756/25 338/1310/25 966/757/25
f 650/759/25 186/1533/25 967/760/25
f 968/762/25 212/1299/25 488/763/25
f 969/765/25 339/1305/25 970/766/25
f 677/768/25 211/1312/25 971/769/25
f 972/771/25 161/1553/12 625/772/12
f 973/774/25 340/1298/25 974/775/25
f 676/777/25 210/1200/25 975/778/25
f 976/780/25 209/1204/25 485/781/25
f 977/783/25 341/1295/25 978/784/25
f 651/786/25 187/1277/25 979/787/25
f 980/789/25 208/1283/25 484/790/25
f 981/792/25 342/1289/25 982/793/25
f 673/795/25 207/1297/25 983/796/25
f 984/798/25 141/1306/25 415/799/25
f 985/801/25 343/1282/25 986/802/25
f 672/804/25 206/1206/25 987/805/25
f 988/807/25 205/1210/25 481/808/25
f 989/810/25 344/1279/25 990/811/25
f 628/813/65 164/1265/25 991/814/25
f 992/816/25 204/1272/25 480/817/25
f 993/819/25 345/1275/25 994/820/25
f 669/822/25 203/1281/25 995/823/25
f 996/825/25 142/1532/25 416/826/25
f 997/828/25 346/1271/25 998/829/25
f 668/831/25 202/1212/25 999/832/25
f 1000/834/26 201/1216/26 477/835/26
f 1001/837/26 347/1268/26 1002/838/26
f 654/840/26 190/1544/26 1003/841/26
f 665/843/26 200/1270/26 1004/844/72
f 664/846/26 199/1218/26 1005/847/73
f 1006/849/26 198/1222/26 474/850/26
f 1007/852/26 348/1259/26 1008/853/26
f 655/855/26 191/1244/26 1009/856/26
f 661/858/26 197/1262/26 1010/859/74
f 660/861/26 196/1224/26 1011/862/75
f 1013/864/26 195/1237/26 470/865/26
f 1014/867/26 349/1241/26 1015/868/26
f 584/870/31 49/871/31 1615/871/26
f 1017/872/26 145/1543/26 419/873/26
f 1018/875/26 350/1235/26 1019/876/26
f 657/878/26 193/1230/26 1020/879/26
f 1021/881/77 1179/882/83 1535/882/120
f 5/883/5 382/4/44 1498/4/107
f 471/884/54 1188/885/86 1539/885/110
f 1022/886/26 192/1269/26 466/887/26
f 1023/889/26 351/1221/26 1024/890/26
f 607/892/26 144/1238/26 1025/893/26
f 1026/895/26 117/1558/15 580/896/15
f 1027/898/26 352/1215/26 1028/899/26
f 606/901/26 143/1540/26 1029/902/26
f 1030/904/25 189/1535/25 463/905/25
f 1031/907/25 353/1209/25 1032/908/25
f 580/910/15 117/1559/15 1033/911/25
f 1034/913/25 188/1311/25 462/914/25
f 1035/916/25 354/1203/25 1036/917/25
f 603/919/25 140/1273/25 1037/920/25
f 1038/922/25 114/1560/12 577/923/12
f 1039/925/25 355/1197/25 1040/926/25
f 602/928/25 139/1529/25 1041/929/25
f 1042/931/24 185/1525/24 459/932/24
f 1043/934/24 356/1191/24 1044/935/24
f 583/937/61 120/1554/36 1045/938/24
f 1046/940/24 184/1364/24 458/941/24
f 1047/943/24 357/1185/24 1048/944/24
f 599/946/24 136/1315/24 1049/947/24
f 1050/949/24 151/1473/14 425/950/14
f 1051/952/24 358/1179/24 1052/953/24
f 598/955/24 135/1520/24 1053/956/24
f 1054/958/23 181/1516/23 455/959/23
f 1055/961/23 359/1173/23 1056/962/23
f 431/964/20 157/1432/20 1057/965/23
f 1058/967/23 180/1417/23 454/968/23
f 1059/970/23 360/1167/23 1060/971/23
f 595/973/23 132/1368/23 1061/974/23
f 1062/976/23 119/1561/17 582/977/17
f 1063/979/23 361/1161/23 1064/980/23
f 594/982/23 131/1510/23 1065/983/23
f 1066/985/22 177/1506/22 451/986/22
f 1067/988/22 362/1155/22 1068/989/22
f 581/991/60 118/1252/35 1069/992/22
f 1070/994/22 176/1447/22 450/995/22
f 1071/997/22 363/1149/22 1072/998/22
f 591/1000/22 128/1421/22 1073/1001/22
f 1074/1003/22 150/1296/13 424/1004/13
f 1075/1006/22 364/1143/22 1076/1007/22
f 590/1009/22 127/1501/22 1077/1010/22
f 1078/1012/21 173/1496/21 447/1013/21
f 1079/1015/21 365/1138/21 1080/1016/21
f 584/870/31 121/1562/19 1081/1018/21
f 1082/1020/21 172/1487/21 446/1021/21
f 1083/1023/21 366/1132/21 1084/1024/21
f 587/1026/21 124/1451/21 1085/1027/21
f 1086/1029/21 148/1438/11 422/1030/11
f 1087/1032/21 367/1126/21 1088/1033/21
f 586/1035/21 123/1491/21 1089/1036/21
f 1090/1038/21 160/1428/11 434/1039/11
f 1091/1041/78 368/1120/21 1092/1042/21
f 1125/1044/82 572/1266/59 109/1045/34
f 1094/1047/22 162/1280/13 436/1048/13
f 1095/1050/22 369/1114/22 1096/1051/22
f 569/1053/57 106/1267/32 1097/1054/22
f 1098/1056/23 107/1563/17 570/1057/17
f 1099/1059/23 370/1108/23 1100/1060/23
f 443/1062/20 169/1442/20 1101/1063/23
f 1102/1065/24 163/1458/14 437/1066/14
f 1103/1068/24 371/1103/24 1104/1069/24
f 571/1071/58 108/1546/33 1105/1072/24
f 1106/1074/25 102/1564/12 565/1075/12
f 1107/1077/25 372/1097/25 1108/1078/25
f 568/1080/56 105/1557/25 1109/1081/25
f 619/1083/64 1509/1083/99 1487/328/99
f 394/1084/46 1499/1084/99 1481/50/99
f 429/1085/48 155/328/38 1487/328/99
f 632/489/21 1511/489/114 1489/1086/106
f 168/1086/41 1489/1086/106 1502/204/108
f 1386/1087/71 751/1088/71 1517/1088/115
f 1111/1089/80 1110/1096/80 282/1090/26
f 561/1091/55 1111/1089/80 748/291/26
f 631/732/67 1510/732/105 1488/1093/105
f 1112/1094/81 568/1247/56 33/1095/15
f 1110/1096/80 1112/1094/81 558/270/26
f 167/1093/40 1488/1093/105 1501/123/101
f 1113/1082/25 1109/1081/25 372/1097/25
f 747/268/25 1113/1082/25 1107/1077/25
f 33/1099/15 568/1080/56 1113/1082/25
f 1114/1079/25 1108/1078/25 278/1100/25
f 557/295/25 1114/1079/25 744/318/25
f 281/1098/25 1107/1077/25 1114/1079/25
f 1115/1076/25 565/1075/12 30/1102/12
f 1108/1078/25 1115/1076/25 554/261/25
f 372/1097/25 1106/1074/25 1115/1076/25
f 1116/1073/24 1105/1072/24 371/1103/24
f 743/260/24 1116/1073/24 1103/1068/24
f 36/259/28 571/1071/58 1116/1073/24
f 1117/1070/24 1104/1069/24 274/1105/24
f 553/322/24 1117/1070/24 740/345/24
f 277/1104/24 1103/1068/24 1117/1070/24
f 1118/1067/24 437/1066/14 44/1107/14
f 1104/1069/24 1118/1067/24 550/252/24
f 371/1103/24 1102/1065/24 1118/1067/24
f 1119/1064/23 1101/1063/23 370/1108/23
f 739/250/23 1119/1064/23 1099/1059/23
f 50/1110/20 443/1062/20 1119/1064/23
f 1120/1061/23 1100/1060/23 270/1111/23
f 549/349/23 1120/1061/23 736/372/23
f 273/1109/23 1099/1059/23 1120/1061/23
f 1121/1058/23 570/1057/17 35/1113/17
f 1100/1060/23 1121/1058/23 546/243/23
f 370/1108/23 1098/1056/23 1121/1058/23
f 1122/1055/22 1097/1054/22 369/1114/22
f 735/241/22 1122/1055/22 1095/1050/22
f 34/1116/27 569/1053/57 1122/1055/22
f 1123/1052/22 1096/1051/22 266/1117/22
f 545/376/22 1123/1052/22 732/399/22
f 269/1115/22 1095/1050/22 1123/1052/22
f 1124/1049/22 436/1048/13 43/1119/13
f 1096/1051/22 1124/1049/22 542/234/22
f 369/1114/22 1094/1047/22 1124/1049/22
f 1091/1041/78 1125/1044/82 1093/1046/79
f 731/232/70 1125/1044/82 1091/1041/78
f 37/1122/19 572/1266/59 1125/1044/82
f 1126/1043/21 1092/1042/21 262/1123/21
f 541/403/21 1126/1043/21 728/426/21
f 265/1121/21 1091/1041/78 1126/1043/21
f 1127/1040/21 434/1039/11 41/1125/11
f 1092/1042/21 1127/1040/21 538/225/21
f 368/1120/21 1090/1038/21 1127/1040/21
f 1128/1037/21 1089/1036/21 367/1126/21
f 727/223/21 1128/1037/21 1087/1032/21
f 51/1128/21 586/1035/21 1128/1037/21
f 1129/1034/21 1088/1033/21 258/1129/21
f 537/430/21 1129/1034/21 724/453/21
f 261/1127/21 1087/1032/21 1129/1034/21
f 1130/1031/21 422/1030/11 29/1131/11
f 1088/1033/21 1130/1031/21 534/216/21
f 367/1126/21 1086/1029/21 1130/1031/21
f 1131/1028/21 1085/1027/21 366/1132/21
f 723/214/21 1131/1028/21 1083/1023/21
f 52/1134/21 587/1026/21 1131/1028/21
f 1132/1025/21 1084/1024/21 254/1135/21
f 533/457/21 1132/1025/21 720/480/21
f 257/1133/21 1083/1023/21 1132/1025/21
f 1133/1022/21 446/1021/21 53/1137/21
f 1084/1024/21 1133/1022/21 530/207/21
f 366/1132/21 1082/1020/21 1133/1022/21
f 1134/1019/21 1081/1018/21 365/1138/21
f 719/205/21 1134/1019/21 1079/1015/21
f 49/871/31 584/870/31 1134/1019/21
f 1135/1017/21 1080/1016/21 250/1140/21
f 529/484/21 1135/1017/21 716/507/21
f 253/1139/21 1079/1015/21 1135/1017/21
f 1136/1014/21 447/1013/21 54/1142/21
f 1080/1016/21 1136/1014/21 526/198/21
f 365/1138/21 1078/1012/21 1136/1014/21
f 1137/1011/22 1077/1010/22 364/1143/22
f 715/196/22 1137/1011/22 1075/1006/22
f 55/1145/22 590/1009/22 1137/1011/22
f 1138/1008/22 1076/1007/22 246/1146/22
f 525/511/22 1138/1008/22 712/534/22
f 249/1144/22 1075/1006/22 1138/1008/22
f 1139/1005/22 424/1004/13 31/1148/13
f 1076/1007/22 1139/1005/22 522/189/22
f 364/1143/22 1074/1003/22 1139/1005/22
f 1140/1002/22 1073/1001/22 363/1149/22
f 711/187/22 1140/1002/22 1071/997/22
f 56/1151/22 591/1000/22 1140/1002/22
f 1141/999/22 1072/998/22 242/1152/22
f 521/538/22 1141/999/22 708/561/22
f 245/1150/22 1071/997/22 1141/999/22
f 1142/996/22 450/995/22 57/1154/22
f 1072/998/22 1142/996/22 518/180/22
f 363/1149/22 1070/994/22 1142/996/22
f 1143/993/22 1069/992/22 362/1155/22
f 707/178/22 1143/993/22 1067/988/22
f 46/1157/29 581/991/60 1143/993/22
f 1144/990/22 1068/989/22 238/1158/22
f 517/565/22 1144/990/22 704/588/22
f 241/1156/22 1067/988/22 1144/990/22
f 1145/987/22 451/986/22 58/1160/22
f 1068/989/22 1145/987/22 514/171/22
f 362/1155/22 1066/985/22 1145/987/22
f 1146/984/23 1065/983/23 361/1161/23
f 703/169/23 1146/984/23 1063/979/23
f 59/1163/23 594/982/23 1146/984/23
f 1147/981/23 1064/980/23 234/1164/23
f 513/592/23 1147/981/23 700/615/23
f 237/1162/23 1063/979/23 1147/981/23
f 1148/978/23 582/977/17 47/1166/17
f 1064/980/23 1148/978/23 510/162/23
f 361/1161/23 1062/976/23 1148/978/23
f 1149/975/23 1061/974/23 360/1167/23
f 699/160/23 1149/975/23 1059/970/23
f 60/1169/23 595/973/23 1149/975/23
f 1150/972/23 1060/971/23 230/1170/23
f 509/619/23 1150/972/23 696/642/23
f 233/1168/23 1059/970/23 1150/972/23
f 1151/969/23 454/968/23 61/1172/23
f 1060/971/23 1151/969/23 506/153/23
f 360/1167/23 1058/967/23 1151/969/23
f 1152/966/23 1057/965/23 359/1173/23
f 695/151/23 1152/966/23 1055/961/23
f 38/1175/20 431/964/20 1152/966/23
f 1153/963/23 1056/962/23 226/1176/23
f 505/646/23 1153/963/23 692/669/23
f 229/1174/23 1055/961/23 1153/963/23
f 1154/960/23 455/959/23 62/1178/23
f 1056/962/23 1154/960/23 502/144/23
f 359/1173/23 1054/958/23 1154/960/23
f 1155/957/24 1053/956/24 358/1179/24
f 691/142/24 1155/957/24 1051/952/24
f 63/1181/24 598/955/24 1155/957/24
f 1156/954/24 1052/953/24 222/1182/24
f 501/673/24 1156/954/24 688/696/24
f 225/1180/24 1051/952/24 1156/954/24
f 1157/951/24 425/950/14 32/1184/14
f 1052/953/24 1157/951/24 498/135/24
f 358/1179/24 1050/949/24 1157/951/24
f 1158/948/24 1049/947/24 357/1185/24
f 687/133/24 1158/948/24 1047/943/24
f 64/1187/24 599/946/24 1158/948/24
f 1159/945/24 1048/944/24 218/1188/24
f 497/700/24 1159/945/24 684/723/24
f 221/1186/24 1047/943/24 1159/945/24
f 1160/942/24 458/941/24 65/1190/24
f 1048/944/24 1160/942/24 494/126/24
f 357/1185/24 1046/940/24 1160/942/24
f 1161/939/24 1045/938/24 356/1191/24
f 683/124/24 1161/939/24 1043/934/24
f 48/1193/30 583/937/61 1161/939/24
f 1162/936/24 1044/935/24 214/1194/24
f 493/727/24 1162/936/24 680/750/24
f 217/1192/24 1043/934/24 1162/936/24
f 1163/933/24 459/932/24 66/1196/24
f 1044/935/24 1163/933/24 490/117/24
f 356/1191/24 1042/931/24 1163/933/24
f 1164/930/25 1041/929/25 355/1197/25
f 679/115/25 1164/930/25 1039/925/25
f 67/1199/25 602/928/25 1164/930/25
f 1165/927/25 1040/926/25 210/1200/25
f 489/754/25 1165/927/25 676/777/25
f 213/1198/25 1039/925/25 1165/927/25
f 1166/924/25 577/923/12 42/1202/12
f 1040/926/25 1166/924/25 486/108/25
f 355/1197/25 1038/922/25 1166/924/25
f 1167/921/25 1037/920/25 354/1203/25
f 675/106/25 1167/921/25 1035/916/25
f 68/1205/25 603/919/25 1167/921/25
f 1168/918/25 1036/917/25 206/1206/25
f 485/781/25 1168/918/25 672/804/25
f 209/1204/25 1035/916/25 1168/918/25
f 1169/915/25 462/914/25 69/1208/25
f 1036/917/25 1169/915/25 482/99/25
f 354/1203/25 1034/913/25 1169/915/25
f 1170/912/25 1033/911/25 353/1209/25
f 671/97/25 1170/912/25 1031/907/25
f 45/1211/15 580/910/15 1170/912/25
f 1171/909/25 1032/908/25 202/1212/25
f 481/808/25 1171/909/25 668/831/25
f 205/1210/25 1031/907/25 1171/909/25
f 1172/906/25 463/905/25 70/1214/25
f 1032/908/25 1172/906/25 478/90/25
f 353/1209/25 1030/904/25 1172/906/25
f 1173/903/26 1029/902/26 352/1215/26
f 667/88/26 1173/903/26 1027/898/26
f 71/1217/26 606/901/26 1173/903/26
f 1174/900/26 1028/899/26 199/1218/26
f 477/835/26 1174/900/26 664/846/26
f 201/1216/26 1027/898/26 1174/900/26
f 1175/897/26 580/896/15 45/1220/15
f 1028/899/26 1175/897/26 475/81/26
f 352/1215/26 1026/895/26 1175/897/26
f 1176/894/26 1025/893/26 351/1221/26
f 663/79/26 1176/894/26 1023/889/26
f 72/1223/26 607/892/26 1176/894/26
f 1177/891/26 1024/890/26 196/1224/26
f 474/850/26 1177/891/26 660/861/26
f 198/1222/26 1023/889/26 1177/891/26
f 1178/888/26 466/887/26 73/1226/26
f 1024/890/26 1178/888/26 472/72/26
f 351/1221/26 1022/886/26 1178/888/26
f 379/1/42 1497/1/102 1480/1227/98
f 561/1091/55 1386/1087/71 1542/1087/111
f 442/1228/52 1502/1228/108 1538/1229/122
f 657/878/26 1179/882/83 1021/881/77
f 471/884/54 1179/882/83 657/878/26
f 1012/1232/76 1187/1229/85 1538/1229/122
f 1180/1233/84 467/1250/53 74/1234/26
f 1021/881/77 1180/1233/84 468/67/26
f 571/1071/58 36/259/28 1482/259/100
f 1181/880/26 1020/879/26 350/1235/26
f 659/1236/26 1181/880/26 1018/875/26
f 1539/885/110 1504/884/110 1629/884/23
f 1182/877/26 1019/876/26 144/1238/26
f 470/865/26 1182/877/26 607/892/26
f 195/1237/26 1018/875/26 1182/877/26
f 1183/874/26 419/873/26 26/1239/26
f 1019/876/26 1183/874/26 418/64/26
f 350/1235/26 1017/872/26 1183/874/26
f 1184/1240/26 1016/1556/26 349/1241/26
f 584/1242/31 1184/1240/26 1014/867/26
f 75/1231/26 657/878/26 1620/878/26
f 1185/869/26 1015/868/26 191/1244/26
f 395/1245/19 1185/869/26 655/855/26
f 121/1243/19 1014/867/26 1185/869/26
f 1186/866/26 470/865/26 72/1223/26
f 1015/868/26 1186/866/26 465/78/26
f 349/1241/26 1013/864/26 1186/866/26
f 1112/1094/81 1110/1096/80 1529/1096/118
f 429/1085/48 1500/1085/99 1482/259/100
f 568/1247/56 1112/1094/81 1533/1094/118
f 658/71/26 1187/1229/85 1012/1232/76
f 442/1228/52 1187/1229/85 658/71/26
f 1385/1249/53 467/1250/53 1503/1250/109
f 469/1251/26 1188/885/86 471/884/54
f 1012/1232/76 1188/885/86 469/1251/26
f 48/1193/30 1483/1193/101 1508/937/113
f 76/1225/26 660/861/26 1189/863/87
f 1190/860/88 1010/859/74 1594/859/148
f 666/85/69 1582/85/145 1611/86/146
f 118/1252/35 1554/1252/131 1567/31/136
f 1010/859/74 1453/77/94 1613/77/154
f 1453/77/94 662/76/68 1581/76/144
f 3/1253/3 380/10/43 1565/10/135
f 1194/848/89 1605/848/151 1582/85/145
f 153/1254/37 617/381/63 1578/381/142
f 37/1255/19 661/858/26 1190/860/88
f 1005/847/73 1590/847/147 1605/848/151
f 392/31/45 1567/31/136 1549/1257/126
f 617/381/63 16/1257/16 1549/1257/126
f 1195/845/62 1608/845/152 1577/73/141
f 629/570/66 1580/570/143 1558/1258/134
f 1004/844/72 1586/844/146 1608/845/152
f 1191/857/26 1009/856/26 348/1259/26
f 620/1260/19 1191/857/26 1007/852/26
f 19/1246/19 655/855/26 1191/857/26
f 1192/854/26 1008/853/26 197/1262/26
f 430/1263/19 1192/854/26 661/858/26
f 156/1261/19 1007/852/26 1192/854/26
f 1193/851/26 474/850/26 76/1225/26
f 1008/853/26 1193/851/26 473/75/26
f 348/1259/26 1006/849/26 1193/851/26
f 427/240/47 153/1254/37 1556/1254/132
f 1/1264/1 1547/1264/124 1580/570/143
f 77/1219/26 664/846/26 1194/848/89
f 164/1265/25 628/813/65 1579/813/133
f 628/813/65 3/1253/3 1548/1253/125
f 165/1258/39 1558/1258/134 1571/177/134
f 438/96/49 164/1265/25 1557/1265/133
f 34/1116/27 427/240/47 1569/240/137
f 109/1045/34 572/1266/59 1575/1266/139
f 1451/83/93 1612/83/153 1590/847/147
f 439/177/50 1571/177/134 1551/1157/128
f 73/1226/26 665/843/26 1195/845/62
f 383/13/21 109/1045/34 1553/1045/130
f 438/82/49 1570/82/138 1612/83/153
f 1011/862/75 1454/74/95 1614/74/155
f 106/1267/32 569/1053/57 1574/1053/127
f 1454/74/95 608/73/62 1577/73/141
f 662/76/68 1189/863/87 1599/863/149
f 1196/842/26 1003/841/26 347/1268/26
f 656/65/26 1196/842/26 1001/837/26
f 26/1239/26 654/840/26 1196/842/26
f 1197/839/26 1002/838/26 200/1270/26
f 466/887/26 1197/839/26 665/843/26
f 192/1269/26 1001/837/26 1197/839/26
f 1198/836/26 477/835/26 77/1219/26
f 1002/838/26 1198/836/26 476/84/26
f 347/1268/26 1000/834/26 1198/836/26
f 1199/833/25 999/832/25 346/1271/25
f 670/94/25 1199/833/25 997/828/25
f 78/1213/25 668/831/25 1199/833/25
f 1200/830/25 998/829/25 140/1273/25
f 480/817/25 1200/830/25 603/919/25
f 204/1272/25 997/828/25 1200/830/25
f 1201/827/25 416/826/25 25/1274/25
f 998/829/25 1201/827/25 414/55/25
f 346/1271/25 996/825/25 1201/827/25
f 1202/824/25 995/823/25 345/1275/25
f 578/235/13 1202/824/25 993/819/25
f 43/1119/13 669/822/25 1202/824/25
f 1203/821/25 994/820/25 187/1277/25
f 389/394/13 1203/821/25 651/786/25
f 115/1276/13 993/819/25 1203/821/25
f 1204/818/25 480/817/25 68/1205/25
f 994/820/25 1204/818/25 461/105/25
f 345/1275/25 992/816/25 1204/818/25
f 1205/815/25 991/814/25 344/1279/25
f 626/11/13 1205/815/25 989/810/25
f 3/1253/3 628/813/65 1205/815/25
f 1206/812/25 990/811/25 203/1281/25
f 436/1048/13 1206/812/25 669/822/25
f 162/1280/13 989/810/25 1206/812/25
f 1207/809/25 481/808/25 78/1213/25
f 990/811/25 1207/809/25 479/93/25
f 344/1279/25 988/807/25 1207/809/25
f 1208/806/25 987/805/25 343/1282/25
f 674/103/25 1208/806/25 985/801/25
f 79/1207/25 672/804/25 1208/806/25
f 1209/803/25 986/802/25 154/1284/17
f 484/790/25 1209/803/25 428/1285/17
f 208/1283/25 985/801/25 1209/803/25
f 1210/800/25 415/799/25 17/1287/17
f 986/802/25 1210/800/25 618/1288/17
f 343/1282/25 984/798/25 1210/800/25
f 1211/797/25 983/796/25 342/1289/25
f 566/190/13 1211/797/25 981/792/25
f 31/1148/13 673/795/25 1211/797/25
f 1212/794/25 982/793/25 107/1291/17
f 377/529/13 1212/794/25 381/1292/17
f 103/1290/13 981/792/25 1212/794/25
f 1213/791/25 484/790/25 35/1286/17
f 982/793/25 1213/791/25 570/1294/17
f 342/1289/25 980/789/25 1213/791/25
f 1214/788/25 979/787/25 341/1295/25
f 614/26/13 1214/788/25 977/783/25
f 13/1278/13 651/786/25 1214/788/25
f 1215/785/25 978/784/25 207/1297/25
f 424/1004/13 1215/785/25 673/795/25
f 150/1296/13 977/783/25 1215/785/25
f 1216/782/25 485/781/25 79/1207/25
f 978/784/25 1216/782/25 483/102/25
f 341/1295/25 976/780/25 1216/782/25
f 1217/779/25 975/778/25 340/1298/25
f 678/112/25 1217/779/25 973/774/25
f 80/1201/25 676/777/25 1217/779/25
f 1218/776/25 974/775/25 166/1300/17
f 488/763/25 1218/776/25 440/1301/17
f 212/1299/25 973/774/25 1218/776/25
f 1219/773/25 625/772/12 8/1303/8
f 974/775/25 1219/773/25 630/1304/17
f 340/1298/25 972/771/25 1219/773/25
f 1220/770/25 971/769/25 339/1305/25
f 604/100/25 1220/770/25 969/765/25
f 69/1208/25 677/768/25 1220/770/25
f 1221/767/25 970/766/25 119/1307/17
f 415/799/25 1221/767/25 393/1308/17
f 141/1306/25 969/765/25 1221/767/25
f 1222/764/25 488/763/25 47/1302/17
f 970/766/25 1222/764/25 582/1309/17
f 339/1305/25 968/762/25 1222/764/25
f 1223/761/25 967/760/25 338/1310/25
f 652/56/25 1223/761/25 965/756/25
f 25/1274/25 650/759/25 1223/761/25
f 1224/758/25 966/757/25 211/1312/25
f 462/914/25 1224/758/25 677/768/25
f 188/1311/25 965/756/25 1224/758/25
f 1225/755/25 489/754/25 80/1201/25
f 966/757/25 1225/755/25 487/111/25
f 338/1310/25 964/753/25 1225/755/25
f 1226/752/24 963/751/24 337/1313/24
f 682/121/24 1226/752/24 961/747/24
f 81/1195/24 680/750/24 1226/752/24
f 1227/749/24 962/748/24 136/1315/24
f 492/736/24 1227/749/24 599/946/24
f 216/1314/24 961/747/24 1227/749/24
f 1228/746/24 412/745/24 24/1316/24
f 962/748/24 1228/746/24 410/46/24
f 337/1313/24 960/744/24 1228/746/24
f 1229/743/24 959/742/24 336/1317/24
f 423/1318/12 1229/743/24 957/738/24
f 30/1320/12 681/741/24 1229/743/24
f 1230/740/24 958/739/24 183/1321/24
f 613/1322/12 1230/740/24 647/705/24
f 149/1319/12 957/738/24 1230/740/24
f 1231/737/24 492/736/24 64/1187/24
f 958/739/24 1231/737/24 457/132/24
f 336/1317/24 956/735/24 1231/737/24
f 1232/734/24 955/733/24 335/1324/24
f 376/1325/12 1232/734/24 953/729/24
f 7/1327/7 631/732/67 1232/734/24
f 1233/731/24 954/730/24 215/1328/24
f 565/1329/12 1233/731/24 681/741/24
f 102/1326/12 953/729/24 1233/731/24
f 1234/728/24 493/727/24 81/1195/24
f 954/730/24 1234/728/24 491/120/24
f 335/1324/24 952/726/24 1234/728/24
f 1235/725/24 951/724/24 334/1330/24
f 686/130/24 1235/725/24 949/720/24
f 82/1189/24 684/723/24 1235/725/24
f 1236/722/24 950/721/24 146/1332/9
f 496/709/24 1236/722/24 420/1333/9
f 220/1331/24 949/720/24 1236/722/24
f 1237/719/24 411/718/24 9/1335/9
f 950/721/24 1237/719/24 610/1336/9
f 334/1330/24 948/717/24 1237/719/24
f 1238/716/24 947/715/24 333/1337/24
f 435/1338/12 1238/716/24 945/711/24
f 42/1340/12 685/714/24 1238/716/24
f 1239/713/24 946/712/24 99/1341/9
f 625/1343/12 1239/713/24 373/1342/9
f 161/1339/12 945/711/24 1239/713/24
f 1240/710/24 496/709/24 27/1334/9
f 946/712/24 1240/710/24 562/1345/9
f 333/1337/24 944/708/24 1240/710/24
f 1241/707/24 943/706/24 332/1346/24
f 388/1347/12 1241/707/24 941/702/24
f 12/1323/12 647/705/24 1241/707/24
f 1242/704/24 942/703/24 219/1349/24
f 577/1350/12 1242/704/24 685/714/24
f 114/1348/12 941/702/24 1242/704/24
f 1243/701/24 497/700/24 82/1189/24
f 942/703/24 1243/701/24 495/129/24
f 332/1346/24 940/699/24 1243/701/24
f 1244/698/24 939/697/24 331/1351/24
f 690/139/24 1244/698/24 937/693/24
f 83/1183/24 688/696/24 1244/698/24
f 1245/695/24 938/694/24 158/1353/9
f 500/682/24 1245/695/24 432/1354/9
f 224/1352/24 937/693/24 1245/695/24
f 1246/692/24 378/691/14 6/1356/6
f 938/694/24 1246/692/24 622/1357/9
f 331/1351/24 936/690/24 1246/692/24
f 1247/689/24 935/688/24 330/1358/24
f 600/127/24 1247/689/24 933/684/24
f 65/1190/24 689/687/24 1247/689/24
f 1248/686/24 934/685/24 111/1360/9
f 411/718/24 1248/686/24 385/1361/9
f 137/1359/24 933/684/24 1248/686/24
f 1249/683/24 500/682/24 39/1355/9
f 934/685/24 1249/683/24 574/1362/9
f 330/1358/24 932/681/24 1249/683/24
f 1250/680/24 931/679/24 329/1363/24
f 648/47/24 1250/680/24 929/675/24
f 24/1316/24 646/678/24 1250/680/24
f 1251/677/24 930/676/24 223/1365/24
f 458/941/24 1251/677/24 689/687/24
f 184/1364/24 929/675/24 1251/677/24
f 1252/674/24 501/673/24 83/1183/24
f 930/676/24 1252/674/24 499/138/24
f 329/1363/24 928/672/24 1252/674/24
f 1253/671/23 927/670/23 328/1366/23
f 694/148/23 1253/671/23 925/666/23
f 84/1177/23 692/669/23 1253/671/23
f 1254/668/23 926/667/23 132/1368/23
f 504/655/23 1254/668/23 595/973/23
f 228/1367/23 925/666/23 1254/668/23
f 1255/665/23 408/664/23 23/1369/23
f 926/667/23 1255/665/23 406/37/23
f 328/1366/23 924/663/23 1255/665/23
f 1256/662/23 923/661/23 327/1370/23
f 575/1371/10 1256/662/23 921/657/23
f 40/1373/10 693/660/23 1256/662/23
f 1257/659/23 922/658/23 179/1374/23
f 386/1375/10 1257/659/23 643/624/23
f 112/1372/10 921/657/23 1257/659/23
f 1258/656/23 504/655/23 60/1169/23
f 922/658/23 1258/656/23 453/159/23
f 327/1370/23 920/654/23 1258/656/23
f 1259/653/23 919/652/23 326/1377/23
f 623/1378/10 1259/653/23 917/648/23
f 2/1380/2 384/651/20 1259/653/23
f 1260/650/23 918/649/23 227/1381/23
f 433/1382/10 1260/650/23 693/660/23
f 159/1379/10 917/648/23 1260/650/23
f 1261/647/23 505/646/23 84/1177/23
f 918/649/23 1261/647/23 503/147/23
f 326/1377/23 916/645/23 1261/647/23
f 1262/644/23 915/643/23 325/1383/23
f 698/157/23 1262/644/23 913/639/23
f 85/1171/23 696/642/23 1262/644/23
f 1263/641/23 914/640/23 111/1385/9
f 508/628/23 1263/641/23 574/1386/9
f 232/1384/23 913/639/23 1263/641/23
f 1264/638/23 407/637/23 9/1388/9
f 914/640/23 1264/638/23 385/1389/9
f 325/1383/23 912/636/23 1264/638/23
f 1265/635/23 911/634/23 324/1390/23
f 563/1391/10 1265/635/23 909/630/23
f 28/1393/10 697/633/23 1265/635/23
f 1266/632/23 910/631/23 158/1394/9
f 374/1396/10 1266/632/23 622/1395/9
f 100/1392/10 909/630/23 1266/632/23
f 1267/629/23 508/628/23 39/1387/9
f 910/631/23 1267/629/23 432/1398/9
f 324/1390/23 908/627/23 1267/629/23
f 1268/626/23 907/625/23 323/1399/23
f 611/1400/10 1268/626/23 905/621/23
f 10/1376/10 643/624/23 1268/626/23
f 1269/623/23 906/622/23 231/1402/23
f 421/1403/10 1269/623/23 697/633/23
f 147/1401/10 905/621/23 1269/623/23
f 1270/620/23 509/619/23 85/1171/23
f 906/622/23 1270/620/23 507/156/23
f 323/1399/23 904/618/23 1270/620/23
f 1271/617/23 903/616/23 322/1404/23
f 702/166/23 1271/617/23 901/612/23
f 86/1165/23 700/615/23 1271/617/23
f 1272/614/23 902/613/23 99/1406/9
f 512/601/23 1272/614/23 562/1407/9
f 236/1405/23 901/612/23 1272/614/23
f 1273/611/23 630/610/17 8/1409/8
f 902/613/23 1273/611/23 373/1410/9
f 322/1404/23 900/609/23 1273/611/23
f 1274/608/23 899/607/23 321/1411/23
f 596/154/23 1274/608/23 897/603/23
f 61/1172/23 701/606/23 1274/608/23
f 1275/605/23 898/604/23 146/1413/9
f 407/637/23 1275/605/23 610/1414/9
f 133/1412/23 897/603/23 1275/605/23
f 1276/602/23 512/601/23 27/1408/9
f 898/604/23 1276/602/23 420/1415/9
f 321/1411/23 896/600/23 1276/602/23
f 1277/599/23 895/598/23 320/1416/23
f 644/38/23 1277/599/23 893/594/23
f 23/1369/23 642/597/23 1277/599/23
f 1278/596/23 894/595/23 235/1418/23
f 454/968/23 1278/596/23 701/606/23
f 180/1417/23 893/594/23 1278/596/23
f 1279/593/23 513/592/23 86/1165/23
f 894/595/23 1279/593/23 511/165/23
f 320/1416/23 892/591/23 1279/593/23
f 1280/590/22 891/589/22 319/1419/22
f 706/175/22 1280/590/22 889/585/22
f 87/1159/22 704/588/22 1280/590/22
f 1281/587/22 890/586/22 128/1421/22
f 516/574/22 1281/587/22 591/1000/22
f 240/1420/22 889/585/22 1281/587/22
f 1282/584/22 404/583/22 22/1422/22
f 890/586/22 1282/584/22 402/28/22
f 319/1419/22 888/582/22 1282/584/22
f 1283/581/22 887/580/22 318/1423/22
f 576/226/11 1283/581/22 885/576/22
f 41/1125/11 705/579/22 1283/581/22
f 1284/578/22 886/577/22 175/1425/22
f 387/421/11 1284/578/22 639/543/22
f 113/1424/11 885/576/22 1284/578/22
f 1285/575/22 516/574/22 56/1151/22
f 886/577/22 1285/575/22 449/186/22
f 318/1423/22 884/573/22 1285/575/22
f 1286/572/22 883/571/22 317/1427/22
f 624/14/11 1286/572/22 881/567/22
f 1/1264/1 629/570/66 1286/572/22
f 1287/569/22 882/568/22 239/1429/22
f 434/1039/11 1287/569/22 705/579/22
f 160/1428/11 881/567/22 1287/569/22
f 1288/566/22 517/565/22 87/1159/22
f 882/568/22 1288/566/22 515/174/22
f 317/1427/22 880/564/22 1288/566/22
f 1289/563/22 879/562/22 316/1430/22
f 710/184/22 1289/563/22 877/558/22
f 88/1153/22 708/561/22 1289/563/22
f 1290/560/22 878/559/22 157/1432/20
f 520/547/22 1290/560/22 431/964/20
f 244/1431/22 877/558/22 1290/560/22
f 1291/557/22 403/556/22 20/1433/20
f 878/559/22 1291/557/22 621/40/20
f 316/1430/22 876/555/22 1291/557/22
f 1292/554/22 875/553/22 315/1434/22
f 564/217/11 1292/554/22 873/549/22
f 29/1131/11 709/552/22 1292/554/22
f 1293/551/22 874/550/22 110/1436/20
f 375/448/11 1293/551/22 384/651/20
f 101/1435/11 873/549/22 1293/551/22
f 1294/548/22 520/547/22 38/1175/20
f 874/550/22 1294/548/22 573/150/20
f 315/1434/22 872/546/22 1294/548/22
f 1295/545/22 871/544/22 314/1437/22
f 612/17/11 1295/545/22 869/540/22
f 11/1426/11 639/543/22 1295/545/22
f 1296/542/22 870/541/22 243/1439/22
f 422/1030/11 1296/542/22 709/552/22
f 148/1438/11 869/540/22 1296/542/22
f 1297/539/22 521/538/22 88/1153/22
f 870/541/22 1297/539/22 519/183/22
f 314/1437/22 868/537/22 1297/539/22
f 1298/536/22 867/535/22 313/1440/22
f 714/193/22 1298/536/22 865/531/22
f 89/1147/22 712/534/22 1298/536/22
f 1299/533/22 866/532/22 169/1442/20
f 524/520/22 1299/533/22 443/1062/20
f 248/1441/22 865/531/22 1299/533/22
f 1300/530/22 377/529/13 4/1293/4
f 866/532/22 1300/530/22 633/7/20
f 313/1440/22 864/528/22 1300/530/22
f 1301/527/22 863/526/22 312/1443/22
f 592/181/22 1301/527/22 861/522/22
f 57/1154/22 713/525/22 1301/527/22
f 1302/524/22 862/523/22 122/1445/20
f 403/556/22 1302/524/22 396/354/20
f 129/1444/22 861/522/22 1302/524/22
f 1303/521/22 524/520/22 50/1110/20
f 862/523/22 1303/521/22 585/249/20
f 312/1443/22 860/519/22 1303/521/22
f 1304/518/22 859/517/22 311/1446/22
f 640/29/22 1304/518/22 857/513/22
f 22/1422/22 638/516/22 1304/518/22
f 1305/515/22 858/514/22 247/1448/22
f 450/995/22 1305/515/22 713/525/22
f 176/1447/22 857/513/22 1305/515/22
f 1306/512/22 525/511/22 89/1147/22
f 858/514/22 1306/512/22 523/192/22
f 311/1446/22 856/510/22 1306/512/22
f 1307/509/21 855/508/21 310/1449/21
f 718/202/21 1307/509/21 853/504/21
f 90/1141/21 716/507/21 1307/509/21
f 1308/506/21 854/505/21 124/1451/21
f 528/493/21 1308/506/21 587/1026/21
f 252/1450/21 853/504/21 1308/506/21
f 1309/503/21 400/502/21 21/1452/21
f 854/505/21 1309/503/21 398/19/21
f 310/1449/21 852/501/21 1309/503/21
f 1310/500/21 851/499/21 309/1453/21
f 579/253/14 1310/500/21 849/495/21
f 44/1107/14 717/498/21 1310/500/21
f 1311/497/21 850/496/21 171/1455/21
f 390/340/14 1311/497/21 635/462/21
f 116/1454/14 849/495/21 1311/497/21
f 1312/494/21 528/493/21 52/1134/21
f 850/496/21 1312/494/21 445/213/21
f 309/1453/21 848/492/21 1312/494/21
f 1313/491/21 847/490/21 308/1457/21
f 627/5/14 1313/491/21 845/486/21
f 5/883/5 632/489/21 1313/491/21
f 1314/488/21 846/487/21 251/1459/21
f 437/1066/14 1314/488/21 717/498/21
f 163/1458/14 845/486/21 1314/488/21
f 1315/485/21 529/484/21 90/1141/21
f 846/487/21 1315/485/21 527/201/21
f 308/1457/21 844/483/21 1315/485/21
f 1316/482/21 843/481/21 307/1460/21
f 722/211/21 1316/482/21 841/477/21
f 91/1136/21 720/480/21 1316/482/21
f 1317/479/21 842/478/21 147/1462/10
f 532/466/21 1317/479/21 421/1463/10
f 256/1461/21 841/477/21 1317/479/21
f 1318/476/21 399/475/21 10/1465/10
f 842/478/21 1318/476/21 611/1466/10
f 307/1460/21 840/474/21 1318/476/21
f 1319/473/21 839/472/21 306/1467/21
f 567/136/14 1319/473/21 837/468/21
f 32/1184/14 721/471/21 1319/473/21
f 1320/470/21 838/469/21 100/1469/10
f 378/691/14 1320/470/21 374/1470/10
f 104/1468/14 837/468/21 1320/470/21
f 1321/467/21 532/466/21 28/1464/10
f 838/469/21 1321/467/21 563/1471/10
f 306/1467/21 836/465/21 1321/467/21
f 1322/464/21 835/463/21 305/1472/21
f 615/44/14 1322/464/21 833/459/21
f 14/1456/14 635/462/21 1322/464/21
f 1323/461/21 834/460/21 255/1474/21
f 425/950/14 1323/461/21 721/471/21
f 151/1473/14 833/459/21 1323/461/21
f 1324/458/21 533/457/21 91/1136/21
f 834/460/21 1324/458/21 531/210/21
f 305/1472/21 832/456/21 1324/458/21
f 1325/455/21 831/454/21 304/1475/21
f 726/220/21 1325/455/21 829/450/21
f 92/1130/21 724/453/21 1325/455/21
f 1326/452/21 830/451/21 159/1477/10
f 536/439/21 1326/452/21 433/1478/10
f 260/1476/21 829/450/21 1326/452/21
f 1327/449/21 375/448/11 2/1380/2
f 830/451/21 1327/449/21 623/1480/10
f 304/1475/21 828/447/21 1327/449/21
f 1328/446/21 827/445/21 303/1481/21
f 588/208/21 1328/446/21 825/441/21
f 53/1137/21 725/444/21 1328/446/21
f 1329/443/21 826/442/21 112/1483/10
f 399/475/21 1329/443/21 386/1484/10
f 125/1482/21 825/441/21 1329/443/21
f 1330/440/21 536/439/21 40/1479/10
f 826/442/21 1330/440/21 575/1485/10
f 303/1481/21 824/438/21 1330/440/21
f 1331/437/21 823/436/21 302/1486/21
f 636/20/21 1331/437/21 821/432/21
f 21/1452/21 634/435/21 1331/437/21
f 1332/434/21 822/433/21 259/1488/21
f 446/1021/21 1332/434/21 725/444/21
f 172/1487/21 821/432/21 1332/434/21
f 1333/431/21 537/430/21 92/1130/21
f 822/433/21 1333/431/21 535/219/21
f 302/1486/21 820/429/21 1333/431/21
f 1334/428/21 819/427/21 301/1489/21
f 730/229/21 1334/428/21 817/423/21
f 93/1124/21 728/426/21 1334/428/21
f 1335/425/21 818/424/21 123/1491/21
f 540/412/21 1335/425/21 586/1035/21
f 264/1490/21 817/423/21 1335/425/21
f 1336/422/21 387/421/11 11/1426/11
f 818/424/21 1336/422/21 397/16/21
f 301/1489/21 816/420/21 1336/422/21
f 1337/419/21 815/418/21 300/1492/21
f 589/199/21 1337/419/21 813/414/21
f 54/1142/21 729/417/21 1337/419/21
f 1338/416/21 814/415/21 170/1494/21
f 400/502/21 1338/416/21 634/435/21
f 126/1493/21 813/414/21 1338/416/21
f 1339/413/21 540/412/21 51/1128/21
f 814/415/21 1339/413/21 444/222/21
f 300/1492/21 812/411/21 1339/413/21
f 1340/410/21 811/409/21 299/1495/21
f 637/23/21 1340/410/21 809/405/21
f 19/1497/19 620/408/19 1340/410/21
f 1341/407/21 810/406/21 263/1498/21
f 447/1013/21 1341/407/21 729/417/21
f 173/1496/21 809/405/21 1341/407/21
f 1342/404/21 541/403/21 93/1124/21
f 810/406/21 1342/404/21 539/228/21
f 299/1495/21 808/402/21 1342/404/21
f 1343/401/22 807/400/22 298/1499/22
f 734/238/22 1343/401/22 805/396/22
f 94/1118/22 732/399/22 1343/401/22
f 1344/398/22 806/397/22 127/1501/22
f 544/385/22 1344/398/22 590/1009/22
f 268/1500/22 805/396/22 1344/398/22
f 1345/395/22 389/394/13 13/1278/13
f 806/397/22 1345/395/22 401/25/22
f 298/1499/22 804/393/22 1345/395/22
f 1346/392/22 803/391/22 297/1502/22
f 593/172/22 1346/392/22 801/387/22
f 58/1160/22 733/390/22 1346/392/22
f 1347/389/22 802/388/22 174/1504/22
f 404/583/22 1347/389/22 638/516/22
f 130/1503/22 801/387/22 1347/389/22
f 1348/386/22 544/385/22 55/1145/22
f 802/388/22 1348/386/22 448/195/22
f 297/1502/22 800/384/22 1348/386/22
f 1349/383/22 799/382/22 296/1505/22
f 641/32/22 1349/383/22 797/378/22
f 16/1257/16 617/381/63 1349/383/22
f 1350/380/22 798/379/22 267/1507/22
f 451/986/22 1350/380/22 733/390/22
f 177/1506/22 797/378/22 1350/380/22
f 1351/377/22 545/376/22 94/1118/22
f 798/379/22 1351/377/22 543/237/22
f 296/1505/22 796/375/22 1351/377/22
f 1352/374/23 795/373/23 295/1508/23
f 738/247/23 1352/374/23 793/369/23
f 95/1112/23 736/372/23 1352/374/23
f 1353/371/23 794/370/23 131/1510/23
f 548/358/23 1353/371/23 594/982/23
f 272/1509/23 793/369/23 1353/371/23
f 1354/368/23 618/367/17 17/1511/17
f 794/370/23 1354/368/23 405/34/23
f 295/1508/23 792/366/23 1354/368/23
f 1355/365/23 791/364/23 294/1512/23
f 597/145/23 1355/365/23 789/360/23
f 62/1178/23 737/363/23 1355/365/23
f 1356/362/23 790/361/23 178/1514/23
f 408/664/23 1356/362/23 642/597/23
f 134/1513/23 789/360/23 1356/362/23
f 1357/359/23 548/358/23 59/1163/23
f 790/361/23 1357/359/23 452/168/23
f 294/1512/23 788/357/23 1357/359/23
f 1358/356/23 787/355/23 293/1515/23
f 645/41/23 1358/356/23 785/351/23
f 20/1433/20 396/354/20 1358/356/23
f 1359/353/23 786/352/23 271/1517/23
f 455/959/23 1359/353/23 737/363/23
f 181/1516/23 785/351/23 1359/353/23
f 1360/350/23 549/349/23 95/1112/23
f 786/352/23 1360/350/23 547/246/23
f 293/1515/23 784/348/23 1360/350/23
f 1361/347/24 783/346/24 292/1518/24
f 742/256/24 1361/347/24 781/342/24
f 96/1106/24 740/345/24 1361/347/24
f 1362/344/24 782/343/24 135/1520/24
f 552/331/24 1362/344/24 598/955/24
f 276/1519/24 781/342/24 1362/344/24
f 1363/341/24 390/340/14 14/1456/14
f 782/343/24 1363/341/24 409/43/24
f 292/1518/24 780/339/24 1363/341/24
f 1364/338/24 779/337/24 291/1521/24
f 601/118/24 1364/338/24 777/333/24
f 66/1196/24 741/336/24 1364/338/24
f 1365/335/24 778/334/24 182/1523/24
f 412/745/24 1365/335/24 646/678/24
f 138/1522/24 777/333/24 1365/335/24
f 1366/332/24 552/331/24 63/1181/24
f 778/334/24 1366/332/24 456/141/24
f 291/1521/24 776/330/24 1366/332/24
f 1367/327/90 775/329/24 290/1524/24
f 649/51/24 1367/327/90 773/324/24
f 18/50/18 619/1083/64 1367/327/90
f 1368/326/24 774/325/24 275/1526/24
f 459/932/24 1368/326/24 741/336/24
f 185/1525/24 773/324/24 1368/326/24
f 1369/323/24 553/322/24 96/1106/24
f 774/325/24 1369/323/24 551/255/24
f 290/1524/24 772/321/24 1369/323/24
f 1370/320/25 771/319/25 289/1527/25
f 746/265/25 1370/320/25 769/315/25
f 97/1101/25 744/318/25 1370/320/25
f 1371/317/25 770/316/25 139/1529/25
f 556/304/25 1371/317/25 602/928/25
f 280/1528/25 769/315/25 1371/317/25
f 1372/314/25 613/313/12 12/1530/12
f 770/316/25 1372/314/25 413/52/25
f 289/1527/25 768/312/25 1372/314/25
f 1373/311/25 767/310/25 288/1531/25
f 605/91/25 1373/311/25 765/306/25
f 70/1214/25 745/309/25 1373/311/25
f 1374/308/25 766/307/25 186/1533/25
f 416/826/25 1374/308/25 650/759/25
f 142/1532/25 765/306/25 1374/308/25
f 1375/305/25 556/304/25 67/1199/25
f 766/307/25 1375/305/25 460/114/25
f 288/1531/25 764/303/25 1375/305/25
f 1376/302/25 763/301/25 287/1534/25
f 653/59/25 1376/302/25 761/297/25
f 15/1536/15 616/300/15 1376/302/25
f 1377/299/25 762/298/25 279/1537/25
f 463/905/25 1377/299/25 745/309/25
f 189/1535/25 761/297/25 1377/299/25
f 1378/296/25 557/295/25 97/1101/25
f 762/298/25 1378/296/25 555/264/25
f 287/1534/25 760/294/25 1378/296/25
f 1379/293/26 759/292/26 286/1538/26
f 750/274/26 1379/293/26 757/288/26
f 98/1092/26 748/291/26 1379/293/26
f 1380/290/26 758/289/26 143/1540/26
f 560/277/26 1380/290/26 606/901/26
f 284/1539/26 757/288/26 1380/290/26
f 1381/287/26 616/286/15 15/1541/15
f 758/289/26 1381/287/26 417/61/26
f 286/1538/26 756/285/26 1381/287/26
f 1382/284/26 755/283/26 285/1542/26
f 609/68/26 1382/284/26 753/279/26
f 74/1234/26 749/282/26 1382/284/26
f 1383/281/26 754/280/26 190/1544/26
f 419/873/26 1383/281/26 654/840/26
f 145/1543/26 753/279/26 1383/281/26
f 1384/278/26 560/277/26 71/1217/26
f 754/280/26 1384/278/26 464/87/26
f 285/1542/26 752/276/26 1384/278/26
f 441/123/51 1501/123/101 1483/1193/101
f 751/1088/71 1385/1249/53 1541/1249/123
f 1021/881/77 1525/881/117 1536/1233/121
f 1385/1249/53 751/1088/71 283/1545/26
f 467/1250/53 1385/1249/53 749/282/26
f 108/1546/33 571/1071/58 1507/1071/103
f 1386/1087/71 561/1091/55 98/1092/26
f 751/1088/71 1386/1087/71 559/273/26
f 1111/1089/80 561/1091/55 1505/1091/111
f 382/4/44 108/1546/33 1485/1546/103
f 1180/1233/84 1536/1233/121 1503/1250/109
f 1110/1096/80 1111/1089/80 1532/1089/119
f 1387/275/26 750/274/26 284/1539/26
f 755/283/26 1387/275/26 752/276/26
f 283/1545/26 559/273/26 1387/275/26
f 1388/272/26 426/271/15 152/1547/15
f 759/292/26 1388/272/26 756/285/26
f 282/1090/26 558/270/26 1388/272/26
f 1389/269/25 747/268/25 281/1098/25
f 763/301/25 1389/269/25 760/294/25
f 152/1548/15 426/267/15 1389/269/25
f 1390/266/25 746/265/25 280/1528/25
f 767/310/25 1390/266/25 764/303/25
f 279/1537/25 555/264/25 1390/266/25
f 1391/263/25 423/262/12 149/1549/12
f 771/319/25 1391/263/25 768/312/25
f 278/1100/25 554/261/25 1391/263/25
f 1392/258/91 743/260/24 277/1104/24
f 775/329/24 1392/258/91 772/321/24
f 155/328/38 429/1085/48 1392/258/91
f 1393/257/24 742/256/24 276/1519/24
f 779/337/24 1393/257/24 776/330/24
f 275/1526/24 551/255/24 1393/257/24
f 1394/254/24 579/253/14 116/1454/14
f 783/346/24 1394/254/24 780/339/24
f 274/1105/24 550/252/24 1394/254/24
f 1395/251/23 739/250/23 273/1109/23
f 787/355/23 1395/251/23 784/348/23
f 122/1445/20 585/249/20 1395/251/23
f 1396/248/23 738/247/23 272/1509/23
f 791/364/23 1396/248/23 788/357/23
f 271/1517/23 547/246/23 1396/248/23
f 1397/245/23 428/244/17 154/1550/17
f 795/373/23 1397/245/23 792/366/23
f 270/1111/23 546/243/23 1397/245/23
f 1398/242/22 735/241/22 269/1115/22
f 799/382/22 1398/242/22 796/375/22
f 153/1254/37 427/240/47 1398/242/22
f 1399/239/22 734/238/22 268/1500/22
f 803/391/22 1399/239/22 800/384/22
f 267/1507/22 543/237/22 1399/239/22
f 1400/236/22 578/235/13 115/1276/13
f 807/400/22 1400/236/22 804/393/22
f 266/1117/22 542/234/22 1400/236/22
f 1401/233/21 731/232/70 265/1121/21
f 811/409/21 1401/233/21 808/402/21
f 156/1551/19 430/231/19 1401/233/21
f 1402/230/21 730/229/21 264/1490/21
f 815/418/21 1402/230/21 812/411/21
f 263/1498/21 539/228/21 1402/230/21
f 1403/227/21 576/226/11 113/1424/11
f 819/427/21 1403/227/21 816/420/21
f 262/1123/21 538/225/21 1403/227/21
f 1404/224/21 727/223/21 261/1127/21
f 823/436/21 1404/224/21 820/429/21
f 170/1494/21 444/222/21 1404/224/21
f 1405/221/21 726/220/21 260/1476/21
f 827/445/21 1405/221/21 824/438/21
f 259/1488/21 535/219/21 1405/221/21
f 1406/218/21 564/217/11 101/1435/11
f 831/454/21 1406/218/21 828/447/21
f 258/1129/21 534/216/21 1406/218/21
f 1407/215/21 723/214/21 257/1133/21
f 835/463/21 1407/215/21 832/456/21
f 171/1455/21 445/213/21 1407/215/21
f 1408/212/21 722/211/21 256/1461/21
f 839/472/21 1408/212/21 836/465/21
f 255/1474/21 531/210/21 1408/212/21
f 1409/209/21 588/208/21 125/1482/21
f 843/481/21 1409/209/21 840/474/21
f 254/1135/21 530/207/21 1409/209/21
f 1410/206/21 719/205/21 253/1139/21
f 847/490/21 1410/206/21 844/483/21
f 168/1086/41 442/204/52 1410/206/21
f 1411/203/21 718/202/21 252/1450/21
f 851/499/21 1411/203/21 848/492/21
f 251/1459/21 527/201/21 1411/203/21
f 1412/200/21 589/199/21 126/1493/21
f 855/508/21 1412/200/21 852/501/21
f 250/1140/21 526/198/21 1412/200/21
f 1413/197/22 715/196/22 249/1144/22
f 859/517/22 1413/197/22 856/510/22
f 174/1504/22 448/195/22 1413/197/22
f 1414/194/22 714/193/22 248/1441/22
f 863/526/22 1414/194/22 860/519/22
f 247/1448/22 523/192/22 1414/194/22
f 1415/191/22 566/190/13 103/1290/13
f 867/535/22 1415/191/22 864/528/22
f 246/1146/22 522/189/22 1415/191/22
f 1416/188/22 711/187/22 245/1150/22
f 871/544/22 1416/188/22 868/537/22
f 175/1425/22 449/186/22 1416/188/22
f 1417/185/22 710/184/22 244/1431/22
f 875/553/22 1417/185/22 872/546/22
f 243/1439/22 519/183/22 1417/185/22
f 1418/182/22 592/181/22 129/1444/22
f 879/562/22 1418/182/22 876/555/22
f 242/1152/22 518/180/22 1418/182/22
f 1419/179/22 707/178/22 241/1156/22
f 883/571/22 1419/179/22 880/564/22
f 165/1258/39 439/177/50 1419/179/22
f 1420/176/22 706/175/22 240/1420/22
f 887/580/22 1420/176/22 884/573/22
f 239/1429/22 515/174/22 1420/176/22
f 1421/173/22 593/172/22 130/1503/22
f 891/589/22 1421/173/22 888/582/22
f 238/1158/22 514/171/22 1421/173/22
f 1422/170/23 703/169/23 237/1162/23
f 895/598/23 1422/170/23 892/591/23
f 178/1514/23 452/168/23 1422/170/23
f 1423/167/23 702/166/23 236/1405/23
f 899/607/23 1423/167/23 896/600/23
f 235/1418/23 511/165/23 1423/167/23
f 1424/164/23 440/163/17 166/1552/17
f 903/616/23 1424/164/23 900/609/23
f 234/1164/23 510/162/23 1424/164/23
f 1425/161/23 699/160/23 233/1168/23
f 907/625/23 1425/161/23 904/618/23
f 179/1374/23 453/159/23 1425/161/23
f 1426/158/23 698/157/23 232/1384/23
f 911/634/23 1426/158/23 908/627/23
f 231/1402/23 507/156/23 1426/158/23
f 1427/155/23 596/154/23 133/1412/23
f 915/643/23 1427/155/23 912/636/23
f 230/1170/23 506/153/23 1427/155/23
f 1428/152/23 695/151/23 229/1174/23
f 919/652/23 1428/152/23 916/645/23
f 110/1436/20 573/150/20 1428/152/23
f 1429/149/23 694/148/23 228/1367/23
f 923/661/23 1429/149/23 920/654/23
f 227/1381/23 503/147/23 1429/149/23
f 1430/146/23 597/145/23 134/1513/23
f 927/670/23 1430/146/23 924/663/23
f 226/1176/23 502/144/23 1430/146/23
f 1431/143/24 691/142/24 225/1180/24
f 931/679/24 1431/143/24 928/672/24
f 182/1523/24 456/141/24 1431/143/24
f 1432/140/24 690/139/24 224/1352/24
f 935/688/24 1432/140/24 932/681/24
f 223/1365/24 499/138/24 1432/140/24
f 1433/137/24 567/136/14 104/1468/14
f 939/697/24 1433/137/24 936/690/24
f 222/1182/24 498/135/24 1433/137/24
f 1434/134/24 687/133/24 221/1186/24
f 943/706/24 1434/134/24 940/699/24
f 183/1321/24 457/132/24 1434/134/24
f 1435/131/24 686/130/24 220/1331/24
f 947/715/24 1435/131/24 944/708/24
f 219/1349/24 495/129/24 1435/131/24
f 1436/128/24 600/127/24 137/1359/24
f 951/724/24 1436/128/24 948/717/24
f 218/1188/24 494/126/24 1436/128/24
f 1437/125/24 683/124/24 217/1192/24
f 955/733/24 1437/125/24 952/726/24
f 167/1093/40 441/123/51 1437/125/24
f 1438/122/24 682/121/24 216/1314/24
f 959/742/24 1438/122/24 956/735/24
f 215/1328/24 491/120/24 1438/122/24
f 1439/119/24 601/118/24 138/1522/24
f 963/751/24 1439/119/24 960/744/24
f 214/1194/24 490/117/24 1439/119/24
f 1440/116/25 679/115/25 213/1198/25
f 967/760/25 1440/116/25 964/753/25
f 186/1533/25 460/114/25 1440/116/25
f 1441/113/25 678/112/25 212/1299/25
f 971/769/25 1441/113/25 968/762/25
f 211/1312/25 487/111/25 1441/113/25
f 1442/110/25 435/109/12 161/1553/12
f 975/778/25 1442/110/25 972/771/25
f 210/1200/25 486/108/25 1442/110/25
f 1443/107/25 675/106/25 209/1204/25
f 979/787/25 1443/107/25 976/780/25
f 187/1277/25 461/105/25 1443/107/25
f 1444/104/25 674/103/25 208/1283/25
f 983/796/25 1444/104/25 980/789/25
f 207/1297/25 483/102/25 1444/104/25
f 1445/101/25 604/100/25 141/1306/25
f 987/805/25 1445/101/25 984/798/25
f 206/1206/25 482/99/25 1445/101/25
f 1446/98/25 671/97/25 205/1210/25
f 991/814/25 1446/98/25 988/807/25
f 164/1265/25 438/96/49 1446/98/25
f 1447/95/25 670/94/25 204/1272/25
f 995/823/25 1447/95/25 992/816/25
f 203/1281/25 479/93/25 1447/95/25
f 1448/92/25 605/91/25 142/1532/25
f 999/832/25 1448/92/25 996/825/25
f 202/1212/25 478/90/25 1448/92/25
f 1449/89/26 667/88/26 201/1216/26
f 1003/841/26 1449/89/26 1000/834/26
f 190/1544/26 464/87/26 1449/89/26
f 569/1053/57 34/1116/27 1550/1116/127
f 1189/863/87 1011/862/75 1598/862/149
f 200/1270/26 476/84/26 1450/86/92
f 1/1264/1 383/13/21 1566/13/130
f 581/991/60 1576/991/140 1554/1252/131
f 199/1218/26 475/81/26 1451/83/93
f 1452/80/26 663/79/26 198/1222/26
f 1009/856/26 1452/80/26 1006/849/26
f 191/1244/26 465/78/26 1452/80/26
f 380/10/43 106/1267/32 1552/1267/129
f 46/1157/29 1551/1157/128 1576/991/140
f 197/1262/26 473/75/26 1453/77/94
f 572/1256/59 1190/860/88 1602/860/150
f 1450/86/92 1611/86/146 1586/844/146
f 196/1224/26 472/72/26 1454/74/95
f 583/937/61 1508/937/113 1486/1554/104
f 18/50/18 1481/50/99 1509/1083/99
f 394/1084/46 120/1554/36 1486/1554/104
f 1455/1555/26 659/1236/26 195/1237/26
f 1016/1556/26 1455/1555/26 1013/864/26
f 194/1248/26 469/1251/26 1618/1251/26
f 1456/69/26 609/68/26 145/1543/26
f 1020/879/26 1456/69/26 1017/872/26
f 193/1230/26 468/67/26 1456/69/26
f 5/883/5 1479/883/97 1511/489/114
f 7/1327/7 1480/1327/98 1510/732/105
f 568/1080/56 1506/1080/112 1484/1557/102
f 1457/66/26 656/65/26 192/1269/26
f 1025/893/26 1457/66/26 1022/886/26
f 144/1238/26 418/64/26 1457/66/26
f 1458/63/26 391/62/15 117/1558/15
f 1029/902/26 1458/63/26 1026/895/26
f 143/1540/26 417/61/26 1458/63/26
f 1459/60/25 653/59/25 189/1535/25
f 1033/911/25 1459/60/25 1030/904/25
f 117/1559/15 391/58/15 1459/60/25
f 1460/57/25 652/56/25 188/1311/25
f 1037/920/25 1460/57/25 1034/913/25
f 140/1273/25 414/55/25 1460/57/25
f 1461/54/25 388/53/12 114/1560/12
f 1041/929/25 1461/54/25 1038/922/25
f 139/1529/25 413/52/25 1461/54/25
f 1462/49/96 649/51/24 185/1525/24
f 1045/938/24 1462/49/96 1042/931/24
f 120/1554/36 394/1084/46 1462/49/96
f 1463/48/24 648/47/24 184/1364/24
f 1049/947/24 1463/48/24 1046/940/24
f 136/1315/24 410/46/24 1463/48/24
f 1464/45/24 615/44/14 151/1473/14
f 1053/956/24 1464/45/24 1050/949/24
f 135/1520/24 409/43/24 1464/45/24
f 1465/42/23 645/41/23 181/1516/23
f 1057/965/23 1465/42/23 1054/958/23
f 157/1432/20 621/40/20 1465/42/23
f 1466/39/23 644/38/23 180/1417/23
f 1061/974/23 1466/39/23 1058/967/23
f 132/1368/23 406/37/23 1466/39/23
f 1467/36/23 393/35/17 119/1561/17
f 1065/983/23 1467/36/23 1062/976/23
f 131/1510/23 405/34/23 1467/36/23
f 1468/33/22 641/32/22 177/1506/22
f 1069/992/22 1468/33/22 1066/985/22
f 118/1252/35 392/31/45 1468/33/22
f 1469/30/22 640/29/22 176/1447/22
f 1073/1001/22 1469/30/22 1070/994/22
f 128/1421/22 402/28/22 1469/30/22
f 1470/27/22 614/26/13 150/1296/13
f 1077/1010/22 1470/27/22 1074/1003/22
f 127/1501/22 401/25/22 1470/27/22
f 1471/24/21 637/23/21 173/1496/21
f 1081/1018/21 1471/24/21 1078/1012/21
f 121/1562/19 395/22/19 1471/24/21
f 1472/21/21 636/20/21 172/1487/21
f 1085/1027/21 1472/21/21 1082/1020/21
f 124/1451/21 398/19/21 1472/21/21
f 1473/18/21 612/17/11 148/1438/11
f 1089/1036/21 1473/18/21 1086/1029/21
f 123/1491/21 397/16/21 1473/18/21
f 1474/15/21 624/14/11 160/1428/11
f 1093/1046/79 1474/15/21 1090/1038/21
f 109/1045/34 383/13/21 1474/15/21
f 1475/12/22 626/11/13 162/1280/13
f 1097/1054/22 1475/12/22 1094/1047/22
f 106/1267/32 380/10/43 1475/12/22
f 1476/9/23 381/8/17 107/1563/17
f 1101/1063/23 1476/9/23 1098/1056/23
f 169/1442/20 633/7/20 1476/9/23
f 1477/6/24 627/5/14 163/1458/14
f 1105/1072/24 1477/6/24 1102/1065/24
f 108/1546/33 382/4/44 1477/6/24
f 1478/3/25 376/2/12 102/1564/12
f 1109/1081/25 1478/3/25 1106/1074/25
f 105/1557/25 379/1/42 1478/3/25
f 105/1557/25 1484/1557/102 1497/1/102
f 471/884/54 1504/884/110 1535/882/120
f 1012/1232/76 1521/1232/116 1539/885/110
f 1546/1565/26 1510/1614/105 1480/1566/98
f 1545/1568/26 1509/1613/99 1481/1569/99
f 1544/1571/26 1507/1612/103 1482/1572/100
f 1543/1574/26 1508/1611/113 1483/1575/101
f 1542/1087/111 1515/1610/26 1492/1577/26
f 1541/1249/123 1516/1608/26 1493/1578/26
f 1540/1579/26 1499/1609/99 1486/1580/104
f 1539/885/110 1519/1607/26 1491/1582/26
f 1538/1229/122 1520/1603/26 1494/1583/26
f 1537/1584/26 1498/1606/107 1485/1585/103
f 1536/1233/121 1523/1602/26 1490/1587/26
f 1524/1588/26 1495/1600/26 1525/881/117
f 1534/1589/26 1500/1601/99 1487/1590/99
f 1533/1094/118 1527/1599/26 1484/1592/102
f 1532/1089/119 1528/1597/26 1496/1593/26
f 1531/1594/26 1501/1598/101 1488/1595/105
f 1528/1597/26 1531/1594/26 1530/1596/26
f 1492/1577/26 1514/1576/26 1531/1594/26
f 1514/1576/26 1483/1575/101 1501/1598/101
f 1505/1091/111 1492/1577/26 1528/1597/26
f 1529/1096/118 1496/1593/26 1527/1599/26
f 1524/1588/26 1534/1589/26 1526/1591/26
f 1491/1582/26 1513/1573/26 1534/1589/26
f 1513/1573/26 1482/1572/100 1500/1601/99
f 1504/884/110 1491/1582/26 1524/1588/26
f 1525/881/117 1495/1600/26 1523/1602/26
f 1520/1603/26 1537/1584/26 1522/1586/26
f 1489/1604/106 1511/1605/114 1537/1584/26
f 1511/1605/114 1479/1649/97 1498/1606/107
f 1502/1228/108 1489/1604/106 1520/1603/26
f 1521/1232/116 1494/1583/26 1519/1607/26
f 1516/1608/26 1540/1579/26 1518/1581/26
f 1490/1587/26 1512/1570/26 1540/1579/26
f 1512/1570/26 1481/1569/99 1499/1609/99
f 1503/1250/109 1490/1587/26 1516/1608/26
f 1517/1088/115 1493/1578/26 1515/1610/26
f 1515/1610/26 1543/1574/26 1514/1576/26
f 1493/1578/26 1518/1581/26 1543/1574/26
f 1518/1581/26 1486/1580/104 1508/1611/113
f 1519/1607/26 1544/1571/26 1513/1573/26
f 1494/1583/26 1522/1586/26 1544/1571/26
f 1522/1586/26 1485/1585/103 1507/1612/103
f 1523/1602/26 1545/1568/26 1512/1570/26
f 1495/1600/26 1526/1591/26 1545/1568/26
f 1526/1591/26 1487/1590/99 1509/1613/99
f 1527/1599/26 1546/1565/26 1497/1567/102
f 1496/1593/26 1530/1596/26 1546/1565/26
f 1530/1596/26 1488/1595/105 1510/1614/105
f 1583/1615/26 1560/1645/26 1573/1616/26
f 1584/1618/26 1561/1646/26 1585/1619/26
f 1587/1621/26 1557/1648/133 1579/1622/133
f 1588/1624/26 1562/1644/26 1589/1625/26
f 1591/1627/26 1559/1640/26 1572/1628/26
f 1592/1630/26 1563/1641/26 1593/1631/26
f 1595/1633/26 1555/1647/26 1568/1634/26
f 1596/1636/26 1564/1639/26 1597/1637/26
f 1599/863/149 1598/862/149 1564/1639/26
f 1581/76/144 1599/863/149 1596/1636/26
f 1600/1638/26 1597/1637/26 1554/1252/131
f 1572/1628/26 1600/1638/26 1576/991/140
f 1559/1640/26 1596/1636/26 1600/1638/26
f 1601/1635/26 1568/1634/26 1549/1257/126
f 1597/1637/26 1601/1635/26 1567/31/136
f 1564/1639/26 1595/1633/26 1601/1635/26
f 1602/860/150 1594/859/148 1563/1641/26
f 1575/1256/139 1602/860/150 1592/1630/26
f 1603/1632/26 1593/1631/26 1558/1258/134
f 1566/1643/130 1603/1632/26 1580/570/143
f 1553/1642/130 1592/1630/26 1603/1632/26
f 1604/1629/26 1572/1628/26 1551/1157/128
f 1593/1631/26 1604/1629/26 1571/177/134
f 1563/1641/26 1591/1627/26 1604/1629/26
f 1605/848/151 1590/847/147 1562/1644/26
f 1582/85/145 1605/848/151 1588/1624/26
f 1606/1626/26 1589/1625/26 1552/1267/129
f 1573/1616/26 1606/1626/26 1574/1053/127
f 1560/1645/26 1588/1624/26 1606/1626/26
f 1607/1623/26 1579/1622/133 1548/1253/125
f 1589/1625/26 1607/1623/26 1565/10/135
f 1562/1644/26 1587/1621/26 1607/1623/26
f 1608/845/152 1586/844/146 1561/1646/26
f 1577/73/141 1608/845/152 1584/1618/26
f 1609/1620/26 1585/1619/26 1556/1254/132
f 1568/1634/26 1609/1620/26 1578/381/142
f 1555/1647/26 1584/1618/26 1609/1620/26
f 1610/1617/26 1573/1616/26 1550/1116/127
f 1585/1619/26 1610/1617/26 1569/240/137
f 1561/1646/26 1583/1615/26 1610/1617/26
f 1611/86/146 1582/85/145 1560/1645/26
f 1586/844/146 1611/86/146 1583/1615/26
f 1612/83/153 1570/82/138 1557/1648/133
f 1590/847/147 1612/83/153 1587/1621/26
f 1613/77/154 1581/76/144 1559/1640/26
f 1594/859/148 1613/77/154 1591/1627/26
f 1614/74/155 1577/73/141 1555/1647/26
f 1598/862/149 1614/74/155 1595/1633/26
f 1618/1251/26 1616/1231/26 1622/1236/26
f 1621/71/26 1617/1248/26 1624/1556/26
f 1616/1231/26 1620/878/26 1625/880/26
f 1615/70/26 1621/71/26 1626/1240/26
f 1617/1248/26 1618/1251/26 1627/1555/26
f 1521/1232/116 1539/885/110 1633/885/23
f 1181/880/26 659/1236/26 1622/1236/26
f 469/1251/26 75/1231/26 1616/1231/26
f 1521/1232/116 1012/1232/76 1623/1232/26
f 659/1236/26 1455/1555/26 1627/1555/26
f 1504/884/110 1535/882/120 1631/882/23
f 657/878/26 1181/880/26 1625/880/26
f 1455/1555/26 1016/1556/26 1624/1556/26
f 658/71/26 194/1248/26 1617/1248/26
f 1538/1229/122 1521/1232/116 1630/1232/156
f 1012/1232/76 194/1248/26 1617/1248/26
f 1016/1556/26 1184/1240/26 1626/1240/26
f 1502/1228/108 1538/1229/122 1632/1229/23
f 1184/1240/26 584/1242/31 1619/1242/26
